1bYKs1pksCB9MUxBR6GG3ry2Beg2wvAnp,04_ORIGINAIS,19-25 - Revisão da Resolução 05-2020 - Página.pdf,application/pdf,pdf,179372,2026-03-08T21:55:39.712Z,2026-03-08T07:18:54Z,OUTRO,PDF,DESCONHECIDO,NAO,
10goreJOL01P_FKihB38RWWy1yvRxvOvq,04_ORIGINAIS,RESOLUÇÃO SECRETARIA MUNICIPAL DE URBANISMO E LICENCIAMENTO - SMUL_CTLU Nº 12 DE 10 DE DEZEMBRO DE 2018 « Catálogo de Legislação Municipal.pdf,application/pdf,pdf,81266,2026-03-08T21:55:28.781Z,2026-03-08T07:18:55Z,GOVERNANCA,PDF,DESCONHECIDO,NAO,
18lmJm5fZ91SM-jLfN1PPrt2t50Q8Xu5q,04_ORIGINAIS,04-25 - Arquivamento das Manchas C e G e ID 13 a 17 e 21 a 26 da Res.11-23 - Página.pdf,application/pdf,pdf,116859,2026-03-08T21:54:50.940Z,2026-03-08T07:18:53Z,OUTRO,PDF,DESCONHECIDO,NAO,
1TNFKyhvOSxIz5yFKtwSQ1FmPaKvuXZ01,04_ORIGINAIS,DECRETO Nº 57.565 DE 27 DE DEZEMBRO DE 2016 « Catálogo de Legislação Municipal.pdf,application/pdf,pdf,173199,2026-03-08T21:53:53.310Z,2026-03-08T07:18:54Z,JURIDICO,DECRETO,OFICIAL,NAO,
1kkHLtvpk_QjBbiRelO118JuV_FP7sMvA,04_ORIGINAIS,DECRETO Nº 57.776 DE 7 DE JULHO DE 2017 « Catálogo de Legislação Municipal.pdf,application/pdf,pdf,449142,2026-03-08T21:51:53.279Z,2026-03-08T07:18:54Z,JURIDICO,DECRETO,OFICIAL,NAO,
1FlToxFjzwgm4uy2YUXdvs9cwpR4tcYd8,04_ORIGINAIS,06-25 - Arquivamento dos IDs 42 a 48 da Res. 11-23 - Página (1).pdf,application/pdf,pdf,105352,2026-03-08T21:51:38.439Z,2026-03-08T07:18:53Z,OUTRO,PDF,DESCONHECIDO,NAO,
1P6vahDvu9kMfyWiXCc-2QXh3CwKatf9V,04_ORIGINAIS,04-24 -  Tombamento da Escadaria da Rua Cristiano Viana - Página.pdf,application/pdf,pdf,76019,2026-03-08T21:51:29.266Z,2026-03-08T07:18:53Z,OUTRO,PDF,DESCONHECIDO,NAO,
1jDDOA8Q0kgQJtwveBchWtXDJeRbSk0VA,04_ORIGINAIS,LEI Nº 15.150 DE 6 DE MAIO DE 2010 « Catálogo de Legislação Municipal.pdf,application/pdf,pdf,174736,2026-03-08T21:49:42.216Z,2026-03-08T07:18:54Z,JURIDICO,LEI,OFICIAL,NAO,
1Y6EswGbyLSyVXJnXlmq0TiPptfIuBse3,04_ORIGINAIS,DECRETO Nº 57.443 DE 10 DE NOVEMBRO DE 2016 « Catálogo de Legislação Municipal.pdf,application/pdf,pdf,205469,2026-03-08T21:49:26.984Z,2026-03-08T07:18:54Z,JURIDICO,DECRETO,OFICIAL,NAO,
1Z1zts2lC91OO8g6IyerArLl4mqpY5BZg,04_ORIGINAIS,DECRETO Nº 63.504 DE 14 DE JUNHO DE 2024 « Catálogo de Legislação Municipal.pdf,application/pdf,pdf,286954,2026-03-08T21:49:26.348Z,2026-03-08T07:18:54Z,JURIDICO,DECRETO,OFICIAL,NAO,
18SJrD6WY4wpS1S-MhDjs5bdYHfqzsfn4,04_ORIGINAIS,13-25 - Complemento ao Arquivamento Parcial da Mancha D da Res. 11-23 - Página.pdf,application/pdf,pdf,191834,2026-03-08T21:48:23.648Z,2026-03-08T07:18:53Z,OUTRO,PDF,DESCONHECIDO,NAO,
1usjtf1qTgUcPahQdV-6kv8VbfareHEjF,04_ORIGINAIS,03-25 - Arquivamento da Mancha H da Res.11-23 - Página.pdf,application/pdf,pdf,103945,2026-03-08T21:47:50.112Z,2026-03-08T07:18:53Z,OUTRO,PDF,DESCONHECIDO,NAO,
1lrQkMa4INiEcYuhIOsZJJepdsTw2oAfQ,04_ORIGINAIS,RESOLUÇÃO SECRETARIA MUNICIPAL DE URBANISMO E LICENCIAMENTO - SMUL_CTLU Nº 4 DE 4 DE ABRIL DE 2024 « Catálogo de Legislação Municipal.pdf,application/pdf,pdf,62835,2026-03-08T21:47:13.038Z,2026-03-08T07:18:55Z,GOVERNANCA,PDF,DESCONHECIDO,NAO,
1CoQY81TC96XE4HCZD7F7eb7WQybtaMWP,04_ORIGINAIS,PORTARIA SECRETARIA MUNICIPAL DE URBANISMO E LICENCIAMENTO - SMUL Nº 8 DE 30 DE JANEIRO DE 2025 « Catálogo de Legislação Municipal.pdf,application/pdf,pdf,103551,2026-03-08T21:47:01.699Z,2026-03-08T07:18:54Z,JURIDICO,PORTARIA,OFICIAL,NAO,
1qrPBxCTFDDWYgW-YZaqdkgzeGaNiILIf,04_ORIGINAIS,RESOLUÇÃO SECRETARIA MUNICIPAL DE URBANISMO E LICENCIAMENTO - SMUL_CTLU Nº 1 DE 27 DE FEVEREIRO DE 2023 « Catálogo de Legislação Municipal.pdf,application/pdf,pdf,147706,2026-03-08T21:46:05.108Z,2026-03-08T07:18:54Z,GOVERNANCA,PDF,DESCONHECIDO,NAO,
1F1z_-bxiEjt7BsjGAfSdHmQABD-M25n8,04_ORIGINAIS,DECRETO Nº 59.164 DE 27 DE DEZEMBRO DE 2019 « Catálogo de Legislação Municipal.pdf,application/pdf,pdf,330468,2026-03-08T21:45:27.748Z,2026-03-08T07:18:54Z,JURIDICO,DECRETO,OFICIAL,NAO,
1H1OcCPneTYeZSuP8GAF7SYKqQRHjwpyg,04_ORIGINAIS,DECRETO Nº 60.581 DE 27 DE SETEMBRO DE 2021 « Catálogo de Legislação Municipal.pdf,application/pdf,pdf,103619,2026-03-08T21:44:42.718Z,2026-03-08T07:18:54Z,JURIDICO,DECRETO,OFICIAL,NAO,
1c5qON5MQfnOgsDl5t0p93fwMebzwvjtt,04_ORIGINAIS,01-25 - Arquivamento Parcial das Manchas I e J e ID 50 a 52 da Res.11-23 - Página.pdf,application/pdf,pdf,135992,2026-03-08T21:43:30.874Z,2026-03-08T07:18:53Z,OUTRO,PDF,DESCONHECIDO,NAO,
145KN4G9Oxjex5uZC-06OM8LZ8GeK__Zr,04_ORIGINAIS,10-24 - Tombamento da Escola Panamericana de Artes - Página (1).pdf,application/pdf,pdf,75666,2026-03-08T21:41:53.912Z,2026-03-08T07:18:53Z,OUTRO,PDF,DESCONHECIDO,NAO,
1iVusslVEjpPIOi5HdpmT9iHyRiCVZDI1,04_ORIGINAIS,02-21 - APT  Avenida Angélica 1900.pdf,application/pdf,pdf,251659,2026-03-08T21:41:33.993Z,2026-03-08T07:18:53Z,OUTRO,PDF,DESCONHECIDO,NAO,
1w13Pa5GAetgE8tWj8pWawGHsu1sMIdbg,04_ORIGINAIS,11-25 - Enquandramento como  ZEPEC-APC do Santa Marina Atlético Clube - Página.pdf,application/pdf,pdf,70367,2026-03-08T21:41:32.558Z,2026-03-08T07:18:53Z,TDC,PDF,DESCONHECIDO,NAO,
1CylukyjKYD2Ae7HcXZaCz0SYfcW4DmKm,04_ORIGINAIS,LEI Nº 16.402 DE 22 DE MARÇO DE 2016 « Catálogo de Legislação Municipal.pdf,application/pdf,pdf,1436029,2026-03-08T21:40:42.727Z,2026-03-08T07:18:54Z,JURIDICO,LEI,OFICIAL,NAO,
1A82d3NVQGfrTxuqtQ8FKYeeTR9xkBu-C,04_ORIGINAIS,01-23 - APT - Associação Feminina Beneficente e Instrutiva Analia Franco - Página (1).pdf,application/pdf,pdf,74813,2026-03-08T21:40:25.276Z,2026-03-08T07:18:52Z,OUTRO,PDF,DESCONHECIDO,NAO,
1xCahNIU8rMVew0Oz6ymTa5FnkmjPfBDu,04_ORIGINAIS,LEI Nº 17.104 DE 30 DE MAIO DE 2019 « Catálogo de Legislação Municipal.pdf,application/pdf,pdf,107761,2026-03-08T21:40:17.957Z,2026-03-08T07:18:54Z,JURIDICO,LEI,OFICIAL,NAO,
1NWOhWR0T2CtjlwyB3RVdXv3BAwaHRmR_,04_ORIGINAIS,RESOLUÇÃO SECRETARIA MUNICIPAL DE URBANISMO E LICENCIAMENTO - SMUL_CTLU Nº 12 DE 11 DE NOVEMBRO DE 2021 « Catálogo de Legislação Municipal.pdf,application/pdf,pdf,94002,2026-03-08T21:39:30.856Z,2026-03-08T07:18:55Z,GOVERNANCA,PDF,DESCONHECIDO,NAO,
10Ie5RSr0Cs2FLVPDieAjhBoKo3ILKa9q,04_ORIGINAIS,11-24 - Exclusão de imóveis 05 e 06 do anexo I da Res. 11-23 - Página (1).pdf,application/pdf,pdf,71270,2026-03-08T21:39:21.177Z,2026-03-08T07:18:53Z,OUTRO,PDF,DESCONHECIDO,NAO,
1jea2MDfsN_tBDsCSHB1ISsxLdRdwiCwc,04_ORIGINAIS,Declaração de Potencial Construtivo Passível de Transferência - Secretaria Municipal de Urbanismo e Licenciamento - Prefeitura.pdf,application/pdf,pdf,468616,2026-03-08T21:39:17.640Z,2026-03-08T07:18:54Z,TDC,PDF,OFICIAL,NAO,
1Lp90J4jl7HIGTiVqCG-0X3v49huKYY1s,04_ORIGINAIS,RESOLUÇÃO SECRETARIA MUNICIPAL DE URBANISMO E LICENCIAMENTO - SMUL_CEUSO Nº 141 DE 8 DE FEVEREIRO DE 2021 « Catálogo de Legislação Municipal.pdf,application/pdf,pdf,110267,2026-03-08T21:39:11.880Z,2026-03-08T07:18:55Z,GOVERNANCA,PDF,DESCONHECIDO,NAO,
1YREEIKI3XWuEuuufMnfG22ZJ2jmkaaqe,04_ORIGINAIS,09-24 - Revalidação de Registro do Teatro de Grupo da Cidade - Página.pdf,application/pdf,pdf,75598,2026-03-08T21:39:09.626Z,2026-03-08T07:18:53Z,OUTRO,AUDITORIA,DESCONHECIDO,NAO,
1f88_cm0XtAeQr8eWrLUwxl8ALgyXhK07,04_ORIGINAIS,DECRETO Nº 63.423 DE 21 DE MAIO DE 2024 « Catálogo de Legislação Municipal.pdf,application/pdf,pdf,119333,2026-03-08T21:37:38.472Z,2026-03-08T07:18:54Z,JURIDICO,DECRETO,OFICIAL,NAO,
1VYH3Intrp7pQNisH1QFdUORUFUzW6Uwx,04_ORIGINAIS,Certidão de Uso e Ocupação do Solo - Secretaria Municipal de Urbanismo e Licenciamento - Prefeitura.pdf,application/pdf,pdf,478601,2026-03-08T21:37:24.992Z,2026-03-08T07:18:54Z,OUTRO,PDF,OFICIAL,NAO,
1zKpaOKp2gJMltLrRhdoVQ8lKxRJ-ZX-A,04_ORIGINAIS,06-22 - Patrimônio Cultural Imaterial - Novena solene em honra a Nossa Senhora do Carmo.pdf,application/pdf,pdf,104677,2026-03-08T21:37:23.756Z,2026-03-08T07:18:53Z,OUTRO,PDF,DESCONHECIDO,NAO,
1G_ttVIVNtMIqOPQG8fu2g3_hHIukCmIJ,04_ORIGINAIS,PORTARIA SECRETARIA MUNICIPAL DE LICENCIAMENTO - SEL Nº 15 DE 2 DE MAIO DE 2016 « Catálogo de Legislação Municipal.pdf,application/pdf,pdf,111503,2026-03-08T21:37:20.360Z,2026-03-08T07:18:54Z,JURIDICO,PORTARIA,OFICIAL,NAO,
1eOX5tMfOSdFRb3BiXVL2bgWNY8mGJSwl,04_ORIGINAIS,RESOLUÇÃO SECRETARIA MUNICIPAL DE CULTURA - SMC_CONPRESP Nº 13 DE 13 DE NOVEMBRO DE 2023.pdf,application/pdf,pdf,75890,2026-03-08T21:37:19.061Z,2026-03-08T07:18:54Z,OUTRO,JURISPRUDENCIA,OFICIAL,NAO,
1Ac0OjvMsL8Sm8qRt_qg1CN8o6-0SWTIu,04_ORIGINAIS,PORTARIA SECRETARIA MUNICIPAL DE URBANISMO E LICENCIAMENTO - SMUL Nº 172 DE 10 DE DEZEMBRO DE 2024 « Catálogo de Legislação Municipal.pdf,application/pdf,pdf,150304,2026-03-08T21:37:00.001Z,2026-03-08T07:18:54Z,JURIDICO,PORTARIA,OFICIAL,NAO,
1jLjx7KaU7Vzw9hIEIi9iZU5logyIiNZ9,04_ORIGINAIS,LEI Nº 18.177 DE 25 DE JULHO DE 2024 « Catálogo de Legislação Municipal.pdf,application/pdf,pdf,189974,2026-03-08T21:36:43.927Z,2026-03-08T07:18:54Z,JURIDICO,LEI,OFICIAL,NAO,
1osvhh3nDkxKtDbm1O_9E80iArDRHdeZN,04_ORIGINAIS,DECRETO Nº 63.999 DE 30 DE DEZEMBRO DE 2024 « Catálogo de Legislação Municipal.pdf,application/pdf,pdf,88210,2026-03-08T21:36:27.724Z,2026-03-08T07:18:54Z,JURIDICO,DECRETO,OFICIAL,NAO,
1dn214OeUJ3NOGvzfNSDO3Cxp43rX5Sbm,04_ORIGINAIS,17-25 - Tombamento do Templo Espiritualista de Umbanda São Benedito - Anexo Planta Esquemática - Página.pdf,application/pdf,pdf,305773,2026-03-08T21:35:33.557Z,2026-03-08T07:18:53Z,OUTRO,PDF,DESCONHECIDO,NAO,
1wE9yRMQC9jfdouqsNPjyAFXDpD_tvZyZ,04_ORIGINAIS,"06-24 - Tombamento Antigas Residencias Rua Bela Cintra,954 e Rua Itapeva, 700 - Página (1).pdf",application/pdf,pdf,82641,2026-03-08T21:35:22.329Z,2026-03-08T07:18:53Z,OUTRO,PDF,DESCONHECIDO,NAO,
1JP8dOxt0kuOajeY6Gdo5lGrO92Wc8CuZ,04_ORIGINAIS,DECRETO Nº 59.886 DE 4 DE NOVEMBRO DE 2020 « Catálogo de Legislação Municipal.pdf,application/pdf,pdf,173148,2026-03-08T21:35:04.618Z,2026-03-08T07:18:54Z,JURIDICO,DECRETO,OFICIAL,NAO,
1pwEFC08_Lta6mSS1Ng9h_ws6Mg6rOPl1,04_ORIGINAIS,INSTRUÇÃO NORMATIVA SECRETARIA MUNICIPAL DE URBANISMO E LICENCIAMENTO - SMUL Nº 1 DE 16 DE OUTUBRO DE 2024 « Catálogo de Legislação Municipal.pdf,application/pdf,pdf,202457,2026-03-08T21:34:50.002Z,2026-03-08T07:18:54Z,GOVERNANCA,PDF,DESCONHECIDO,NAO,
1zW5CwH5qbLFvA3G2AKkkerFNh-pkdkAo,04_ORIGINAIS,17-24 - Arquivamento das Manchas E e F da Res.11-23 - Página.pdf,application/pdf,pdf,105806,2026-03-08T21:34:49.246Z,2026-03-08T07:18:53Z,OUTRO,PDF,DESCONHECIDO,NAO,
18vVkPm_0Vk7kzC7BnayljOOct2eKu-de,04_ORIGINAIS,LEI Nº 17.853 DE 29 DE NOVEMBRO DE 2022 « Catálogo de Legislação Municipal.pdf,application/pdf,pdf,100023,2026-03-08T21:33:15.007Z,2026-03-08T07:18:54Z,JURIDICO,LEI,OFICIAL,NAO,
1bE9-IC_oJPYWyaAJEDWVJhTuyMJCnUuN,04_ORIGINAIS,10-25 - APT do Mobiliário Bar Balcão - Página.pdf,application/pdf,pdf,70668,2026-03-08T21:32:25.854Z,2026-03-08T07:18:53Z,OUTRO,PDF,DESCONHECIDO,NAO,
1krPuRE8CgIL1A_Qgnz9E6hix86ADcNRE,04_ORIGINAIS,RESOLUÇÃO SECRETARIA MUNICIPAL DE URBANISMO E LICENCIAMENTO - SMUL_CEUSO Nº 146 DE 27 DE JANEIRO DE 2022 « Catálogo de Legislação Municipal.pdf,application/pdf,pdf,81844,2026-03-08T21:31:23.250Z,2026-03-08T07:18:55Z,GOVERNANCA,PDF,DESCONHECIDO,NAO,
1jIuTt27iX9_BQ8v7CaeGNIcCOkGOPTSW,04_ORIGINAIS,RESOLUÇÃO SECRETARIA MUNICIPAL DE LICENCIAMENTO - SEL_CEUSO Nº 139 DE 27 DE ABRIL DE 2020 « Catálogo de Legislação Municipal.pdf,application/pdf,pdf,86235,2026-03-08T21:31:14.104Z,2026-03-08T07:18:54Z,GOVERNANCA,PDF,DESCONHECIDO,NAO,
1jvIfxMB0z_J_wsaHlPh7FEIk_uC1JguI,04_ORIGINAIS,LEI Nº 18.222 DE 27 DE DEZEMBRO DE 2024 « Catálogo de Legislação Municipal.pdf,application/pdf,pdf,448283,2026-03-08T21:30:09.632Z,2026-03-08T07:18:54Z,JURIDICO,LEI,OFICIAL,NAO,
1-Jps03OGil_74ewnRu1vR1_M6ejooRQx,04_ORIGINAIS,Portal de Serviços e-SAJ3.pdf,application/pdf,pdf,102035,2026-03-08T21:30:06.567Z,2026-03-08T07:18:54Z,OUTRO,PDF,DESCONHECIDO,NAO,
1YDPqKiGpXqWFb-EuF4M2D2Druj17Qww8,04_ORIGINAIS,15-25 - APT do Campo dos Engenheiros - Página.pdf,application/pdf,pdf,57296,2026-03-08T21:29:56.071Z,2026-03-08T07:18:53Z,OUTRO,PDF,DESCONHECIDO,NAO,
1RfpI2IzdymUJdQKrOso6aCBNQMjdieBT,04_ORIGINAIS,DECRETO Nº 58.176 DE 3 DE ABRIL DE 2018 « Catálogo de Legislação Municipal.pdf,application/pdf,pdf,85751,2026-03-08T21:29:45.024Z,2026-03-08T07:18:54Z,JURIDICO,DECRETO,OFICIAL,NAO,
1sjwpqnowxsi0KL3ZaepSJRSY_4IaVbkq,04_ORIGINAIS,PORTARIA SECRETARIA MUNICIPAL DE LICENCIAMENTO - SEL Nº 1 DE 8 DE JANEIRO DE 2020 « Catálogo de Legislação Municipal.pdf,application/pdf,pdf,628934,2026-03-08T21:29:21.451Z,2026-03-08T07:18:54Z,JURIDICO,PORTARIA,OFICIAL,NAO,
1BDZ6bMp6Dq_AqQuZi8dW2cptPFEnvWqI,04_ORIGINAIS,RESOLUÇÃO SECRETARIA MUNICIPAL DE URBANISMO E LICENCIAMENTO - SMUL_CEUSO Nº 138 DE 14 DE JUNHO DE 2021 « Catálogo de Legislação Municipal.pdf,application/pdf,pdf,97421,2026-03-08T21:29:15.039Z,2026-03-08T07:18:55Z,GOVERNANCA,PDF,DESCONHECIDO,NAO,
1qoqZFDEmWrIAM0tvV69k0W4X355rGtqc,04_ORIGINAIS,RESOLUÇÃO SECRETARIA MUNICIPAL DE DESENVOLVIMENTO URBANO - SMDU_CTLU Nº 12 DE 17 DE DEZEMBRO DE 2020 « Catálogo de Legislação Municipal.pdf,application/pdf,pdf,79071,2026-03-08T21:29:13.723Z,2026-03-08T07:18:54Z,GOVERNANCA,PDF,DESCONHECIDO,NAO,
17ws6bYHt7AAJU--iMQIiOqLcSLfWaPOy,04_ORIGINAIS,Portaria CAT 15 de 2003.pdf,application/pdf,pdf,930754,2026-03-08T21:45:27.026Z,2026-03-08T03:14:04Z,JURIDICO,PORTARIA,OFICIAL,NAO,
1zTDvG8eoFpidRraDbnVdKJ6hr4ZzUn7m,04_ORIGINAIS,RESOLUÇÃO SECRETARIA MUNICIPAL DE URBANISMO E LICENCIAMENTO - SMUL_CEUSO Nº 150 DE 22 DE AGOSTO DE 2022 « Catálogo de Legislação Municipal.pdf,application/pdf,pdf,81578,2026-03-08T21:28:40.857Z,2026-03-08T07:18:55Z,GOVERNANCA,PDF,DESCONHECIDO,NAO,
1KeytSrwFBcMCDtYfGwGxVl3B9VimAHLi,04_ORIGINAIS,14-23 -APT Solar Fábio Prado.pdf,application/pdf,pdf,530449,2026-03-08T21:28:39.998Z,2026-03-08T07:18:53Z,OUTRO,PDF,DESCONHECIDO,NAO,
1RaFZ2klOc4gl8XhezZ5Xl-GViFgHpyxn,04_ORIGINAIS,LEI Nº 17.844 DE 14 DE SETEMBRO DE 2022 « Catálogo de Legislação Municipal.pdf,application/pdf,pdf,632288,2026-03-08T21:28:28.998Z,2026-03-08T07:18:54Z,JURIDICO,LEI,OFICIAL,NAO,
189rbsv4OajrYwLGg1TM5n6_5t9bnNjSi,04_ORIGINAIS,DECRETO Nº 58.955 DE 20 DE SETEMBRO DE 2019 « Catálogo de Legislação Municipal.pdf,application/pdf,pdf,199016,2026-03-08T21:26:38.773Z,2026-03-08T07:18:54Z,JURIDICO,DECRETO,OFICIAL,NAO,
1gOF71RR7erWcCvq-_riUOf49_NFgNpGm,04_ORIGINAIS,3-QUADRO_2A_FINAL.docx,application/vnd.openxmlformats-officedocument.wordprocessingml.document,docx,30115,2026-03-08T21:51:27.158Z,2026-03-03T22:50:06Z,OUTRO,DOC_GOOGLE,DESCONHECIDO,NAO,
1fcem5IInkG0K2CmM_6TVBdLQnBU71bmT,04_ORIGINAIS,9-QUADRO_4_FINAL.doc,application/msword,doc,798720,2026-03-08T21:49:43.730Z,2026-03-03T22:52:29Z,OUTRO,OUTRO,DESCONHECIDO,NAO,
1xny9R4bS4fdf-qIalUIcWvEStndhnQfj,04_ORIGINAIS,7-QUADRO_3B_FINAL.doc,application/msword,doc,86016,2026-03-08T21:44:35.737Z,2026-03-03T22:50:47Z,OUTRO,OUTRO,DESCONHECIDO,NAO,
1jSLoTRwnV_R1u12lzeNN3JwOxsiVg_6E,04_ORIGINAIS,12-QUADRO_5_FINAL.doc,application/msword,doc,75776,2026-03-08T21:32:37.358Z,2026-03-03T22:50:10Z,OUTRO,OUTRO,DESCONHECIDO,NAO,
