1fXgLmPgs6M6WhhF4zGQKMyNrzANZ_KbL,01_BRONZE_RAW,dic_area_potencial_e_suspeita_de_contaminacao-arquivo.csv,text/csv,csv,352,2026-03-08T21:50:19.631Z,2026-03-08T04:16:53Z,TDC,TABELA_DADO,DESCONHECIDO,NAO,
1x7IFYqYSMCCSWXO2uhyBfkYiU_JFKKhO,01_BRONZE_RAW,L16642.pdf,application/pdf,pdf,305639,2026-03-08T21:54:04.955Z,2026-03-08T02:24:31Z,OUTRO,PDF,DESCONHECIDO,NAO,
15i1LtWLJ1C-QjGrOe09qDG4JfLjKZsbb,01_BRONZE_RAW,metadadosgeoportal_area_contaminada_reabilitada_svma.csv,text/csv,csv,2967,2026-03-08T21:44:17.669Z,2026-03-08T04:31:52Z,OUTRO,TABELA_DADO,DESCONHECIDO,NAO,
1ksHNwdGJmnxNk6LzNpD0naAU6BWCIXAR,01_BRONZE_RAW,ddf-12.25.xlsx,application/vnd.openxmlformats-officedocument.spreadsheetml.sheet,xlsx,71514,2026-03-08T21:43:48.983Z,2026-03-08T04:36:07Z,OUTRO,PLANILHA,DESCONHECIDO,NAO,
1udRDkieAcGIl8hBxUjPCTgTjlJ6Gi86U,01_BRONZE_RAW,biosampa_geosampa_apas.ods,application/vnd.oasis.opendocument.spreadsheet,ods,3613,2026-03-08T21:43:10.922Z,2026-03-08T04:30:20Z,GEO,PLANILHA,OFICIAL,NAO,
181RfKgW9HTv1f1o8eLrawpVuirYaj8un,01_BRONZE_RAW,dicionario_geosampa_apas_arquivo.csv,text/csv,csv,310,2026-03-08T21:40:17.212Z,2026-03-08T04:29:53Z,GEO,TABELA_DADO,OFICIAL,NAO,
1TV5Yytr1FMbnp46WxFJxCmpF6BA0p45A,01_BRONZE_RAW,area_potencial_e_suspeita_de_contaminacao.ods,application/vnd.oasis.opendocument.spreadsheet,ods,420097,2026-03-08T21:36:49.777Z,2026-03-08T04:17:50Z,TDC,PLANILHA,DESCONHECIDO,NAO,
1tX4ZXBy4P91ikhdlCoFXzR1Gon7Emb_7,01_BRONZE_RAW,metadados_geosampa_apas.ods,application/vnd.oasis.opendocument.spreadsheet,ods,6573,2026-03-08T21:35:30.451Z,2026-03-08T04:30:11Z,GEO,PLANILHA,OFICIAL,NAO,
1VyGAxtyte2C3cbB2Yj6BgoIMo0vlKrwa,01_BRONZE_RAW,dic_area_potencial_e_suspeita_de_contaminacao.ods,application/vnd.oasis.opendocument.spreadsheet,ods,5243,2026-03-08T21:36:02.395Z,2026-03-08T04:16:47Z,TDC,PLANILHA,DESCONHECIDO,NAO,
1FFjDxNlH4ypmegBeH6uKUOQkIlO4DbSd,01_BRONZE_RAW,dic_area_potencial_e_suspeita_de_contaminacao-variaveis.csv,text/csv,csv,1569,2026-03-08T21:33:24.353Z,2026-03-08T04:17:01Z,TDC,TABELA_DADO,DESCONHECIDO,NAO,
11pmgmYHQaDFJaVYyPStrduZW6tbhvdgp,01_BRONZE_RAW,07-20 - APT do Jardim Alfomares - para página.pdf,application/pdf,pdf,440168,2026-03-08T21:52:56.070Z,2026-03-06T22:32:19Z,OUTRO,PDF,DESCONHECIDO,NAO,
1UHRfhQi2I1dGi0xMRjMso5NL8iR1Qluc,01_BRONZE_RAW,15-23 - Tombamento Ex-Officio do Conjunto Visconde de Porto Seguro.pdf,application/pdf,pdf,85061,2026-03-08T21:54:27.846Z,2026-03-06T22:06:29Z,OUTRO,PDF,DESCONHECIDO,NAO,
13SvKhm7v9ffOzcZppyCeNUHAYlF1IKTL,01_BRONZE_RAW,2025_91_Sao Paulo_RAE Igreja Santo Antonio_1765549460684.pdf,application/pdf,pdf,358666,2026-03-08T21:55:45.511Z,2026-03-06T21:43:02Z,OUTRO,PDF,DESCONHECIDO,NAO,
1WNRIOjoVQ0HQp8dYiPoSFcwzoGOLTfb2,01_BRONZE_RAW,2018_30_Sao-Paulo_Tecelagem-de-Seda-Italo-Brasileira_1753238709931.pdf,application/pdf,pdf,433323,2026-03-08T21:54:27.779Z,2026-03-06T22:00:04Z,JURIDICO,PDF,OFICIAL,NAO,
1hPjhtSUnbb4JAA__8YNuHGOYE4ygZT8s,01_BRONZE_RAW,Resolucao 07-23_Mancha dos Bombeiros_MAPA.pdf,application/pdf,pdf,493273,2026-03-08T21:53:47.430Z,2026-03-06T22:08:03Z,GEO,PDF,DESCONHECIDO,NAO,
1rW7mTCERK0cmnqL8JKDYuQz5sc6sJMA5,01_BRONZE_RAW,Resolucao 07-23_Quadro III.pdf,application/pdf,pdf,77229,2026-03-08T21:53:33.424Z,2026-03-06T22:08:09Z,OUTRO,PDF,DESCONHECIDO,NAO,
1AVKdh0au2lR_wK6bobu0l4Nw-EFFx9bb,01_BRONZE_RAW,07-24_-_apt_terreiro_ile_ase_omi_1719499071.pdf,application/pdf,pdf,580806,2026-03-08T21:52:53.540Z,2026-03-06T22:12:22Z,OUTRO,PDF,DESCONHECIDO,NAO,
1JQyuQIFrGYpMRSqSrWJrmwE6S7cKJ4D3,01_BRONZE_RAW,05-23 - ZEPEC- APC - Espaco Itau de cinema Augusta(1).pdf,application/pdf,pdf,119820,2026-03-08T21:52:24.037Z,2026-03-06T22:08:52Z,TDC,PDF,DESCONHECIDO,NAO,
16odWQ_feVhMMKdxnrLFS1iFVpxWpqdlK,01_BRONZE_RAW,2017_36_Sao-Paulo_RAE-Residencias-da-Familia-Ramos-de-Azevedo_1753284677017.pdf,application/pdf,pdf,58709,2026-03-08T21:52:53.018Z,2026-03-06T22:00:59Z,OUTRO,PDF,DESCONHECIDO,NAO,
1k_D6iMkRSRFRLxOZzdCIXaJMx_X4o6J5,01_BRONZE_RAW,re1219aptconjuntovilasoperariasmigliarianexo2ve_1568922998.pdf,application/pdf,pdf,553073,2026-03-08T21:49:40.783Z,2026-03-06T22:32:22Z,OUTRO,PDF,DESCONHECIDO,NAO,
1uSSrRGvx8hYGL_fhirpEG77ZVlNuW5vG,01_BRONZE_RAW,2024_37_Sao-Jose-dos-Campos_RAE-Sanatorio-Vicentina-Aranha_1753230558904.pdf,application/pdf,pdf,215536,2026-03-08T21:52:06.054Z,2026-03-06T21:51:16Z,OUTRO,PDF,DESCONHECIDO,NAO,
1iCrIf1VtnDHbWvQ_aJuzVp3MSICfYNzv,01_BRONZE_RAW,2025_92_Sao Paulo_RAE_Escola de Primeiras Letras_1765548386667.pdf,application/pdf,pdf,537650,2026-03-08T21:51:35.542Z,2026-03-06T21:43:07Z,OUTRO,PDF,DESCONHECIDO,NAO,
1MiPj6-1yMQZO37mf3-9_78aAf_tiJ8zf,01_BRONZE_RAW,Balanco_Financeiro_07JUL2025 (1).pdf,application/pdf,pdf,36161,2026-03-08T21:53:30.317Z,2026-03-06T21:12:48Z,OUTRO,PDF,DESCONHECIDO,NAO,
1oVXTyNKJXzI9FjhuE5J9i9JLm-TMFmYB,01_BRONZE_RAW,06-23_Complexo Esportivo do Ibirapuera(1).pdf,application/pdf,pdf,136204,2026-03-08T21:48:52.701Z,2026-03-06T22:08:46Z,OUTRO,PDF,DESCONHECIDO,NAO,
1sKl8nOOQ1xrMVCKvUBJNZYqhDN8O4k7T,01_BRONZE_RAW,2025_82_Sao Paulo_RAE_Sitio Capao_1765548385626.pdf,application/pdf,pdf,572245,2026-03-08T21:49:17.421Z,2026-03-06T21:42:15Z,OUTRO,PDF,DESCONHECIDO,NAO,
1rIFXCdrWdal2cvuHWk1YsIIx2veNE5Yf,01_BRONZE_RAW,2018_103_Sao-Paulo_Parque-Estadual-Fontes-do-Ipiranga_1753238783798.pdf,application/pdf,pdf,424907,2026-03-08T21:47:55.281Z,2026-03-06T22:00:17Z,OUTRO,PDF,DESCONHECIDO,NAO,
1YYaIQuEx9RJTJfTWrsHPq-mpD7u3nPoj,01_BRONZE_RAW,2025_80_Mogi das Cruzes_RAE Igreja Ordem Primeira e Terceira de Nossa Senhora do Carmo_1765548385222.pdf,application/pdf,pdf,397957,2026-03-08T21:48:39.152Z,2026-03-06T21:42:05Z,OUTRO,PDF,DESCONHECIDO,NAO,
16jKAg1Y4gg70Hh9zvCy6RWaSUyLnLGZ4,01_BRONZE_RAW,re0120aptcomplexodroswaldoteixeiraduartecanindepdf_1580403993.pdf,application/pdf,pdf,521861,2026-03-08T21:43:53.856Z,2026-03-06T22:32:20Z,OUTRO,PDF,DESCONHECIDO,NAO,
1aKzo0XXLJrL9y4K9IBBV2HdWrHcZAJNt,01_BRONZE_RAW,Balanco_Financeiro_08AGO2025.pdf,application/pdf,pdf,36861,2026-03-08T21:49:04.814Z,2026-03-06T21:12:56Z,OUTRO,PDF,DESCONHECIDO,NAO,
1KXbmMbxNmS5k39x6_n8iBfv7FEtSoBfx,01_BRONZE_RAW,2025_83_Sao Paulo_RAE_Residencia Marieta Teixeira de Carvalho_1765548385729.pdf,application/pdf,pdf,309814,2026-03-08T21:46:54.691Z,2026-03-06T21:42:21Z,OUTRO,PDF,DESCONHECIDO,NAO,
1C2DDiRRS_19gE9BLMCndgl1K5cet8EUT,01_BRONZE_RAW,Anexo 1 do D 57_536_2016.pdf,application/pdf,pdf,56512,2026-03-08T21:45:07.798Z,2026-03-06T21:46:16Z,OUTRO,PDF,DESCONHECIDO,NAO,
131ZgKXieZ7x5pYh8RB0l2KxSvl3wK_o8,01_BRONZE_RAW,re1219aptconjuntovilasoperariasmigliarimapa3_1567624297.pdf,application/pdf,pdf,518000,2026-03-08T21:41:42.545Z,2026-03-06T22:32:23Z,GEO,PDF,DESCONHECIDO,NAO,
1582TgSd9AdkKVwt3RhKJmjiprT114dIO,01_BRONZE_RAW,re0118tombamentoquadrilateropinheirospredinhoshipicapdf_1549040068.pdf,application/pdf,pdf,527185,2026-03-08T21:40:34.722Z,2026-03-06T22:32:20Z,OUTRO,PDF,DESCONHECIDO,NAO,
1L9LlsjpgPDwPC3rOP3OtpgfUaH2zgMZ1,01_BRONZE_RAW,2025_88_Sao Paulo_RAE Edificio Esther e Antigo Instituto de Educacao Caetano de Campos_1765548386380.pdf,application/pdf,pdf,272450,2026-03-08T21:43:44.877Z,2026-03-06T21:42:43Z,OUTRO,PDF,DESCONHECIDO,NAO,
138254D0pA8Wl3Idlf4QG7_ivxd4aASxD,01_BRONZE_RAW,Balanco_Financeiro_09SET2025.pdf,application/pdf,pdf,278543,2026-03-08T21:45:29.998Z,2026-03-06T21:13:05Z,OUTRO,PDF,DESCONHECIDO,NAO,
1nmvYdXWV8aUfOL5mdMX5NPY0nGCmhWdj,01_BRONZE_RAW,Resolucao 01_22 CONPRESP.pdf,application/pdf,pdf,102278,2026-03-08T21:40:36.035Z,2026-03-06T22:06:15Z,OUTRO,PDF,OFICIAL,NAO,
1PPPb9CR-BmgNY1r2KZGMuY4h4lYEdJlx,01_BRONZE_RAW,2025_07_Itu_RAE-Pedreira-de-Varvitos_1753229567444.pdf,application/pdf,pdf,417901,2026-03-08T21:41:50.704Z,2026-03-06T21:41:36Z,OUTRO,PDF,DESCONHECIDO,NAO,
1i1hQZSuIeAX2eK-__ftP5n-HYh0KKtY7,01_BRONZE_RAW,2025_19_Sao-Paulo_RAE-Casa-de-Vidro-do-Morumbi_1753229567245.pdf,application/pdf,pdf,383999,2026-03-08T21:41:42.512Z,2026-03-06T21:41:48Z,OUTRO,PDF,DESCONHECIDO,NAO,
1fXLIZsZ4E8R4e-c8X2zI4fgFk2unQ_oO,01_BRONZE_RAW,Balanco_Financeiro_01JAN2025.pdf,application/pdf,pdf,36356,2026-03-08T21:41:59.738Z,2026-03-06T21:11:56Z,OUTRO,PDF,DESCONHECIDO,NAO,
1E-l1kqMPYA72whx3mmVdTn8RX9DzLjE_,01_BRONZE_RAW,2025_08_Sao-Sebastiao_RAE-Casa-da-Esperanca_1753229567334.pdf,application/pdf,pdf,156293,2026-03-08T21:39:32.860Z,2026-03-06T21:41:41Z,OUTRO,PDF,DESCONHECIDO,NAO,
1UCMKHjgeg2BnJppQhshnv692JF6CZw6a,01_BRONZE_RAW,Balanco_Financeiro_11NOV2025.pdf,application/pdf,pdf,36823,2026-03-08T21:41:06.748Z,2026-03-06T21:10:32Z,OUTRO,PDF,DESCONHECIDO,NAO,
15lRWlmUK6qjDRkHAMIQ3N5VSh_bF2nom,01_BRONZE_RAW,Balanco_Financeiro_04ABR2025555.pdf,application/pdf,pdf,86994,2026-03-08T21:40:31.302Z,2026-03-06T21:12:22Z,OUTRO,PDF,DESCONHECIDO,NAO,
1wwrK04csx95h4j76dCDBGZWZ0oRBlKfJ,01_BRONZE_RAW,re0320exclusaoedestherwiltonpaesdealmeidares3792pdf_1600964301.pdf,application/pdf,pdf,666067,2026-03-08T21:34:14.447Z,2026-03-06T22:32:21Z,OUTRO,PDF,DESCONHECIDO,NAO,
1Zo6GxQumWo8mPbwHfY_MgP0CLbMSPXkr,01_BRONZE_RAW,Re0716RegulamentacaoProcedimentosRegistroBensImateriaisPDF_1457716829.pdf,application/pdf,pdf,73503,2026-03-08T21:34:40.730Z,2026-03-06T22:12:35Z,OUTRO,PDF,DESCONHECIDO,NAO,
1hI7sEaV-s4IDKA-jVJIuu4olocrW0niB,01_BRONZE_RAW,re1219aptconjuntovilasoperariasmigliarimapa2_1567624270.pdf,application/pdf,pdf,442051,2026-03-08T21:33:11.502Z,2026-03-06T22:32:22Z,GEO,PDF,DESCONHECIDO,NAO,
1LGQPtXnJrxcV6lRF827f4IZLbAP8qbrb,01_BRONZE_RAW,2025_85_Sao Paulo_RAE_Edificio do Antigo Banco de Sao Paulo_1765548386216.pdf,application/pdf,pdf,326987,2026-03-08T21:36:07.356Z,2026-03-06T21:42:32Z,OUTRO,PDF,DESCONHECIDO,NAO,
1XlPvxBZTh98DpXmRfrciwgbfK_sXpzcu,01_BRONZE_RAW,Balanco_Financeiro_05MAI2025.pdf,application/pdf,pdf,85879,2026-03-08T21:37:05.599Z,2026-03-06T21:12:32Z,OUTRO,PDF,DESCONHECIDO,NAO,
1SpOk6enx5SK1WIbB-NYZjUhebXYD2mKo,01_BRONZE_RAW,2018_24_Sao-Paulo_Casa-a-Rua-Ceara_1753238584741.pdf,application/pdf,pdf,308087,2026-03-08T21:33:53.710Z,2026-03-06T21:59:57Z,OUTRO,PDF,DESCONHECIDO,NAO,
1Jm9O1d6OjFxsBBiy2jor_eA6oNCLTl47,01_BRONZE_RAW,2022_07_Campinas_Conjunto-da-Estacao-Ferroviaria-Guanabara_1753232568474.pdf,application/pdf,pdf,448026,2026-03-08T21:34:06.845Z,2026-03-06T21:51:28Z,OUTRO,PDF,DESCONHECIDO,NAO,
1uBFue3FAuMldOAjadG6OGQgJ_hwX1jzZ,01_BRONZE_RAW,re1019tombamentoetatheodoroaugustoramospdf_1569519957.pdf,application/pdf,pdf,773582,2026-03-08T21:31:19.544Z,2026-03-06T22:32:22Z,OUTRO,PDF,DESCONHECIDO,NAO,
1gO74kxEOwETU9i4tXuXvXd2PJF8Q_yUY,01_BRONZE_RAW,05-20 - Detalhamento do Tombamento do Estádio Conde Rodolfo Crespi - Juventus - item 13 da Res_ 06-16-MAPA.pdf,application/pdf,pdf,168892,2026-03-08T21:30:55.326Z,2026-03-06T22:32:19Z,GEO,PDF,DESCONHECIDO,NAO,
1h2UcP3fY21GiptAMGH6TRQQFA0kENbMc,01_BRONZE_RAW,Resolucao 07-23_Mancha dos Bombeiros.pdf,application/pdf,pdf,91845,2026-03-08T21:31:42.981Z,2026-03-06T22:08:36Z,OUTRO,PDF,DESCONHECIDO,NAO,
1N0EUFGTWDXHiv-f85YYJLuSSDV2BiMWP,01_BRONZE_RAW,12-23 - APT Capela Dom Bosco.pdf,application/pdf,pdf,66658,2026-03-08T21:30:47.255Z,2026-03-06T22:06:50Z,OUTRO,PDF,DESCONHECIDO,NAO,
18DHyCIC4KGit0g0gKHCiARt9N2rn3Tsk,01_BRONZE_RAW,49c99_22_T_Bairro_da_Bela_Vista.pdf,application/pdf,pdf,412003,2026-03-08T21:29:49.986Z,2026-03-06T22:07:45Z,OUTRO,PDF,DESCONHECIDO,NAO,
1TS3VU8dc_MLbRS8QqVOAlCUnoFPfEV82,01_BRONZE_RAW,2019_47_Sao-Paulo_Casa-Guilherme-de-Almeida_1753238121058.pdf,application/pdf,pdf,736890,2026-03-08T21:29:21.376Z,2026-03-06T21:59:47Z,OUTRO,PDF,DESCONHECIDO,NAO,
1yJJAE0jSiYb4n4W6mKcgyUTGznNK2Csg,01_BRONZE_RAW,2025_93_Imaterial_Culturas Circenses_1766063267282.pdf,application/pdf,pdf,202379,2026-03-08T21:29:50.007Z,2026-03-06T21:43:12Z,OUTRO,PDF,DESCONHECIDO,NAO,
1PsZbdvZz9p8FfbBMDX9q7aslwuYmzbki,01_BRONZE_RAW,re2316aptimoveisindicadospelapopulacaozepecrepdf_1561649853.pdf,application/pdf,pdf,324178,2026-03-08T21:26:43.249Z,2026-03-06T22:12:26Z,TDC,PDF,DESCONHECIDO,NAO,
1hvI499-HAVJXaUSeO7df49MTimr93Vfv,01_BRONZE_RAW,2019_49_Sao-Paulo_-Conjunto-de-bens-imoveis-no-bairro-de-Higienopolis_1753238164725.pdf,application/pdf,pdf,279657,2026-03-08T21:26:31.473Z,2026-03-06T21:59:52Z,OUTRO,PDF,DESCONHECIDO,NAO,
15oXlOr9HDD31p8iMtocZt1ssJobPfzp0,01_BRONZE_RAW,Balanco_Financeiro_03MAR2025 (1).pdf,application/pdf,pdf,38188,2026-03-08T21:28:58.302Z,2026-03-06T21:12:13Z,OUTRO,PDF,DESCONHECIDO,NAO,
1UOUVHf0bWqX6t4MmWUmvyWfgQvZw-Acf,01_BRONZE_RAW,ARQUIP _ DOSP - 097088730 - Lei.pdf,application/pdf,pdf,606680,2026-03-08T21:30:25.970Z,2026-03-05T22:02:41Z,JURIDICO,LEI,OFICIAL,NAO,
1wFbfikosjo7NLfKKW3ysq7-_rg_fPIwz,01_BRONZE_RAW,2013 - anual.xls,application/vnd.ms-excel,xls,622592,2026-03-08T21:54:27.823Z,2026-03-04T22:27:04Z,OUTRO,PLANILHA,DESCONHECIDO,NAO,
1aTjhrzX0sLtjS2mNqbV7GnQrLFI230R7,01_BRONZE_RAW,anual2006.xls,application/vnd.ms-excel,xls,844800,2026-03-08T21:53:29.587Z,2026-03-04T22:26:32Z,OUTRO,PLANILHA,DESCONHECIDO,NAO,
1PLToVAT__LVCJ5EEy9Jw6FVmM151ojDz,01_BRONZE_RAW,GatewayPDF.pdf,application/pdf,pdf,31807,2026-03-08T21:51:42.396Z,2026-03-04T22:43:02Z,OUTRO,PDF,DESCONHECIDO,NAO,
1FyTUsQLg93dF31HN4zFSxOBfKGS3n4jk,01_BRONZE_RAW,Ano_2023_SISSEL.xls,application/vnd.ms-excel,xls,986624,2026-03-08T21:50:54.604Z,2026-03-04T22:27:46Z,OUTRO,PLANILHA,DESCONHECIDO,NAO,
112gB_4p-EEggVx_csXsB85tKjHibwTi2,01_BRONZE_RAW,ZEPEC_BIR_INDIC.shx,application/octet-stream,shx,5708,2026-03-08T21:55:49.177Z,2026-03-04T20:36:20Z,GEO,GEO_SHP,DESCONHECIDO,NAO,
1IKawX1YkToowQOnhl2dXrMccrMNuVM3V,01_BRONZE_RAW,2015 - anual.xls,application/vnd.ms-excel,xls,833536,2026-03-08T21:47:25.907Z,2026-03-04T22:27:11Z,OUTRO,PLANILHA,DESCONHECIDO,NAO,
1Y1Z1sTY6TQLix-acoaqCI8uA3Z9m_jnX,01_BRONZE_RAW,ZEPEC_AUE.shx,application/octet-stream,shx,6028,2026-03-08T21:54:12.109Z,2026-03-04T20:36:20Z,GEO,GEO_SHP,DESCONHECIDO,NAO,
1JVec2vaDCQinLra1gK-TSWTUXCKkNoCQ,01_BRONZE_RAW,SIRGAS_SHP_restricaomirantesantana_polygon.dbf,application/octet-stream,dbf,965,2026-03-08T21:50:44.206Z,2026-03-04T20:55:45Z,GEO,GEO_SHP,OFICIAL,NAO,
11lnbT5qceeorqM-5tpInYg71smyjGg8E,01_BRONZE_RAW,2022 (4) (1)(1).xlsx,application/vnd.openxmlformats-officedocument.spreadsheetml.sheet,xlsx,121472,2026-03-08T21:44:44.905Z,2026-03-04T22:28:22Z,OUTRO,PLANILHA,DESCONHECIDO,NAO,
1jipwF8XHTFy6IwoUrJitdnrxabcKCxTX,01_BRONZE_RAW,sissel_ano_2026_01.xls,application/vnd.ms-excel,xls,75776,2026-03-08T21:44:19.711Z,2026-03-04T22:27:59Z,OUTRO,PLANILHA,DESCONHECIDO,NAO,
1aawhNlYKnIqRvb6ntf3YCeCRCXHYPSjb,01_BRONZE_RAW,Cnae_X_Item_Lista_Servicos.pdf,application/pdf,pdf,217983,2026-03-08T21:54:47.075Z,2026-03-04T19:24:10Z,OUTRO,PDF,DESCONHECIDO,NAO,
1fzNAEPxCP6wZ2fT3FRw0W9SrFu8h8z_D,01_BRONZE_RAW,ARQUIP _ DOSP - 148669538 - Decreto.pdf,application/pdf,pdf,152459,2026-03-08T21:44:57.348Z,2026-03-04T21:50:34Z,JURIDICO,DECRETO,OFICIAL,NAO,
1qm9oJyrNN7M4x0I9LEhsJm7lgjCamUet,01_BRONZE_RAW,ZEPEC_BIR_INDIC.shp,application/octet-stream,shp,358660,2026-03-08T21:49:04.779Z,2026-03-04T20:36:20Z,GEO,GEO_SHP,DESCONHECIDO,NAO,
1WLXMzLfHgE9uQSlIOD7WOi33YnBVTntg,01_BRONZE_RAW,sissel_ANO_2024.xlsx,application/vnd.openxmlformats-officedocument.spreadsheetml.sheet,xlsx,553309,2026-03-08T21:38:35.958Z,2026-03-04T22:27:52Z,OUTRO,PLANILHA,DESCONHECIDO,NAO,
1xmMuK8tppRqKxQJFLuGLk1XqVxXfxpMF,01_BRONZE_RAW,SIRGAS_SHP_restricaomirantesantana_polygon.shx,application/octet-stream,shx,108,2026-03-08T21:43:31.585Z,2026-03-04T20:55:45Z,GEO,GEO_SHP,OFICIAL,NAO,
1JPAVDsH2grQh5olubo_3x8PdjGPKu49e,01_BRONZE_RAW,ZEPEC_APP-BIR.shp,application/octet-stream,shp,74568,2026-03-08T21:42:44.032Z,2026-03-04T20:36:20Z,GEO,GEO_SHP,DESCONHECIDO,NAO,
1emNjyu5PdqtCVok0wp8Q1QOjc1QFGWwF,01_BRONZE_RAW,ANUAL - 2022.xlsx,application/vnd.openxmlformats-officedocument.spreadsheetml.sheet,xlsx,614006,2026-03-08T21:35:02.218Z,2026-03-04T22:27:41Z,OUTRO,PLANILHA,DESCONHECIDO,NAO,
1FLSjDp--WERY3W4GKYxi3QIZTunbpCl-,01_BRONZE_RAW,SIRGAS_SHP_restricaomirantesantana_polygon.shp,application/octet-stream,shp,4156,2026-03-08T21:39:12.525Z,2026-03-04T20:55:45Z,GEO,GEO_SHP,OFICIAL,NAO,
1Pyoxr5_i2dC8ZgyfZ9B5v3dMJJdO6ehT,01_BRONZE_RAW,OUAguaBranca31dez18_EstoqueConsumidoOutorga.pdf,application/pdf,pdf,67425,2026-03-08T21:35:18.236Z,2026-03-04T21:48:28Z,TDC,PDF,DESCONHECIDO,NAO,
1-iXEX0iko4y6J4ce-rbj-LbYdSqKYRau,01_BRONZE_RAW,GatewayCertificaPDF (1).pdf,application/pdf,pdf,34772,2026-03-08T21:31:46.124Z,2026-03-04T22:42:53Z,OUTRO,PDF,DESCONHECIDO,NAO,
1O2hyxCH7PdX_2Cr7kZiAYcpi4OaotrF3,01_BRONZE_RAW,anual2007.xls,application/vnd.ms-excel,xls,762880,2026-03-08T21:31:21.564Z,2026-03-04T22:26:36Z,OUTRO,PLANILHA,DESCONHECIDO,NAO,
1T0k3TnVEPUJwiqwmFUbybxZjdxFXsnzb,01_BRONZE_RAW,LEI Nº 16.642 DE 9 DE MAIO DE 2017 « Catálogo de Legislação Municipal.pdf,application/pdf,pdf,458727,2026-03-08T21:42:04.887Z,2026-03-04T19:26:54Z,JURIDICO,LEI,OFICIAL,NAO,
14aGRsZYC9jgmuzhbp_MVtW6qLyBI0HdD,01_BRONZE_RAW,Ano_2026_AD_01.xlsx,application/vnd.openxmlformats-officedocument.spreadsheetml.sheet,xlsx,85329,2026-03-08T21:30:06.548Z,2026-03-04T22:28:50Z,OUTRO,PLANILHA,DESCONHECIDO,NAO,
1hbvmQ21jIuBuLDUMAGL0Axd-FOs00GS3,01_BRONZE_RAW,ARQUIP _ DOSP - 105163385 - Decreto.pdf,application/pdf,pdf,371553,2026-03-08T21:30:29.054Z,2026-03-04T21:19:20Z,JURIDICO,DECRETO,OFICIAL,NAO,
10nAS3KxM2QknS8xilZ8ki1mjjPjhBvM8,01_BRONZE_RAW,ZEPEC_BIR.shp,application/octet-stream,shp,855548,2026-03-08T21:32:38.858Z,2026-03-04T20:36:20Z,GEO,GEO_SHP,DESCONHECIDO,NAO,
1Ddo34cFvApqDZ1r8EH9sEptcuEtP-dYo,01_BRONZE_RAW,Anexo_2024-06501-00.pdf,application/pdf,pdf,951586,2026-03-08T21:34:43.381Z,2026-03-04T19:46:28Z,OUTRO,PDF,DESCONHECIDO,NAO,
19yH4g79eovpO3vyg38RCw0T2i5O-9jFr,01_BRONZE_RAW,ZEPEC_AUE_INDIC.shx,application/octet-stream,shx,164,2026-03-08T21:31:21.545Z,2026-03-04T20:36:20Z,GEO,GEO_SHP,DESCONHECIDO,NAO,
1KjOrkOjNyKxe1PqazwmoDKrjDNy6xDxW,01_BRONZE_RAW,LPUOS_2016_BASE.pdf,application/pdf,pdf,75056,2026-03-08T21:51:02.760Z,2026-03-04T15:19:04Z,OUTRO,PDF,NOSSO,NAO,
1eOPt9eVEVruBRUSSPcEwnubgRjwhoBEE,01_BRONZE_RAW,LPUOS_2024_REVISAO.pdf,application/pdf,pdf,5152,2026-03-08T21:48:58.699Z,2026-03-04T15:19:05Z,OUTRO,PDF,DESCONHECIDO,NAO,
1Vu68uPqbED9l32yXbHm5aZjeiVEucJNY,01_BRONZE_RAW,PDE_2014_BASE.pdf,application/pdf,pdf,75032,2026-03-08T21:45:10.634Z,2026-03-04T15:19:02Z,OUTRO,PDF,NOSSO,NAO,
1QcLsGcdlhlvO4lAOCeDD0mGvuaUjB16z,01_BRONZE_RAW,L10257.pdf,application/pdf,pdf,471164,2026-03-08T21:51:40.470Z,2026-03-03T22:10:39Z,OUTRO,PDF,DESCONHECIDO,NAO,
1jLAWaMOGzA3-VvT8_R_28wCt_USZaKdR,01_BRONZE_RAW,Quadro 6 – Obras de drenagem urbana previstas.pdf,application/pdf,pdf,454902,2026-03-08T21:43:46.928Z,2026-03-03T22:51:48Z,OUTRO,PDF,DESCONHECIDO,NAO,
1cd1jJzh3Dn8YWaAVWiEYiOvu2E4ebt-v,01_BRONZE_RAW,PDE2013_SUBST2_Quadro_8_Residuos_solidos.csv,text/csv,csv,1934,2026-03-08T21:53:33.411Z,2026-03-02T04:13:56Z,OUTRO,TABELA_DADO,DESCONHECIDO,NAO,
13O-mi8Hlysehlf1YdXk-If-cYKGZqcbZ,01_BRONZE_RAW,Auditoria TDC São Paulo_ Memorial de Fundamentação Estratégica.csv,text/csv,csv,1092,2026-03-08T21:52:50.036Z,2026-03-02T04:11:26Z,TDC,AUDITORIA,NOSSO,NAO,
1mdfp0iZLOOAhN6JCbKEOXFIx104b6sCC,01_BRONZE_RAW,PRONUNCIAMENTO SMUL.ATECC.CTLU_001_2024 - Secretaria Municipal de Urbanismo e Licenciamento - Prefeitura.csv,text/csv,csv,2734,2026-03-08T21:47:14.553Z,2026-03-02T04:14:16Z,OUTRO,TABELA_DADO,OFICIAL,NAO,
1Fn-EEK9lRknNu5wQHtLDK3XbMBlvxSrI,01_BRONZE_RAW,Ativação de Zonas de Estruturação (ZEUP e ZEMP) por Particular - Secretaria Municipal de Urbanismo e Licenciamento - Prefeitura.csv,text/csv,csv,1542,2026-03-08T21:46:38.708Z,2026-03-02T04:10:59Z,GEO,TABELA_DADO,OFICIAL,NAO,
1w8qtI330jsoXY-zmpECMBJOSxcnXjBBl,01_BRONZE_RAW,"LEI Nº 13.430 , DE 13 DE SETEMBRO DE 2002 - Secretaria Municipal de Urbanismo e Licenciamento - Prefeitura.csv",text/csv,csv,2245,2026-03-08T21:42:56.822Z,2026-03-02T04:12:14Z,JURIDICO,LEI,OFICIAL,NAO,
1x9411Z0v48-Y3l_fxf4gtmSJgn3Zv9PN,01_BRONZE_RAW,Pedido de Reconhecimento de Complexo de Saúde por Particular - Secretaria Municipal de Urbanismo e Licenciamento - Prefeitura.csv,text/csv,csv,2567,2026-03-08T21:41:17.336Z,2026-03-02T04:14:23Z,OUTRO,CODEX_DOC,OFICIAL,NAO,
1Vq5cQ5gXqM5vy_zfkqv-JzNqt25ks_Q0,01_BRONZE_RAW,PDE2013_SUBST2_Quadro_1_CA_Definicoes.csv,text/csv,csv,1841,2026-03-08T21:39:46.709Z,2026-03-02T04:13:11Z,OUTRO,TABELA_DADO,DESCONHECIDO,NAO,
1xIcuNbNZpbk2vI0-yMN-ps70sPmPXNcE,01_BRONZE_RAW,fila_tdc_5porcento_fundurb_dez_2025-pdf.csv,text/csv,csv,3655,2026-03-08T21:35:17.522Z,2026-03-02T04:15:34Z,TDC,TABELA_DADO,DESCONHECIDO,NAO,
1xIcuNbNZpbk2vI0-yMN-ps70sPmPXNcE,01_BRONZE_RAW,fila_tdc_5porcento_fundurb_dez_2025-pdf.csv,text/csv,csv,3655,2026-03-08T21:35:17.522Z,2026-03-02T04:15:34Z,TDC,TABELA_DADO,DESCONHECIDO,NAO,
19k40PGdV-0ELGPtPVTbCh46x1aUdzCDs,01_BRONZE_RAW,INSTRUÇÃO NORMATIVA SECRETARIA MUNICIPAL DE URBANISMO E LICENCIAMENTO - SMUL Nº 1 DE 16 DE OUTUBRO DE 2024 « Catálogo de Legislação Municipal.csv,text/csv,csv,536,2026-03-08T21:34:57.011Z,2026-03-02T04:12:06Z,GOVERNANCA,TABELA_DADO,DESCONHECIDO,NAO,
1BOY9g5j_aaeQZwEySHNE8rTTTRiElOye,01_BRONZE_RAW,PDE2013_SUBST2_Quadro_6_Fator_planejamento_Fp.csv,text/csv,csv,825,2026-03-08T21:33:54.433Z,2026-03-02T04:13:44Z,OUTRO,TABELA_DADO,DESCONHECIDO,NAO,
1rs3t73fojtSFkBWRJibwlati4dYB30As,01_BRONZE_RAW,fila_tdc_5porcento_fundurb_dez_2025-pdf.pdf,application/pdf,pdf,260270,2026-03-08T21:35:10.335Z,2026-03-02T03:15:20Z,TDC,PDF,DESCONHECIDO,NAO,
1GgREz2l_XmLCGEDCizOEoBLBmxvNWLlV,01_BRONZE_RAW,Certidão de Uso e Ocupação do Solo - Secretaria Municipal de Urbanismo e Licenciamento - Prefeitura.csv,text/csv,csv,3070,2026-03-08T21:30:59.138Z,2026-03-02T04:11:34Z,OUTRO,TABELA_DADO,OFICIAL,NAO,
1S6Z-_JVMyx2AlQdWJqAa4He5Ouyr8tLx,01_BRONZE_RAW,Declaração de Potencial Construtivo Passível de Transferência - Secretaria Municipal de Urbanismo e Licenciamento - Prefeitura.csv,text/csv,csv,2439,2026-03-08T21:30:47.278Z,2026-03-02T04:11:47Z,TDC,TABELA_DADO,OFICIAL,NAO,
1MUlLQfKWPRG5kMphVxwv4mnHzCtp0rx2,01_BRONZE_RAW,PDE2013_SUBST2_Quadro_4_percentuais_ZEIS.csv,text/csv,csv,161,2026-03-08T21:29:31.380Z,2026-03-02T04:13:35Z,OUTRO,TABELA_DADO,DESCONHECIDO,NAO,
1xErLPhBSxI5Co8BRPgWlbuSW6wzfV1B3,01_BRONZE_RAW,RESOLUÇÃO SECRETARIA MUNICIPAL DE URBANISMO E LICENCIAMENTO - SMUL_CTLU Nº 4 DE 4 DE ABRIL DE 2024 « Catálogo de Legislação Municipal.csv,text/csv,csv,30,2026-03-08T21:29:21.432Z,2026-03-02T04:14:33Z,GOVERNANCA,TABELA_DADO,DESCONHECIDO,NAO,
1iGSMj_y_AM7ESx9RorJ_zC30Fb2soPnL,01_BRONZE_RAW,ANEXOS_DO_PL_586_23___SEM_O_MAPA.csv,text/csv,csv,31825,2026-03-08T21:28:46.466Z,2026-03-02T04:10:22Z,GEO,TABELA_DADO,DESCONHECIDO,NAO,
1Zed7m7QB9FSDTb268creYhHLdBbDBQvY,01_BRONZE_RAW,D57536.csv,text/csv,csv,689,2026-03-08T21:28:36.372Z,2026-03-02T04:11:41Z,OUTRO,TABELA_DADO,DESCONHECIDO,NAO,
1AoEP33k_w1zEn_j-3CLR3FESzNMEojXF,01_BRONZE_RAW,Projeto de Intervenção Urbana apresentado por particular - Secretaria Municipal de Urbanismo e Licenciamento - Prefeitura.csv,text/csv,csv,2664,2026-03-08T21:26:30.589Z,2026-03-02T04:14:28Z,OUTRO,TABELA_DADO,OFICIAL,NAO,
1y6hGZp2bEcAfT2IFGOfN8RpbZeB1Gck0,01_BRONZE_RAW,SIRGAS_SHP_setorfiscal.dbf,application/octet-stream,dbf,14482,2026-03-08T21:44:45.527Z,2026-03-01T18:19:56Z,GEO,GEO_SHP,OFICIAL,NAO,
1rLJ1_XmEbZ119VuFqN50cN6vEcEKNtJ7,01_BRONZE_RAW,SIRGAS_SHP_LOTES_43_JARDIM_ANGELA.shx,application/octet-stream,shx,222292,2026-03-08T21:45:26.991Z,2026-03-01T13:10:04Z,GEO,GEO_SHP,OFICIAL,NAO,
1zKRSPoSEfE_L6bj2UX9v6l4ckki5wafU,01_BRONZE_RAW,PDE2013_SUBST2_Quadro_1_CA_Definicoes.pdf,application/pdf,pdf,424098,2026-03-08T21:54:50.177Z,2026-02-27T14:54:17Z,OUTRO,PDF,DESCONHECIDO,NAO,
17SqoE-zG1ifyXojCJh6nyeQFhxVbNwD0,01_BRONZE_RAW,PDE2013_SUBST2_Quadro_12_perimetro_cultural_paulista_luz.pdf,application/pdf,pdf,191540,2026-03-08T21:52:33.265Z,2026-02-27T14:54:17Z,OUTRO,PDF,DESCONHECIDO,NAO,
1qVsYfyGR52qF1IJtMAyAUK240mdLQtlH,01_BRONZE_RAW,PDE2013_SUBST2_Quadro_4_percentuais_ZEIS.pdf,application/pdf,pdf,272219,2026-03-08T21:46:58.315Z,2026-02-27T14:54:17Z,OUTRO,PDF,DESCONHECIDO,NAO,
1y-R4dqF35Qj6eOUOgqhdG3fdfrpasOsA,01_BRONZE_RAW,PDE2013_SUBST2_Quadro_2_CA_Eixos.pdf,application/pdf,pdf,194056,2026-03-08T21:45:55.825Z,2026-02-27T14:54:17Z,OUTRO,PDF,DESCONHECIDO,NAO,
151QV4IMsu4xK0YWXGAWxUwsWSRfT8q84,01_BRONZE_RAW,PDE2013_SUBST2_Quadro_5_ Fator_interesse_social_Fs.pdf,application/pdf,pdf,287426,2026-03-08T21:44:46.202Z,2026-02-27T14:54:17Z,OUTRO,PDF,DESCONHECIDO,NAO,
1kDF5NNgdPGY3UPaPzjXYodohyO7uBEY-,01_BRONZE_RAW,PDE2013_SUBST2_Quadro_3_CA_ZEIS.pdf,application/pdf,pdf,179428,2026-03-08T21:35:53.668Z,2026-02-27T14:54:17Z,OUTRO,PDF,DESCONHECIDO,NAO,
1a-NuGac82ZVHkj2IK9DfvGknkdH1RR0r,01_BRONZE_RAW,PDE2013_SUBST2_Quadro_2A_CA_Macroareas.pdf,application/pdf,pdf,268150,2026-03-08T21:31:23.231Z,2026-02-27T14:54:17Z,OUTRO,PDF,DESCONHECIDO,NAO,
1ql_8ryBTXCbl2Q_QUXLCXOsZ51CQR5LS,01_BRONZE_RAW,SIRGAS_SHP_PLANO_DIRETOR_DRENAGEM.shp,application/octet-stream,shp,193972,2026-03-08T21:45:50.442Z,2026-01-27T20:39:29Z,GEO,GEO_SHP,OFICIAL,NAO,
14tUx_bOOSbSed5QwZayIs9cgWY3x1eNj,01_BRONZE_RAW,SIRGAS_SHP_PLANO_DIRETOR_DRENAGEM.shx,application/octet-stream,shx,1260,2026-03-08T21:30:33.602Z,2026-01-27T20:39:29Z,GEO,GEO_SHP,OFICIAL,NAO,
1CNQOMyyQlWycKHH5wW0PAzXXZ9GjBnAl,01_BRONZE_RAW,SIRGAS_SHP_areaenvoltoriaiphan1.csv,text/csv,csv,786,2026-03-08T21:30:55.343Z,2025-12-07T02:58:53Z,GEO,TABELA_DADO,OFICIAL,NAO,
1ou2b7LD63BKT77fav6ja1ODSYcYazoKC,01_BRONZE_RAW,LEI Nº 18.081 DE 19 DE JANEIRO DE 2024 « Catálogo de Legislação Municipal.pdf,application/pdf,pdf,689893,2026-03-08T21:44:25.934Z,2025-12-04T20:29:35Z,JURIDICO,LEI,OFICIAL,NAO,
13yXSCG-kctJRlgJn1OYrphva0OmF78Te,01_BRONZE_RAW,LEI Nº 16.402.pdf,application/pdf,pdf,531255,2026-03-08T21:45:00.727Z,2025-12-04T20:06:03Z,JURIDICO,LEI,OFICIAL,NAO,
1gFjatTPtuc0hO3nyLX15LfA4snrKI5ew,01_BRONZE_RAW,D57536.pdf,application/pdf,pdf,254792,2026-03-08T21:26:42.345Z,2025-12-04T20:04:17Z,OUTRO,PDF,DESCONHECIDO,NAO,
1PyXW7VSapZrpgVC8L7tVlczDOuHRC_UK,01_BRONZE_RAW,SIRGAS_SHP_LOTES_37_ITAQUERA.shx,application/octet-stream,shx,230276,2026-03-08T21:55:12.873Z,2025-11-30T13:10:44Z,GEO,GEO_SHP,OFICIAL,NAO,
1Z2H5Sp1FJSoxMpKHVas93yJ4KcRh-b7K,01_BRONZE_RAW,SIRGAS_SHP_LOTES_45_JARDIM_PAULISTA.dbf,application/octet-stream,dbf,124006,2026-03-08T21:54:55.818Z,2025-11-30T13:10:52Z,GEO,GEO_SHP,OFICIAL,NAO,
1E2-MDr4G6gPqCcPAwG0pb8J2oy2Hb6mw,01_BRONZE_RAW,SIRGAS_SHP_LOTES_53_MOOCA.dbf,application/octet-stream,dbf,216196,2026-03-08T21:54:47.060Z,2025-11-30T13:10:54Z,GEO,GEO_SHP,OFICIAL,NAO,
1GyaOzzs6K6Gxh5ENGBqLZFHAgj9R5Yl-,01_BRONZE_RAW,SIRGAS_SHP_LOTES_74_SAO_MIGUEL.shx,application/octet-stream,shx,147292,2026-03-08T21:54:42.710Z,2025-11-30T13:10:48Z,GEO,GEO_SHP,OFICIAL,NAO,
1-1tl39Ki32fnMDGJ7Zoy_jn8qrIdE0Hd,01_BRONZE_RAW,SIRGAS_SHP_LOTES_75_SAO_RAFAEL.shx,application/octet-stream,shx,121140,2026-03-08T21:54:09.095Z,2025-11-30T13:10:42Z,GEO,GEO_SHP,OFICIAL,NAO,
1Jx5kRhwLMDsGitpHfMNSeHTAMR8BWSss,01_BRONZE_RAW,SIRGAS_SHP_LOTES_52_MARSILAC.shx,application/octet-stream,shx,9644,2026-03-08T21:53:11.959Z,2025-11-30T13:11:18Z,GEO,GEO_SHP,OFICIAL,NAO,
1F_najOfR9mqEne00HOfgW2bmg37kcn_Y,01_BRONZE_RAW,SIRGAS_SHP_LOTES_16_CAMPO_GRANDE.shx,application/octet-stream,shx,135036,2026-03-08T21:53:08.281Z,2025-11-30T13:10:16Z,GEO,GEO_SHP,OFICIAL,NAO,
1BRmhevWoqCXf3x5V3rehMcTUwZ4hE63c,01_BRONZE_RAW,SIRGAS_SHP_LOTES_82_TUCURUVI.dbf,application/octet-stream,dbf,361021,2026-03-08T21:52:57.259Z,2025-11-30T13:10:28Z,GEO,GEO_SHP,OFICIAL,NAO,
12jmeeI6cNz-3MXaGp7b26ZgxSJYvw20G,01_BRONZE_RAW,SIRGAS_SHP_LOTES_59_PENHA.dbf,application/octet-stream,dbf,439411,2026-03-08T21:52:50.071Z,2025-11-30T13:10:30Z,GEO,GEO_SHP,OFICIAL,NAO,
1OJu7oIjWHqSW7uKj8ETDJMur9w9xbkYn,01_BRONZE_RAW,SIRGAS_SHP_LOTES_94_VILA_SONIA.dbf,application/octet-stream,dbf,266866,2026-03-08T21:52:19.751Z,2025-11-30T13:10:28Z,GEO,GEO_SHP,OFICIAL,NAO,
1eNHcdj0MQVAiGq2Vi12AHaGrfdp5DqJQ,01_BRONZE_RAW,SIRGAS_SHP_LOTES_06_BARRA_FUNDA.shp,application/octet-stream,shp,844620,2026-03-08T21:52:08.620Z,2025-11-30T13:10:50Z,GEO,GEO_SHP,OFICIAL,NAO,
1C0cDbsXt14fVU4sp9EKoD-4IRdJ5qcFm,01_BRONZE_RAW,SIRGAS_SHP_LOTES_73_SAO_MATEUS.shx,application/octet-stream,shx,220076,2026-03-08T21:52:01.761Z,2025-11-30T13:10:22Z,GEO,GEO_SHP,OFICIAL,NAO,
1uJi-iIoEpYVnaCQKY-ugM4scOBj8H4KZ,01_BRONZE_RAW,SIRGAS_SHP_LOTES_61_PERUS.dbf,application/octet-stream,dbf,147391,2026-03-08T21:51:42.409Z,2025-11-30T13:10:26Z,GEO,GEO_SHP,OFICIAL,NAO,
1EgpiN5i0Cs8c3Jkv5bLSOcpdM_z0GxIk,01_BRONZE_RAW,SIRGAS_SHP_LOTES_46_JARDIM_SAO_LUIS.shx,application/octet-stream,shx,242564,2026-03-08T21:51:40.488Z,2025-11-30T13:10:26Z,GEO,GEO_SHP,OFICIAL,NAO,
1B7jTlrr9tD2JXrabsBvSMnJ2nXjnxouv,01_BRONZE_RAW,SIRGAS_SHP_LOTES_71_SANTO_AMARO.shx,application/octet-stream,shx,160516,2026-03-08T21:51:34.033Z,2025-11-30T13:10:32Z,GEO,GEO_SHP,OFICIAL,NAO,
1gnD1s1NnGRh-HvOhz6AkS-W5qnfTUAbH,01_BRONZE_RAW,SIRGAS_SHP_LOTES_83_VILA_ANDRADE.dbf,application/octet-stream,dbf,107461,2026-03-08T21:51:12.175Z,2025-11-30T13:10:38Z,GEO,GEO_SHP,OFICIAL,NAO,
14-Bm20NSRhbRCQ4vQojRvU7D0rAx2T63,01_BRONZE_RAW,SIRGAS_SHP_LOTES_74_SAO_MIGUEL.dbf,application/octet-stream,dbf,276211,2026-03-08T21:51:08.066Z,2025-11-30T13:10:48Z,GEO,GEO_SHP,OFICIAL,NAO,
1E5UYb0JGbHpHI3PqBhTMm1PiGvxT7Ukm,01_BRONZE_RAW,SIRGAS_SHP_LOTES_08_BELEM.shx,application/octet-stream,shx,85676,2026-03-08T21:50:58.018Z,2025-11-30T13:10:56Z,GEO,GEO_SHP,OFICIAL,NAO,
12-qErIBXjIOLrJonpD0kHKFmjttwrGgQ,01_BRONZE_RAW,SIRGAS_SHP_LOTES_32_MOEMA.shx,application/octet-stream,shx,78236,2026-03-08T21:50:22.996Z,2025-11-30T13:11:12Z,GEO,GEO_SHP,OFICIAL,NAO,
1k7uLclFJ4Lz-E7rxph37smbVwRGDtOM8,01_BRONZE_RAW,SIRGAS_SHP_LOTES_49_LIBERDADE.shx,application/octet-stream,shx,55356,2026-03-08T21:50:15.565Z,2025-11-30T13:10:58Z,GEO,GEO_SHP,OFICIAL,NAO,
1Lxt0Bg8XMPpfapxz7nEFp2Xq0HFXGLCj,01_BRONZE_RAW,SIRGAS_SHP_LOTES_60_PERDIZES.dbf,application/octet-stream,dbf,212101,2026-03-08T21:50:06.032Z,2025-11-30T13:10:50Z,GEO,GEO_SHP,OFICIAL,NAO,
13pCoAWsjeOwW0PHTwQ5SDpQtOGJUxf8g,01_BRONZE_RAW,SIRGAS_SHP_LOTES_28_ERMELINO_MATARAZZO.shx,application/octet-stream,shx,130820,2026-03-08T21:48:47.613Z,2025-11-30T13:11:02Z,GEO,GEO_SHP,OFICIAL,NAO,
1A3KifkeolTEuml1RPCcPuYV_C1QlR-OW,01_BRONZE_RAW,SIRGAS_SHP_LOTES_03_ANHANGUERA.dbf,application/octet-stream,dbf,122266,2026-03-08T21:48:45.668Z,2025-11-30T13:10:46Z,GEO,GEO_SHP,OFICIAL,NAO,
1ZFXqpp_eDRwQRxrbQKcUtLy7OPvbJmwM,01_BRONZE_RAW,SIRGAS_SHP_LOTES_03_ANHANGUERA.shx,application/octet-stream,shx,65188,2026-03-08T21:48:36.235Z,2025-11-30T13:10:46Z,GEO,GEO_SHP,OFICIAL,NAO,
1Safn5UlnR_ZrvWRv5orcUnobTElHb2le,01_BRONZE_RAW,SIRGAS_SHP_LOTES_93_VILA_PRUDENTE.shx,application/octet-stream,shx,169652,2026-03-08T21:48:10.064Z,2025-11-30T13:10:20Z,GEO,GEO_SHP,OFICIAL,NAO,
1tpqZlddjF41lwoxzkYXtc3DXcN3KUKBj,01_BRONZE_RAW,SIRGAS_SHP_LOTES_80_TATUAPE.shx,application/octet-stream,shx,146012,2026-03-08T21:48:00.695Z,2025-11-30T13:11:18Z,GEO,GEO_SHP,OFICIAL,NAO,
1GDFRHGJJVcb_GEsdvBmUhCC7mKOkPWdE,01_BRONZE_RAW,SIRGAS_SHP_LOTES_19_CAPAO_REDONDO.shx,application/octet-stream,shx,235148,2026-03-08T21:46:51.811Z,2025-11-30T13:10:50Z,GEO,GEO_SHP,OFICIAL,NAO,
1IArJHODlX2es8I-jNscXqjDFH7G3vCos,01_BRONZE_RAW,SIRGAS_SHP_LOTES_24_CIDADE_LIDER.shx,application/octet-stream,shx,186020,2026-03-08T21:46:23.207Z,2025-11-30T13:10:20Z,GEO,GEO_SHP,OFICIAL,NAO,
12FamZfbrXBK8hgiWUMvks9QzE7S8PwxX,01_BRONZE_RAW,SIRGAS_SHP_LOTES_16_CAMPO_GRANDE.dbf,application/octet-stream,dbf,253231,2026-03-08T21:46:21.846Z,2025-11-30T13:10:16Z,GEO,GEO_SHP,OFICIAL,NAO,
14e1gXQcFt14ui3cCPV-jezzLxew8AgiW,01_BRONZE_RAW,SIRGAS_SHP_LOTES_67_RIO_PEQUENO.shx,application/octet-stream,shx,155164,2026-03-08T21:46:12.132Z,2025-11-30T13:10:38Z,GEO,GEO_SHP,OFICIAL,NAO,
1PS-y2PeMWwrOBIkQBy2f4ujT29oRRyBD,01_BRONZE_RAW,SIRGAS_SHP_LOTES_12_BUTANTA.dbf,application/octet-stream,dbf,199261,2026-03-08T21:45:55.809Z,2025-11-30T13:10:36Z,GEO,GEO_SHP,OFICIAL,NAO,
1jZNA7jE6NVAAnHlCOn_DZt83ew-rUz9h,01_BRONZE_RAW,SIRGAS_SHP_LOTES_38_JABAQUARA.dbf,application/octet-stream,dbf,512431,2026-03-08T21:45:53.704Z,2025-11-30T13:10:22Z,GEO,GEO_SHP,OFICIAL,NAO,
1le3XA2NoqFF6-TVosFNpSVkEyxdsLC0u,01_BRONZE_RAW,SIRGAS_SHP_LOTES_68_SACOMA.dbf,application/octet-stream,dbf,450481,2026-03-08T21:45:34.476Z,2025-11-30T13:10:32Z,GEO,GEO_SHP,OFICIAL,NAO,
1n1D5yBA_L122kxEnrnvlIj_JSsIdDtzA,01_BRONZE_RAW,SIRGAS_SHP_LOTES_42_JARAGUA.shx,application/octet-stream,shx,147636,2026-03-08T21:45:27.008Z,2025-11-30T13:10:34Z,GEO,GEO_SHP,OFICIAL,NAO,
1P9dhk-T0wY48vLenxq0T9ABvOHD5vDHo,01_BRONZE_RAW,SIRGAS_SHP_LOTES_95_SAO_DOMINGOS.dbf,application/octet-stream,dbf,255076,2026-03-08T21:44:21.512Z,2025-11-30T13:10:28Z,GEO,GEO_SHP,OFICIAL,NAO,
1pjicOoLcs0v254JJ9LmUdJw9RmWMWa69,01_BRONZE_RAW,SIRGAS_SHP_LOTES_65_RAPOSO_TAVARES.dbf,application/octet-stream,dbf,202876,2026-03-08T21:44:20.445Z,2025-11-30T13:10:36Z,GEO,GEO_SHP,OFICIAL,NAO,
1vSTN1Y-9D3EUyDvhNwyy7ASOMCR_5OAr,01_BRONZE_RAW,SIRGAS_SHP_LOTES_68_SACOMA.shx,application/octet-stream,shx,240236,2026-03-08T21:44:17.626Z,2025-11-30T13:10:32Z,GEO,GEO_SHP,OFICIAL,NAO,
19AHTcriA3MKDaet8jvTqPpUDjQEn-r5v,01_BRONZE_RAW,SIRGAS_SHP_LOTES_36_ITAIM_PAULISTA.shx,application/octet-stream,shx,248452,2026-03-08T21:43:16.425Z,2025-11-30T13:10:46Z,GEO,GEO_SHP,OFICIAL,NAO,
1HRPJSt_kWPZST7W-7FuVjPyfDwObDKQz,01_BRONZE_RAW,SIRGAS_SHP_LOTES_87_VILA_JACUI.dbf,application/octet-stream,dbf,254866,2026-03-08T21:43:10.936Z,2025-11-30T13:10:52Z,GEO,GEO_SHP,OFICIAL,NAO,
1ls5SyzAWsI14e-idnymR8-bXInte1vZJ,01_BRONZE_RAW,SIRGAS_SHP_LOTES_76_SAPOPEMBA.shx,application/octet-stream,shx,331940,2026-03-08T21:42:32.005Z,2025-11-30T13:10:24Z,GEO,GEO_SHP,OFICIAL,NAO,
1yGzzgSv4d9ArVUIXdidB_dk5JB1XRG1c,01_BRONZE_RAW,SIRGAS_SHP_LOTES_85_VILA_FORMOSA.shx,application/octet-stream,shx,157732,2026-03-08T21:42:13.594Z,2025-11-30T13:10:46Z,GEO,GEO_SHP,OFICIAL,NAO,
1KyF3li4-nDSjIbuJ29YUF30xHKcmS7cT,01_BRONZE_RAW,SIRGAS_SHP_LOTES_86_VILA_GUILHERME.dbf,application/octet-stream,dbf,191506,2026-03-08T21:41:42.530Z,2025-11-30T13:10:42Z,GEO,GEO_SHP,OFICIAL,NAO,
1_hrkay1ILFWFF9SuiA9BLl0OXy2nwdu-,01_BRONZE_RAW,SIRGAS_SHP_LOTES_26_CONSOLACAO.shx,application/octet-stream,shx,28716,2026-03-08T21:41:22.986Z,2025-11-30T13:10:48Z,GEO,GEO_SHP,OFICIAL,NAO,
1xf7eoD40N4zF3tUO2wbOvi3iEL9zcI4S,01_BRONZE_RAW,SIRGAS_SHP_LOTES_29_FREGUESIA_DO_O.shx,application/octet-stream,shx,220180,2026-03-08T21:41:05.491Z,2025-11-30T13:10:14Z,GEO,GEO_SHP,OFICIAL,NAO,
1Vlxhptm85fe6-lw-FoHj4j3tsx35ugV_,01_BRONZE_RAW,SIRGAS_SHP_LOTES_65_RAPOSO_TAVARES.shx,application/octet-stream,shx,108180,2026-03-08T21:40:54.516Z,2025-11-30T13:10:36Z,GEO,GEO_SHP,OFICIAL,NAO,
1drJSUJSuDEZyb_reXIU_qT5eG1t1dkWW,01_BRONZE_RAW,SIRGAS_SHP_LOTES_89_VILA_MARIA.dbf,application/octet-stream,dbf,297961,2026-03-08T21:40:31.330Z,2025-11-30T13:10:54Z,GEO,GEO_SHP,OFICIAL,NAO,
1ESSMgqeeKepAZP0wAxnV0q4r-GykPfmh,01_BRONZE_RAW,SIRGAS_SHP_LOTES_35_ITAIM_BIBI.shx,application/octet-stream,shx,127476,2026-03-08T21:40:20.005Z,2025-11-30T13:10:20Z,GEO,GEO_SHP,OFICIAL,NAO,
1cR6vxtpwWmqPJJQCpTPPpaxMlNyusrVA,01_BRONZE_RAW,SIRGAS_SHP_LOTES_77_SAUDE.shx,application/octet-stream,shx,186564,2026-03-08T21:40:19.234Z,2025-11-30T13:10:30Z,GEO,GEO_SHP,OFICIAL,NAO,
1q3LjfvXRQJi3PMFNYIrr3TGiNTFLJMMU,01_BRONZE_RAW,SIRGAS_SHP_LOTES_78_SE.shp,application/octet-stream,shp,646580,2026-03-08T21:40:09.470Z,2025-11-30T13:10:56Z,GEO,GEO_SHP,OFICIAL,NAO,
1OMBRFv4Tr3Dpt9Icdp_pTmLvXYSS89VP,01_BRONZE_RAW,SIRGAS_SHP_LOTES_96_LAJEADO.shx,application/octet-stream,shx,160964,2026-03-08T21:40:06.752Z,2025-11-30T13:10:16Z,GEO,GEO_SHP,OFICIAL,NAO,
10uU6m5CLurS8iO2wUmyf5VYPyBmwg63K,01_BRONZE_RAW,SIRGAS_SHP_LOTES_02_ALTO_DE_PINHEIROS.shx,application/octet-stream,shx,71716,2026-03-08T21:40:04.543Z,2025-11-30T13:10:30Z,GEO,GEO_SHP,OFICIAL,NAO,
1wQWrBpkFaE71DMB7AWmq5n1XSJ41r2Yw,01_BRONZE_RAW,SIRGAS_SHP_LOTES_18_CANGAIBA.dbf,application/octet-stream,dbf,332311,2026-03-08T21:38:52.869Z,2025-11-30T13:10:44Z,GEO,GEO_SHP,OFICIAL,NAO,
1daB9gvj706I0WYe7gFT7VJB3Vuelv6K-,01_BRONZE_RAW,SIRGAS_SHP_LOTES_27_CURSINO.shx,application/octet-stream,shx,160788,2026-03-08T21:38:50.221Z,2025-11-30T13:10:52Z,GEO,GEO_SHP,OFICIAL,NAO,
1ERm0v-cTnIzu9Vypn86ZCE8QbOj4dhgc,01_BRONZE_RAW,SIRGAS_SHP_LOTES_78_SE.dbf,application/octet-stream,dbf,40876,2026-03-08T21:38:47.055Z,2025-11-30T13:10:56Z,GEO,GEO_SHP,OFICIAL,NAO,
1hEMbsHvaLCyeIsjQBhYYW-VL3bnPvJsp,01_BRONZE_RAW,SIRGAS_SHP_LOTES_84_VILA_CURUCA.shx,application/octet-stream,shx,190188,2026-03-08T21:38:22.878Z,2025-11-30T13:10:48Z,GEO,GEO_SHP,OFICIAL,NAO,
1lQUgxoqHDxUj_IpO3_UGIQl7ZwX4uGOg,01_BRONZE_RAW,SIRGAS_SHP_LOTES_96_LAJEADO.dbf,application/octet-stream,dbf,301846,2026-03-08T21:38:01.799Z,2025-11-30T13:10:16Z,GEO,GEO_SHP,OFICIAL,NAO,
1rygHh5L0TWG3P47fEkQQMdZ9lvLp75Tb,01_BRONZE_RAW,SIRGAS_SHP_LOTES_25_CIDADE_TIRADENTES.dbf,application/octet-stream,dbf,239476,2026-03-08T21:37:16.715Z,2025-11-30T13:10:18Z,GEO,GEO_SHP,OFICIAL,NAO,
1ztHpWN62xCHRVvt6FdmxagicqmXHUrV7,01_BRONZE_RAW,SIRGAS_SHP_LOTES_79_SOCORRO.shx,application/octet-stream,shx,86188,2026-03-08T21:36:27.708Z,2025-11-30T13:10:16Z,GEO,GEO_SHP,OFICIAL,NAO,
1xai6B8S48wNBsvjctPnb4iUzI8umLILI,01_BRONZE_RAW,SIRGAS_SHP_LOTES_01_AGUA_RASA.dbf,application/octet-stream,dbf,315181,2026-03-08T21:35:52.190Z,2025-11-30T13:10:42Z,GEO,GEO_SHP,OFICIAL,NAO,
1zYcvhLYs9xW5G63KjKD3DpvBNMlKeR5P,01_BRONZE_RAW,SIRGAS_SHP_LOTES_56_PARI.dbf,application/octet-stream,dbf,76081,2026-03-08T21:35:37.874Z,2025-11-30T13:10:54Z,GEO,GEO_SHP,OFICIAL,NAO,
1ADwOgInZ5lTtqXqNJrDdFV-up6dE7452,01_BRONZE_RAW,SIRGAS_SHP_LOTES_95_SAO_DOMINGOS.shx,application/octet-stream,shx,136020,2026-03-08T21:35:30.512Z,2025-11-30T13:10:28Z,GEO,GEO_SHP,OFICIAL,NAO,
1COrxY9HOTh4hhkvVnh1duXOgLenlzjr_,01_BRONZE_RAW,SIRGAS_SHP_LOTES_13_CACHOEIRINHA.dbf,application/octet-stream,dbf,263476,2026-03-08T21:35:29.762Z,2025-11-30T13:10:32Z,GEO,GEO_SHP,OFICIAL,NAO,
1S5zJBhEFSPeb27Nwi6hCMflFyKOGZemH,01_BRONZE_RAW,SIRGAS_SHP_LOTES_59_PENHA.shx,application/octet-stream,shx,234332,2026-03-08T21:34:24.405Z,2025-11-30T13:10:30Z,GEO,GEO_SHP,OFICIAL,NAO,
1lGFGMgYqkqQhf8_p3vgR1jUJh7bwBuj5,01_BRONZE_RAW,SIRGAS_SHP_LOTES_66_REPUBLICA.dbf,application/octet-stream,dbf,44956,2026-03-08T21:34:01.705Z,2025-11-30T13:10:54Z,GEO,GEO_SHP,OFICIAL,NAO,
1V-RjMxV4mpQsYQUbfx3PT4CMoHuhcgzC,01_BRONZE_RAW,SIRGAS_SHP_LOTES_06_BARRA_FUNDA.dbf,application/octet-stream,dbf,38191,2026-03-08T21:33:48.325Z,2025-11-30T13:10:50Z,GEO,GEO_SHP,OFICIAL,NAO,
1ZBU5V-IftpZ3g6h96iyrHOxR5HEFsh8U,01_BRONZE_RAW,SIRGAS_SHP_LOTES_83_VILA_ANDRADE.shx,application/octet-stream,shx,57292,2026-03-08T21:33:17.285Z,2025-11-30T13:10:38Z,GEO,GEO_SHP,OFICIAL,NAO,
1TFwIcuoH2D0liYSbmSBG5SfbMqWtXL3M,01_BRONZE_RAW,SIRGAS_SHP_LOTES_66_REPUBLICA.shp,application/octet-stream,shp,749796,2026-03-08T21:33:12.920Z,2025-11-30T13:10:54Z,GEO,GEO_SHP,OFICIAL,NAO,
1c7trzh3odnBB2ljiUfZVvwP1IvZmLlO_,01_BRONZE_RAW,SIRGAS_SHP_LOTES_38_JABAQUARA.shx,application/octet-stream,shx,273276,2026-03-08T21:33:13.613Z,2025-11-30T13:10:22Z,GEO,GEO_SHP,OFICIAL,NAO,
1FkilxEVrdsFXtqj7AJkOWF1lrpKk794E,01_BRONZE_RAW,SIRGAS_SHP_LOTES_24_CIDADE_LIDER.dbf,application/octet-stream,dbf,348826,2026-03-08T21:32:49.849Z,2025-11-30T13:10:20Z,GEO,GEO_SHP,OFICIAL,NAO,
1ymHkir4zDiQpQaWqQcrEp2EPXnUKTA6L,01_BRONZE_RAW,SIRGAS_SHP_LOTES_66_REPUBLICA.shx,application/octet-stream,shx,23956,2026-03-08T21:32:48.362Z,2025-11-30T13:10:54Z,GEO,GEO_SHP,OFICIAL,NAO,
160iFH8x_q_uRIRX2FwXXpikkBIkCf6My,01_BRONZE_RAW,SIRGAS_SHP_LOTES_85_VILA_FORMOSA.dbf,application/octet-stream,dbf,295786,2026-03-08T21:32:46.296Z,2025-11-30T13:10:46Z,GEO,GEO_SHP,OFICIAL,NAO,
1vVDoHXMc8oer0MjTauJSJb46nuy9GYcz,01_BRONZE_RAW,SIRGAS_SHP_LOTES_31_GUAIANASES.shx,application/octet-stream,shx,114508,2026-03-08T21:32:18.149Z,2025-11-30T13:10:58Z,GEO,GEO_SHP,OFICIAL,NAO,
1poA13YlTKuhcz1uDefbpYtndMnUZGM5F,01_BRONZE_RAW,SIRGAS_SHP_LOTES_23_CIDADE_DUTRA.dbf,application/octet-stream,dbf,460441,2026-03-08T21:31:42.152Z,2025-11-30T13:10:26Z,GEO,GEO_SHP,OFICIAL,NAO,
1pJHlGeXdmv9ejGv-_ztLjTpEOX9edYAb,01_BRONZE_RAW,SIRGAS_SHP_LOTES_50_LIMAO.dbf,application/octet-stream,dbf,221176,2026-03-08T21:31:30.366Z,2025-11-30T13:10:16Z,GEO,GEO_SHP,OFICIAL,NAO,
