uso,tipo,tema,oficialidade,nome,path,bytes,drive_id
USAR,TABELA_DADO,IPTU,OFICIAL,iptu-2020-cep01.csv.gz,,14298903,1COZabUyMc_qh3cPnEWXleTyz9j8yE9Uf
COMERCIAL,CODEX_DOC,TDC,NOSSO,Imoveis Tombados e Elegiveis para TDC,,21167,1gS2rONEUKB_0npohXGmnPtNpjB_OkorOuU5bj6gSjLM
COMERCIAL,PLANILHA,TDC,NOSSO,PLANILHA DE IMOVEIS TOMBADOS.xlsx,,297668,17x9sG16MB6USyrJtxfkLhnYoPpHTYvPn
COMERCIAL,PLANILHA,TDC,NOSSO,PLANILHA DE IMOVEIS TOMBADOS,,150364,161jgQYxat_CpJAWBcBKXERufnt7evQbRmaNCE5YUJmo
COMERCIAL,TABELA_DADO,GEO,NOSSO,SIRGAS_SHP_benstombados1.csv,,2704806,14IiO6j8gx2QlA-REiLCAxKftlwxnkK58
COMERCIAL,PLANILHA,GEO,NOSSO,SIRGAS_SHP_benstombados1,,240982,1IQtSyiGWotwnYD79w6EJoN6UxtOJw5EqFxw_yTRjpOs
USAR,LEI,JURIDICO,OFICIAL,LEI  No   16.050,,219028,1MP11ViGMWi9ud69fnlu_y80Q1Py4RGQpaN6JTn6lp68
COMERCIAL,TABELA_DADO,TDC,NOSSO,TDC_ASSET_LIGHT_V8_FULL_20251207_0339.csv,,6445980,1p1eSy3IzTJyqQ7WMsLfpeGuzggClLbbz
COMERCIAL,TABELA_DADO,TDC,NOSSO,BENSTOMBADOS_ENRIQUECIDO_BLINDADO_V2.csv,,3437159,15XDX2-ANBC8EJpWGDdo5J_Ebde5zmM6r
COMERCIAL,PLANILHA,GEO,NOSSO,SIRGAS_SHP_benstombados1,,228315,1_dn94DJY1aZGD0U_iMLuuEje-1lhH1g_CWfOx3_VClo
COMERCIAL,TABELA_DADO,TDC,NOSSO,BASE_TDC_TOMBADOS_FINAL_v1_2.csv,,17182541,1-tPk18j-x0nqnvIzSZ6TCVjH8Y7tS27O
COMERCIAL,TABELA_DADO,TDC,NOSSO,BASE_TDC_TOMBADOS_FINAL_v1_3.csv,,14001147,1jAnX-8OTCJRalskuH6igBWDs0jiD_6jP
COMERCIAL,TABELA_DADO,TDC,NOSSO,BASE_TDC_TOMBADOS_FINAL_v1_3.csv,,13952532,1uzTUwdYN7O_6lY7LeMXT8Q1PJDxzsFTD
COMERCIAL,TABELA_DADO,TDC,NOSSO,BASE_TDC_TOMBADOS_NOTAVEIS_v1_6.csv,,3749480,1jYwO0htt2xCXAw2Y3uGOo-o-7XfWEZtl
COMERCIAL,TABELA_DADO,TDC,NOSSO,INVENTARIO_TDC_FINAL_PRECIFICADO.csv,,499623,1fvJ0HOeX0cNzBr0olv1s7iWbCjeAdsXP
COMERCIAL,TABELA_DADO,TDC,NOSSO,INVENTARIO_TDC_RASTREABILIDADE_COMPLETA.csv,,4120010,1pjyRObWLkKpmLBEnQ0f2rBPMMS5GWSe0
COMERCIAL,TABELA_DADO,TDC,NOSSO,INVENTARIO_TDC_RASTREABILIDADE_TOTAL_V2.csv,,4402190,1j4Ns9uM5sQMvdCSAr1YOGZj20hoiJptO
COMERCIAL,TABELA_DADO,TDC,NOSSO,INVENTARIO_TDC_RASTREABILIDADE_TOTAL_V3.csv,,4432769,1kwym7NmRSzICKJFVjBg2ABqHuvVqgTMV
COMERCIAL,TABELA_DADO,TDC,NOSSO,INVENTARIO_TDC_RASTREABILIDADE_TOTAL_V3_2.csv,,4448223,1FQOFD80y4aanvS7hT2qbYk63zNiH_CX_
COMERCIAL,PLANILHA,TDC,NOSSO,INVENTARIO_TDC_RASTREABILIDADE_TOTAL_V3,,736533,1KmZklDIwf1L99ED8rY0aviEBiI8ClLoQErnLInNWGA4
COMERCIAL,ENGINE_CODIGO,TDC,NOSSO,BASE_TDC_TOMBADOS_FINAL,,25049,1LZIeWG5z43rnEYvlzYO-EdoC2zMMXfMB
COMERCIAL,TABELA_DADO,GEO,NOSSO,SIRGAS_SHP_benstombados1.csv,,2615199,1_y90TcV6LPsDNZorlxJMiAG1_mROjKXS
USAR,TABELA_DADO,IPTU,OFICIAL,IPTU_2026.csv,,937865216,1GOBf3pOYrDATCTOfMHLdbG1Iv82kV7Qt
USAR,LEI,JURIDICO,OFICIAL,lei-federal-6015-1973-etapa-1.tx,,2813,13KLV94UXuly4Z83A9zQlMoGM3SyauvdfeFM9tU_G_js
COMERCIAL,TABELA_DADO,TDC,NOSSO,amostralistaprospeccao.csv,,5524,1Zrwm5Co_--hqbCYlxvvQSiq9AozrsCVD
COMERCIAL,PLANILHA,TDC,NOSSO,PotencialUrbano_ListaProspeccaoZEPEC.xlsx,,203287,1C_H4j1e8aVC9oA4HgRJHxctrRElK2fH0
USAR,DOC_GOOGLE,TDC,NOSSO,# BÍBLIA DA INTELIGÊNCIA DE NEGÓCIOS- HUB TDC-SP (INSTITUTO BAIRRO VIVO),00 — Governança & Índice,3440,1gx0kxXhPcxd7cB0zr94eItvWs2Vo9pSYh50FFuOk_Yc
USAR,RASCUNHO,OUTRO,NOSSO,Todas as 7 páginas renderizaram normalmente.txt,00 — Governança & Índice,7504,1TTtd8pr_t4jFIkW8BLzTXX1-UTmIR-X9
USAR,RASCUNHO,OUTRO,NOSSO,## Extração concluída — 14 arquivos gerados.txt,00 — Governança & Índice,3436,1kfJjK7rN6mwvSNyXG4CIpSf0lpcNf8Sb
USAR,RASCUNHO,TDC,NOSSO,## Extração concluída — 11 arquivos IPTU-TDC.txt,00 — Governança & Índice,12189,1TnUM4z0vC9IqVqtMuFnf0HU0KmkBF33L
USAR,RASCUNHO,OUTRO,NOSSO,Todos os __12 arquivos__ foram baixados com sucesso.txt,00 — Governança & Índice,1179,1B9YUKwtDjLtYVMBBSstnsiJaiOe6zQ45
USAR,RASCUNHO,OUTRO,DESCONHECIDO,s.txt,00 — Governança & Índice,3468,18lqzAEwTh5EK_osq3MndozlrvOmUWrBx
USAR,RASCUNHO,OUTRO,NOSSO,## Downloads concluídos — 15 arquivos.txt,00 — Governança & Índice,32967,14V_6kR6k2v19H0JUlr-Burb2C6idJhFm
USAR,RASCUNHO,OUTRO,DESCONHECIDO,r que.txt,00 — Governança & Índice,13736,1j1LM2I2DNz9GMxKGEfDJO-YD2cJX5bLt
USAR,OUTRO,GOVERNANCA,NOSSO,Contrato de Gestão Comercial e Parceria Estratégica.docx,00 — Governança & Índice,11980,1p-icDGiZbmKcEH_jnyJa52L4yo9z4gWR
USAR,OUTRO,OUTRO,NOSSO,log_extracao_textual_silver_20260307_233509.json,00 — Governança & Índice,162,1WAKYRURg1_Vu3VD29r_hFfV_UFTlEISQ
USAR,FORMULARIO,IPTU,NOSSO,Formulário para levantamento de IPTU.docx,00 — Governança & Índice,13845,1kc3gUMGDJV1m-hkmAWAPsxVWFiu_odN_
USAR,OUTRO,OUTRO,DESCONHECIDO,Todas Versões.docx,00 — Governança & Índice,5255757,1aA_2Qbzg5wlrTp-TdGVnRh7gGPH3PlER
USAR,PDF,OUTRO,DESCONHECIDO,download.pdf,00 — Governança & Índice,107888,1yyMHU4g9aQoWgG_zcckyafBPC-J0wY5r
USAR,PDF,IPTU,OFICIAL,Paulo prédio Libero capa IPTU 2025 Libero Badaro 306 e 310.pdf,00 — Governança & Índice,586378,1RSoqcK42sLTXXMElT-dH-N4j3XIhgtpb
USAR,LEI,JURIDICO,OFICIAL,LEI Nº 18.081 DE 19 DE JANEIRO DE 2024 « Catálogo de Legislação Municipal_02ef41.pdf,01A_BRONZE_OFICIAL,675351,1TnFPHlJyox4ZOSNleoXQf43nFc5HMFwJ
USAR,TABELA_DADO,OUTRO,OFICIAL,Cópia de Enquadramento de Atividade CNAE - Secretaria Municipal de Urbanismo e Licenciamento - Prefeitura.csv,01A_BRONZE_OFICIAL,2450,1QzRX4HAtFh3d4tpSoKUKz0NeGrI7JsU_
USAR,TABELA_DADO,OUTRO,OFICIAL,Cópia de Certidão de Uso e Ocupação do Solo - Secretaria Municipal de Urbanismo e Licenciamento - Prefeitura.csv,01A_BRONZE_OFICIAL,3070,1wYLzQUliz9KAwDUDlAQMtEGi9vO6N9Sa
USAR,TABELA_DADO,TDC,OFICIAL,Cópia de Outorga Onerosa do Direito de Construir - Secretaria Municipal de Urbanismo e Licenciamento - Prefeitura.csv,01A_BRONZE_OFICIAL,3709,17WQ_gjtH_6Xvyxn1pPG2M1f53c9FkPne
USAR,TABELA_DADO,OUTRO,OFICIAL,Cópia de Projeto de Intervenção Urbana apresentado por particular - Secretaria Municipal de Urbanismo e Licenciamento - Prefeitura.csv,01A_BRONZE_OFICIAL,2664,1oWKZR-y27H9uC2ROSOJZW0nk3Plv_9tg
USAR,TABELA_DADO,GEO,OFICIAL,Cópia de SIRGAS_SHP_areaenvoltoriaiphan2.csv,01A_BRONZE_OFICIAL,786,1p55amHpO-cxkOeNNWb4Z4NHHUTZ5vWl-
USAR,PORTARIA,JURIDICO,OFICIAL,PORTARIA SECRETARIA MUNICIPAL DE LICENCIAMENTO - SEL Nº 1 DE 8 DE JANEIRO DE 2020 « Catálogo de Legislação Municipal.pdf,01A_BRONZE_OFICIAL,628934,1jh3QfKo9PyclWnyKM_6hQZOHrHdG33hZ
USAR,TABELA_DADO,GEO,OFICIAL,Cópia de SIRGAS_SHP_areaenvoltoriacondephaat2.csv,01A_BRONZE_OFICIAL,26612,1K3Q1vynKxpIrmZOsH0U32vhH3qwyaMe8
USAR,LEI,JURIDICO,OFICIAL,LEI Nº 17.577 DE 20 DE JULHO DE 2021 « Catálogo de Legislação Municipal.pdf,01A_BRONZE_OFICIAL,217541,1CXGxHaPccEwFgOTV0qBbf5YfhVeN-k92
USAR,LEI,JURIDICO,OFICIAL,LEI Nº 17.202 DE 16 DE OUTUBRO DE 2019 « Catálogo de Legislação Municipal.pdf,01A_BRONZE_OFICIAL,218171,1WizZvQqBvxWLeXIEgtJgqCVyVk8C11t2
USAR,TABELA_DADO,GEO,OFICIAL,Cópia de Ativação de Zonas de Estruturação (ZEUP e ZEMP) por Particular - Secretaria Municipal de Urbanismo e Licenciamento - Prefeitura.csv,01A_BRONZE_OFICIAL,1542,1N9EReiTKJuV8cis2btfVTTPMKBjTQslq
USAR,LEI,JURIDICO,OFICIAL,LEI Nº 16.642 DE 9 DE MAIO DE 2017 « Catálogo de Legislação Municipal_26f02f.pdf,01A_BRONZE_OFICIAL,458825,1ZySMXfFyjU6RVY9j1KY-O7EExiIgHrq0
USAR,PDF,OUTRO,OFICIAL,Transferência do Direito de Construir - Secretaria Municipal de Urbanismo e Licenciamento - Prefeitura2.pdf,01A_BRONZE_OFICIAL,470944,1GvjFsDmdAFgLO8Az40Dysx5-7graqT_c
USAR,LEI,JURIDICO,OFICIAL,LEI Nº 17.844 DE 14 DE SETEMBRO DE 2022 « Catálogo de Legislação Municipal.pdf,01A_BRONZE_OFICIAL,632288,1w8DyiiP_hpVcfd8K2Ogwm9R49Lruxrxa
USAR,DECRETO,JURIDICO,OFICIAL,DECRETO Nº 59.671 DE 7 DE AGOSTO DE 2020 « Catálogo de Legislação Municipal.pdf,01A_BRONZE_OFICIAL,241344,1P6ePzXMuiUqbADByVsS_8ncJfZv4YX5C
USAR,DECRETO,JURIDICO,OFICIAL,DECRETO Nº 60.581 DE 27 DE SETEMBRO DE 2021 « Catálogo de Legislação Municipal.pdf,01A_BRONZE_OFICIAL,103619,1uHF3V1VJ90T618_hSGerDH25rhg3S2Nw
USAR,DECRETO,JURIDICO,OFICIAL,DECRETO Nº 61.137 DE 10 DE MARÇO DE 2022 « Catálogo de Legislação Municipal.pdf,01A_BRONZE_OFICIAL,252219,1voddrf0aWuq0KANTfYiivIMAOhZ7gfMC
USAR,LEI,JURIDICO,OFICIAL,LEI Nº 18.177 DE 25 DE JULHO DE 2024 « Catálogo de Legislação Municipal.pdf,01A_BRONZE_OFICIAL,189974,1EgXHFEMjIEEt-y7uVBhOmxOaWcyH5eTM
USAR,LEI,JURIDICO,OFICIAL,LEI Nº 17.104 DE 30 DE MAIO DE 2019 « Catálogo de Legislação Municipal.pdf,01A_BRONZE_OFICIAL,107761,1dSrpGiNUA1AXwOEJHXn1Uo6jywQwXgeI
USAR,DECRETO,JURIDICO,OFICIAL,DECRETO Nº 59.164 DE 27 DE DEZEMBRO DE 2019 « Catálogo de Legislação Municipal.pdf,01A_BRONZE_OFICIAL,330468,1pXMKxf4maQtoGPxVUEogXyJ_5r3ePpA9
USAR,DECRETO,JURIDICO,OFICIAL,DECRETO Nº 58.176 DE 3 DE ABRIL DE 2018 « Catálogo de Legislação Municipal.pdf,01A_BRONZE_OFICIAL,85751,1PFsCVez35FZDHJ4JetkfyS61kB25YEIQ
USAR,DECRETO,JURIDICO,OFICIAL,DECRETO Nº 62.175 DE 24 DE FEVEREIRO DE 2023 « Catálogo de Legislação Municipal.pdf,01A_BRONZE_OFICIAL,96526,1xiVk-Bdec_2GZtGruxVP8vW4SRZrCJ_R
USAR,LEI,JURIDICO,OFICIAL,RAZÕES DO VETO AO PROJETO DE LEI Nº 272_2015; OFÍCIO DE 22 DE MARÇO DE 2016 « Catálogo de Legislação Municipal.pdf,01A_BRONZE_OFICIAL,110997,1HwtHyg3rGtrYtmYkEKus-WPjV2MSe6LL
USAR,LEI,JURIDICO,OFICIAL,LEI Nº 17.217 DE 23 DE OUTUBRO DE 2019 « Catálogo de Legislação Municipal.pdf,01A_BRONZE_OFICIAL,135450,1ptRtMKioC9MlBIPyWDtM5Tjf-jd1y1nQ
USAR,PORTARIA,JURIDICO,OFICIAL,PORTARIA SECRETARIA MUNICIPAL DE LICENCIAMENTO - SEL Nº 15 DE 2 DE MAIO DE 2016 « Catálogo de Legislação Municipal.pdf,01A_BRONZE_OFICIAL,111503,1mzhWsZzQO5Sg0I4FJxSvOifJPy1J3utB
USAR,DECRETO,JURIDICO,OFICIAL,DECRETO Nº 63.437 DE 23 DE MAIO DE 2024 « Catálogo de Legislação Municipal.pdf,01A_BRONZE_OFICIAL,120595,1yHRfrKnxvyMpPLxxEmbqAFWDd4RtWi0X
USAR,JURISPRUDENCIA,OUTRO,OFICIAL,RESOLUÇÃO SECRETARIA MUNICIPAL DE CULTURA - SMC_CONPRESP Nº 13 DE 13 DE NOVEMBRO DE 2023.pdf,01A_BRONZE_OFICIAL,75890,1nYg8V1uIclOv-___Cwmk1y-errzDyKN2
USAR,DECRETO,JURIDICO,OFICIAL,DECRETO Nº 59.886 DE 4 DE NOVEMBRO DE 2020 « Catálogo de Legislação Municipal.pdf,01A_BRONZE_OFICIAL,173148,1WzWG9ARZWla35cV13ADRN5kbGMdzS8L6
USAR,DECRETO,JURIDICO,OFICIAL,DECRETO Nº 58.707 DE 8 DE ABRIL DE 2019 « Catálogo de Legislação Municipal.pdf,01A_BRONZE_OFICIAL,83784,1j4WY2cGgyf4YWREjl6rY-p8R6i1SjLbz
USAR,JURISPRUDENCIA,GOVERNANCA,OFICIAL,RESOLUÇÃO SECRETARIA MUNICIPAL DE CULTURA - SMC_CONPRESP Nº 22 DE 13 DE DEZEMBRO DE 2002 « Catálogo de Legislação Municipal.pdf,01A_BRONZE_OFICIAL,394373,14MLTz8KJHEQFEzFBeZIq6GBWEk9lahVy
USAR,DECRETO,JURIDICO,OFICIAL,DECRETO Nº 57.299 DE 8 DE SETEMBRO DE 2016 « Catálogo de Legislação Municipal.pdf,01A_BRONZE_OFICIAL,133298,1kMt7NeDDLjC1KM8q3a7xIogoluHweePk
USAR,PORTARIA,JURIDICO,OFICIAL,PORTARIA SECRETARIA MUNICIPAL DE COORDENAÇÃO DAS SUBPREFEITURAS - SMSP Nº 20 DE 3 DE MAIO DE 2016 « Catálogo de Legislação Municipal.pdf,01A_BRONZE_OFICIAL,73660,1YY8ooARP0Cvx0yhB2V-pFsTRoODk9wi7
USAR,DECRETO,JURIDICO,OFICIAL,DECRETO Nº 58.094 DE 21 DE FEVEREIRO DE 2018 « Catálogo de Legislação Municipal.pdf,01A_BRONZE_OFICIAL,170026,1h2wnBNOUg8qSA18ODb0S5XUMkegoQruh
USAR,PDF,OUTRO,OFICIAL,Certidão de Uso e Ocupação do Solo - Secretaria Municipal de Urbanismo e Licenciamento - Prefeitura.pdf,01A_BRONZE_OFICIAL,478601,13PSvk6Lsnmu6YG-8wL5UvmObnI1lQjkR
USAR,PDF,GEO,OFICIAL,Ativação de Zonas de Estruturação (ZEUP e ZEMP) por Particular - Secretaria Municipal de Urbanismo e Licenciamento - Prefeitura.pdf,01A_BRONZE_OFICIAL,446996,1Uln2AYwlQ6z_DVrRk-_YJLqglFQSzy6b
USAR,PLANILHA,GEO,OFICIAL,dicionario_geosampa_apas.xls,01A_BRONZE_OFICIAL,47104,1FyYQII9v4F-80jelDlbE7F8AHIp2r3JN
USAR,TABELA_DADO,GEO,OFICIAL,dicionario_geosampa_apas_arquivo.csv,01A_BRONZE_OFICIAL,310,1XyFuTniKv79LsvIMyB33MC-zWAsamb82
USAR,PLANILHA,GEO,OFICIAL,dicionario_geosampa_apas.ods,01A_BRONZE_OFICIAL,5255,1eyWy-CEs-UV3xidQKRzHFDeqngRr-uXt
USAR,LEI,JURIDICO,OFICIAL,LEI Nº 17.104 DE 30 DE MAIO DE 2019 « Catálogo de Legislação Municipal.md,01A_BRONZE_OFICIAL,8051,1M-_T4MznSlCzznDi0LlT5KIrl-oOj-nK
USAR,DECRETO,JURIDICO,OFICIAL,DECRETO Nº 61.218 DE 6 DE ABRIL DE 2022 « Catálogo de Legislação Municipal.md,01A_BRONZE_OFICIAL,3347,1jwN7nlQVlda0fjSRZrl4ZUAmfgSZjGFJ
USAR,OUTRO,OUTRO,OFICIAL,Transferência do Direito de Construir - Secretaria Municipal de Urbanismo e Licenciamento - Prefeitura.md,01A_BRONZE_OFICIAL,5355,1wftJG1LfFGyXFZcVVKTZA1CtQBLwceD9
USAR,DECRETO,JURIDICO,OFICIAL,DECRETO Nº 63.437 DE 23 DE MAIO DE 2024 « Catálogo de Legislação Municipal.md,01A_BRONZE_OFICIAL,6628,17Uz_dRQRDG6j4_d9Wvrg-lqwCe5UQqoF
USAR,OUTRO,OUTRO,OFICIAL,Resolucao 01_22 CONPRESP.md,01A_BRONZE_OFICIAL,2555,1lKHOf1oOKA8P3VFMIyn5Rg1gkqNP-S7D
USAR,DECRETO,JURIDICO,OFICIAL,DECRETO Nº 57.536 DE 15 DE DEZEMBRO DE 2016 « Catálogo de Legislação Municipal.md,01A_BRONZE_OFICIAL,29286,1JWj2XjsgciDYc0cIUmvoj06NdJhyI__J
USAR,OUTRO,OUTRO,OFICIAL,16-25 - Complementação da Resolução nº 54-CONPRESP-2018 - Página.md,01A_BRONZE_OFICIAL,5234,15z_qf7qbXsoLRec695bohO8d9ltNcOXd
USAR,LEI,JURIDICO,OFICIAL,Lei nº 11.428.pdf,01A_BRONZE_OFICIAL,206696,1dnY979YajZpyBQYHai9CZ2vB4B8OznRd
USAR,LEI,JURIDICO,OFICIAL,LEI Nº 16.642 DE 9 DE MAIO DE 2017 « Catálogo de Legislação Municipal.md,01A_BRONZE_OFICIAL,105456,1jjj8_IaPCtsywI4aPMUjnDU6KDmyFX7P
USAR,DECRETO,JURIDICO,OFICIAL,DECRETO Nº 58.028 DE 11 DE DEZEMBRO DE 2017 « Catálogo de Legislação Municipal.md,01A_BRONZE_OFICIAL,10705,1dZS23-fHCBC66ZeKNTss_eEsMKh1a3H_
USAR,OUTRO,TDC,OFICIAL,Certidão de Transferência de Potencial Construtivo - Secretaria Municipal de Urbanismo e Licenciamento - Prefeitura.md,01A_BRONZE_OFICIAL,11576,1Sg1tn5U6kArOIbJBu5Us0qa94VOBJJjZ
USAR,JURISPRUDENCIA,OUTRO,DESCONHECIDO,Resolucao 04 CONSPRESP 2023.md,01A_BRONZE_OFICIAL,4178,1Hl0w-rHCI4Zx77KC27a1MU7h1zxcNHR1
USAR,DECRETO,JURIDICO,OFICIAL,DECRETO Nº 57.299 DE 8 DE SETEMBRO DE 2016 « Catálogo de Legislação Municipal.md,01A_BRONZE_OFICIAL,16864,1TDPQ35YM8YUov_1z74UBVyktaL_8KzGG
USAR,LEI,JURIDICO,OFICIAL,2014-07-31 - LEI 16050 - PLANO DIRETOR ESTRATÉGICO.pdf,01A_BRONZE_OFICIAL,927810,1TKO4COT_45FRS15eGx54u4FZknCyG2x3
USAR,DECRETO,JURIDICO,OFICIAL,DECRETO Nº 59.164 DE 27 DE DEZEMBRO DE 2019 « Catálogo de Legislação Municipal.md,01A_BRONZE_OFICIAL,69069,1ktZD3GbZjVPhQMlN14ltsDkZvEsjNa14
USAR,DECRETO,JURIDICO,OFICIAL,DECRETO Nº 62.175 DE 24 DE FEVEREIRO DE 2023 « Catálogo de Legislação Municipal.md,01A_BRONZE_OFICIAL,3436,1bvhewQrVl-e82-ridYWnj7TiAC2_yvas
USAR,LEI,JURIDICO,OFICIAL,LEI Nº 17.734 DE 11 DE JANEIRO DE 2022 « Catálogo de Legislação Municipal.md,01A_BRONZE_OFICIAL,85351,1NVkB5C1QrUHl14xzzVImrQwtJUbQPh3C
USAR,DECRETO,JURIDICO,OFICIAL,DECRETO Nº 61.137 DE 10 DE MARÇO DE 2022 « Catálogo de Legislação Municipal.md,01A_BRONZE_OFICIAL,52029,1kCSOEIOYs0LwXL_Wj7AxOcvwFYXnHg2w
USAR,DECRETO,JURIDICO,OFICIAL,DECRETO Nº 57.443 DE 10 DE NOVEMBRO DE 2016 « Catálogo de Legislação Municipal.pdf,01A_BRONZE_OFICIAL,205469,1TLHUc3nOpFQjaPcBbSboM0SaBPAMQRQ-
USAR,LEI,JURIDICO,OFICIAL,LEI Nº 18.222 DE 27 DE DEZEMBRO DE 2024 « Catálogo de Legislação Municipal.pdf,01A_BRONZE_OFICIAL,448283,12R8cQdirZ-23oFpw5QMp9scI5Xon2LYQ
USAR,PORTARIA,JURIDICO,OFICIAL,PORTARIA SECRETARIA MUNICIPAL DE LICENCIAMENTO - SEL Nº 1 DE 8 DE JANEIRO DE 2020 « Catálogo de Legislação Municipal.md,01A_BRONZE_OFICIAL,195892,1zw4K2YC_bl3SeMwfEN54EoWKBR4bsu1j
USAR,LEI,JURIDICO,OFICIAL,LEI Nº 18.209 DE 20 DE DEZEMBRO DE 2024 « Catálogo de Legislação Municipal.md,01A_BRONZE_OFICIAL,10207,1U314C4QvnpwfwPseJh_RFxRI0NolWgQn
USAR,LEI,JURIDICO,OFICIAL,LEI Nº 18.177 DE 25 DE JULHO DE 2024 « Catálogo de Legislação Municipal.md,01A_BRONZE_OFICIAL,24053,1kLnRxB5QY9tbavj3Y_Y2sziEkrp8Axru
USAR,LEI,JURIDICO,OFICIAL,RAZÕES DO VETO AO PROJETO DE LEI Nº 272_2015; OFÍCIO DE 22 DE MARÇO DE 2016 « Catálogo de Legislação Municipal.md,01A_BRONZE_OFICIAL,14139,1OjzVUUiV-_2exCEV1pualiBiPFId8LQl
USAR,LEI,JURIDICO,OFICIAL,LEI Nº 17.853 DE 29 DE NOVEMBRO DE 2022 « Catálogo de Legislação Municipal.md,01A_BRONZE_OFICIAL,5569,14Ab42FfP5Qv0QNXrrPMxjXkgZ2q3ykrz
USAR,DECRETO,JURIDICO,OFICIAL,DECRETO Nº 63.999 DE 30 DE DEZEMBRO DE 2024 « Catálogo de Legislação Municipal.pdf,01A_BRONZE_OFICIAL,88210,1xnQrFzNiOffhTc_dsyDWg1HGnM_igQA9
USAR,DECRETO,JURIDICO,OFICIAL,DECRETO Nº 57.521 DE 9 DE DEZEMBRO DE 2016 « Catálogo de Legislação Municipal.pdf,01A_BRONZE_OFICIAL,284774,1cr7N8-nI_QCaVWOR5kOLwSqOlzMs-Gzw
USAR,LEI,JURIDICO,OFICIAL,LEI Nº 17.734 DE 11 DE JANEIRO DE 2022 « Catálogo de Legislação Municipal.pdf,01A_BRONZE_OFICIAL,372123,1pEoKbmA9lZuSQJwFiZ8vNA0e1zfLLAPl
USAR,DECRETO,JURIDICO,OFICIAL,DECRETO Nº 59.163 DE 27 DE DEZEMBRO DE 2019 « Catálogo de Legislação Municipal.md,01A_BRONZE_OFICIAL,17029,1B1JMkAWvYR_6yMd30uYGOU5GgTLWyUiC
USAR,LEI,JURIDICO,OFICIAL,LEI Nº 17.975 DE 8 DE JULHO DE 2023 « Catálogo de Legislação Municipal.md,01A_BRONZE_OFICIAL,165106,19esel-ImJsFHVJC7HXKkL-M-MS_vycf2
USAR,LEI,JURIDICO,OFICIAL,LEI Nº 16.402.md,01A_BRONZE_OFICIAL,203470,1nmikPteuqXFt_aJX4CFBOylQ5PHvrSvl
USAR,DECRETO,JURIDICO,OFICIAL,DECRETO Nº 63.423 DE 21 DE MAIO DE 2024 « Catálogo de Legislação Municipal.md,01A_BRONZE_OFICIAL,13306,1lPRxlroj0anA6gBLCCmuJFjRFqywoiyY
USAR,LEI,JURIDICO,OFICIAL,LEI Nº 16.050 DE 31 DE JULHO DE 2014 « Catálogo de Legislação Municipal (1).pdf,01A_BRONZE_OFICIAL,2656698,1HbjNzkr-3MvXSS2Tfzxf9k_CMiiCtGwg
USAR,LEI,JURIDICO,OFICIAL,LEI Nº 18.209 DE 20 DE DEZEMBRO DE 2024 « Catálogo de Legislação Municipal.pdf,01A_BRONZE_OFICIAL,121605,1n_JayRBtRQwFln-I9w4ZIkkD-CmzDzeR
USAR,PORTARIA,JURIDICO,OFICIAL,PORTARIA SECRETARIA MUNICIPAL DE URBANISMO E LICENCIAMENTO - SMUL Nº 8 DE 30 DE JANEIRO DE 2025 « Catálogo de Legislação Municipal.pdf,01A_BRONZE_OFICIAL,103551,1K5cfQ5MdIBZ1fWEBaHHR1bZgX3m65A3D
USAR,PDF,OUTRO,OFICIAL,16-25 - Complementação da Resolução nº 54-CONPRESP-2018 - Página.pdf,01A_BRONZE_OFICIAL,181413,17vfCX5S0PkVezjgFnXODzX-4N34wDzSS
USAR,PORTARIA,JURIDICO,OFICIAL,PORTARIA SECRETARIA MUNICIPAL DE URBANISMO E LICENCIAMENTO - SMUL Nº 8 DE 30 DE JANEIRO DE 2025 « Catálogo de Legislação Municipal.md,01A_BRONZE_OFICIAL,2833,1MImnzxA1r2BlbBV4Mwp5G2BN_MethYOy
USAR,DECRETO,JURIDICO,OFICIAL,DECRETO Nº 63.423 DE 21 DE MAIO DE 2024 « Catálogo de Legislação Municipal.pdf,01A_BRONZE_OFICIAL,119333,1sas8ydB1sScHcaayEUnzTfu9u86ewTBn
USAR,DECRETO,JURIDICO,OFICIAL,DECRETO Nº 57.521 DE 9 DE DEZEMBRO DE 2016 « Catálogo de Legislação Municipal.md,01A_BRONZE_OFICIAL,35345,1cLcR-dIBzxaN33NUOlbdiWKrdSEnWL5D
USAR,DECRETO,JURIDICO,OFICIAL,DECRETO Nº 63.504 DE 14 DE JUNHO DE 2024 « Catálogo de Legislação Municipal.pdf,01A_BRONZE_OFICIAL,286954,1gjqGha6h6sccH46PLU6gg-kNLTsYcQML
USAR,DECRETO,JURIDICO,OFICIAL,DECRETO Nº 58.707 DE 8 DE ABRIL DE 2019 « Catálogo de Legislação Municipal.md,01A_BRONZE_OFICIAL,5080,1sfx3o8V5o2C9nAbX-ICwwkpzhQozpemd
USAR,LEI,JURIDICO,OFICIAL,LEI Nº 15.723 DE 24 DE ABRIL DE 2013 « Catálogo de Legislação Municipal.pdf,01A_BRONZE_OFICIAL,117399,13A_iif0Gqrnir_ekSK4EgK10Ep2yKA3y
USAR,DECRETO,JURIDICO,OFICIAL,DECRETO Nº 58.955 DE 20 DE SETEMBRO DE 2019 « Catálogo de Legislação Municipal.md,01A_BRONZE_OFICIAL,32700,1_HCxp_3feAF1Ncjy9j6fU-CzTOG37rJh
USAR,OUTRO,OUTRO,OFICIAL,Certidão de Uso e Ocupação do Solo - Secretaria Municipal de Urbanismo e Licenciamento - Prefeitura.md,01A_BRONZE_OFICIAL,7090,1xZ8n-eUJ053GxXWr7BGbLWX7SIJ00URf
USAR,DECRETO,JURIDICO,OFICIAL,DECRETO Nº 57.536 DE 15 DE DEZEMBRO DE 2016 « Catálogo de Legislação Municipal.pdf,01A_BRONZE_OFICIAL,182513,1BkTmoyZnADnEzIf54EtBGKZLy_OFt-QY
USAR,LEI,JURIDICO,OFICIAL,LEI Nº 15.150 DE 6 DE MAIO DE 2010 « Catálogo de Legislação Municipal.pdf,01A_BRONZE_OFICIAL,174736,1Ocwh_sOWHtFbzngsHizkNCMPiJNT9W8U
USAR,LEI,JURIDICO,OFICIAL,LEI Nº 17.853 DE 29 DE NOVEMBRO DE 2022 « Catálogo de Legislação Municipal.pdf,01A_BRONZE_OFICIAL,100023,1zkxpy54H8fuHbWB6vrk22MpMaIL7TQML
USAR,DECRETO,JURIDICO,OFICIAL,DECRETO Nº 57.565 DE 27 DE DEZEMBRO DE 2016 « Catálogo de Legislação Municipal.pdf,01A_BRONZE_OFICIAL,173199,1BWQ4XhyRUISLPM-6cipqsMeKjgbKkP2S
USAR,DECRETO,JURIDICO,OFICIAL,DECRETO Nº 58.955 DE 20 DE SETEMBRO DE 2019 « Catálogo de Legislação Municipal.pdf,01A_BRONZE_OFICIAL,199016,1SGIS8NPL8-XZkigVteTPe08n_kIT8AS-
USAR,PDF,TDC,OFICIAL,Certidão de Transferência de Potencial Construtivo - Secretaria Municipal de Urbanismo e Licenciamento - Prefeitura.pdf,01A_BRONZE_OFICIAL,477484,1ZgEd475GTLP9V1P-07HW87fK5WC4iXEp
USAR,PORTARIA,JURIDICO,OFICIAL,PORTARIA SECRETARIA MUNICIPAL DE URBANISMO E LICENCIAMENTO - SMUL Nº 172 DE 10 DE DEZEMBRO DE 2024 « Catálogo de Legislação Municipal.pdf,01A_BRONZE_OFICIAL,150304,1MbFnZZ3ja6GG1aqRKeNrdwz-jqUv7oY0
USAR,PDF,OUTRO,OFICIAL,Transferência do Direito de Construir - Secretaria Municipal de Urbanismo e Licenciamento - Prefeitura.pdf,01A_BRONZE_OFICIAL,462686,14-e28yizPFfGKFPQtC9EzaMeGtxhV-eN
USAR,DECRETO,JURIDICO,OFICIAL,DECRETO Nº 59.163 DE 27 DE DEZEMBRO DE 2019 « Catálogo de Legislação Municipal.pdf,01A_BRONZE_OFICIAL,173827,1YOYzwFGkmqBxmLv1UeNUVIkoMFISGee-
USAR,LEI,JURIDICO,OFICIAL,LEI Nº 17.975 DE 8 DE JULHO DE 2023 « Catálogo de Legislação Municipal.pdf,01A_BRONZE_OFICIAL,687512,1oGLQLhsuNiRNKI1OFEQOKD9_yLZz5vLh
USAR,DECRETO,JURIDICO,OFICIAL,DECRETO Nº 57.776 DE 7 DE JULHO DE 2017 « Catálogo de Legislação Municipal.pdf,01A_BRONZE_OFICIAL,449142,1nJDAgOZ4A8h3FDyCOFci7KtnNG-3cCzg
USAR,DECRETO,JURIDICO,OFICIAL,Anexo Unico do Decreto 57_378-16_ com_Deliberações CTLU_19__01_2021.pdf,01A_BRONZE_OFICIAL,946445,13xwGaxE6JMRxzCLAX30TMvm2g__9sXgW
USAR,LEI,JURIDICO,OFICIAL,LEI Nº 17.733 DE 11 DE JANEIRO DE 2022 « Catálogo de Legislação Municipal.pdf,01A_BRONZE_OFICIAL,155305,19eg7UWxANmBBVCTOKnDCh0B62i1tnn30
USAR,DECRETO,JURIDICO,OFICIAL,DECRETO Nº 61.218 DE 6 DE ABRIL DE 2022 « Catálogo de Legislação Municipal.pdf,01A_BRONZE_OFICIAL,75701,1ep-gZ0wMEbp1WlDTqgJr5UyklztvJo7V
USAR,PDF,OUTRO,OFICIAL,Projeto de Intervenção Urbana apresentado por particular - Secretaria Municipal de Urbanismo e Licenciamento - Prefeitura.pdf,01A_BRONZE_OFICIAL,455756,1sedrFriE2wbcq15MBfxHdqbVTEsihq3J
USAR,PDF,TDC,OFICIAL,Declaração de Potencial Construtivo Passível de Transferência - Secretaria Municipal de Urbanismo e Licenciamento - Prefeitura.pdf,01A_BRONZE_OFICIAL,468616,14JXh_1AU-tDhQPZbk_NalxTX02Jrd5yO
USAR,PLANILHA,GEO,OFICIAL,metadados_geosampa_apas.ods,01A_BRONZE_OFICIAL,6573,15myKX357jWnCT_-_gUBUXcv2qJwJUmI2
USAR,DECRETO,JURIDICO,OFICIAL,DECRETO Nº 64.018 DE 30 DE JANEIRO DE 2025 « Catálogo de Legislação Municipal.pdf,01A_BRONZE_OFICIAL,304988,1RxttP94l5bveafN3Vd1Pi9ILhj9Uvbex
USAR,DECRETO,JURIDICO,OFICIAL,DECRETO Nº 58.028 DE 11 DE DEZEMBRO DE 2017 « Catálogo de Legislação Municipal.pdf,01A_BRONZE_OFICIAL,150476,1UUqrfK1bCnj_qbQ-yk_yYVPnTFqV-UYg
USAR,PLANILHA,GEO,OFICIAL,biosampa_geosampa_apas.ods,01A_BRONZE_OFICIAL,3613,1iqAtZbMs2I-R23EtBtkvxvAkLWphL6-1
USAR,TABELA_DADO,GEO,OFICIAL,dicionario_geosampa_apas_variaveis.csv,01A_BRONZE_OFICIAL,1549,1v9pZ_RJKE8PvyTB3BP6TKLZcXvmCOzsx
USAR,OUTRO,GEO,OFICIAL,layer_geosampa_apas.gpkg,01A_BRONZE_OFICIAL,270336,1DNICyPFGWu49dsgmJNsTuCrpr6hDzCa0
USAR,PORTARIA,JURIDICO,OFICIAL,Portaria CAT 15 de 2003.pdf,01A_BRONZE_OFICIAL,930754,1N8ITxvm7aKpUl8Q6T9lEfp9pDWx1uBLB
USAR,LEI,JURIDICO,OFICIAL,LEI Nº 18.081 DE 19 DE JANEIRO DE 2024 « Catálogo de Legislação Municipal.md,01A_BRONZE_OFICIAL,131846,10uOeEyq84VCy1gmsf_vMdwb6Zz7kPSt2
USAR,LEI,JURIDICO,OFICIAL,LEI Nº 16.050 DE 31 DE JULHO DE 2014 « Catálogo de Legislação Municipal.md,01A_BRONZE_OFICIAL,624172,14ugliePoE0ZA5M3mQz-xqMmcl69g4C3q
USAR,DECRETO,JURIDICO,OFICIAL,DECRETO Nº 60.581 DE 27 DE SETEMBRO DE 2021 « Catálogo de Legislação Municipal.md,01A_BRONZE_OFICIAL,11218,1cc9GXkRuoLhaZIrCzcxSSZQfHL6X_5yl
USAR,DECRETO,JURIDICO,OFICIAL,DECRETO Nº 57.565 DE 27 DE DEZEMBRO DE 2016 « Catálogo de Legislação Municipal.md,01A_BRONZE_OFICIAL,23317,1w5C8PTG5RHj3ogZfnYTmsvnZgv3g0pvU
USAR,OUTRO,OUTRO,OFICIAL,Projeto de Intervenção Urbana apresentado por particular - Secretaria Municipal de Urbanismo e Licenciamento - Prefeitura.md,01A_BRONZE_OFICIAL,6577,1__JQm_-V8Dz4msXU9v0Gcx6eFRXMBGWj
USAR,PORTARIA,JURIDICO,OFICIAL,PORTARIA SECRETARIA MUNICIPAL DE URBANISMO E LICENCIAMENTO - SMUL Nº 172 DE 10 DE DEZEMBRO DE 2024 « Catálogo de Legislação Municipal.md,01A_BRONZE_OFICIAL,17194,1dCep2NzIkFbLCpK4VnNasL9sfELJW0mU
USAR,JURISPRUDENCIA,GOVERNANCA,OFICIAL,RESOLUÇÃO SECRETARIA MUNICIPAL DE CULTURA - SMC_CONPRESP Nº 22 DE 13 DE DEZEMBRO DE 2002 « Catálogo de Legislação Municipal.md,01A_BRONZE_OFICIAL,60204,1_AyJlEVZjyIneXgSzbuYkOLHGpzunjtC
USAR,LEI,JURIDICO,OFICIAL,LEI Nº 17.202 DE 16 DE OUTUBRO DE 2019 « Catálogo de Legislação Municipal.md,01A_BRONZE_OFICIAL,36533,1EUBzD6VgVaWNyBgQ3BRJ0keOoXmJfbSa
USAR,PORTARIA,JURIDICO,OFICIAL,PORTARIA SECRETARIA MUNICIPAL DE COORDENAÇÃO DAS SUBPREFEITURAS - SMSP Nº 20 DE 3 DE MAIO DE 2016 « Catálogo de Legislação Municipal.md,01A_BRONZE_OFICIAL,3035,1BpMJxgCNBEOs0cqIsTyd6aBcgvNJQ-OK
USAR,OUTRO,OUTRO,OFICIAL,Transferência do Direito de Construir - Secretaria Municipal de Urbanismo e Licenciamento - Prefeitura2.md,01A_BRONZE_OFICIAL,5509,1nzy4b1wUSYwl5FrHtzFtvfd8sYyDTZ8S
USAR,DECRETO,JURIDICO,OFICIAL,DECRETO Nº 57.443 DE 10 DE NOVEMBRO DE 2016 « Catálogo de Legislação Municipal.md,01A_BRONZE_OFICIAL,33802,1aupvo-YmD5UomCMcH-oMPsfUJznCN9ba
USAR,DECRETO,JURIDICO,OFICIAL,DECRETO Nº 63.728 DE 10 DE SETEMBRO DE 2024 « Catálogo de Legislação Municipal.md,01A_BRONZE_OFICIAL,216460,1AOemlU363FdhF9ZOuwLTnFIkna8hAF-O
USAR,DECRETO,JURIDICO,OFICIAL,DECRETO Nº 64.018 DE 30 DE JANEIRO DE 2025 « Catálogo de Legislação Municipal.md,01A_BRONZE_OFICIAL,46026,1GZojXYKE5jPwuoEY-R3rd1yGbhSKVZN5
USAR,DECRETO,JURIDICO,OFICIAL,DECRETO Nº 58.094 DE 21 DE FEVEREIRO DE 2018 « Catálogo de Legislação Municipal.md,01A_BRONZE_OFICIAL,26320,1zmF0wT0YwadogvcuK6DmEKlPy6easzwO
USAR,DECRETO,JURIDICO,OFICIAL,DECRETO Nº 63.504 DE 14 DE JUNHO DE 2024 « Catálogo de Legislação Municipal.md,01A_BRONZE_OFICIAL,44637,19r-dfscG6Tx7ktYrfEqPXoEv9cOrFlmh
USAR,LEI,JURIDICO,OFICIAL,LEI Nº 17.844 DE 14 DE SETEMBRO DE 2022 « Catálogo de Legislação Municipal.md,01A_BRONZE_OFICIAL,140238,1e1EnDSOCipg8X46HBD1ByjxQ5hLS36FI
USAR,DECRETO,JURIDICO,OFICIAL,DECRETO Nº 59.671 DE 7 DE AGOSTO DE 2020 « Catálogo de Legislação Municipal.md,01A_BRONZE_OFICIAL,43186,15nbTbyA1xP45CL9t32Nn2OpoKbOzmCwg
USAR,DECRETO,JURIDICO,OFICIAL,DECRETO Nº 58.176 DE 3 DE ABRIL DE 2018 « Catálogo de Legislação Municipal.md,01A_BRONZE_OFICIAL,4211,1ab5GTGSGH14fkulHSRZLi6VIq8KXvTeH
USAR,JURISPRUDENCIA,OUTRO,OFICIAL,RESOLUÇÃO SECRETARIA MUNICIPAL DE CULTURA - SMC_CONPRESP Nº 13 DE 13 DE NOVEMBRO DE 2023.md,01A_BRONZE_OFICIAL,3735,1_uGn54gYD43d3Z5_mRwIlTya54CT8_1p
USAR,DECRETO,JURIDICO,OFICIAL,DECRETO Nº 63.999 DE 30 DE DEZEMBRO DE 2024 « Catálogo de Legislação Municipal.md,01A_BRONZE_OFICIAL,3707,13QzXCjy3ONkFsOKXd5ho59AYDd2tF3kM
USAR,PORTARIA,JURIDICO,OFICIAL,PORTARIA SECRETARIA MUNICIPAL DE LICENCIAMENTO - SEL Nº 15 DE 2 DE MAIO DE 2016 « Catálogo de Legislação Municipal.md,01A_BRONZE_OFICIAL,6988,1c-wlR41nUmkllaryJxB5izw_8oCWijHY
USAR,OUTRO,TDC,OFICIAL,Declaração de Potencial Construtivo Passível de Transferência - Secretaria Municipal de Urbanismo e Licenciamento - Prefeitura.md,01A_BRONZE_OFICIAL,8547,1jl3TJKYnnkMlqa-igAGyRAd_Ur2wyD8t
USAR,LEI,JURIDICO,OFICIAL,LEI Nº 17.217 DE 23 DE OUTUBRO DE 2019 « Catálogo de Legislação Municipal.md,01A_BRONZE_OFICIAL,15602,1OTgmgwyJu1NL9b5u4lTeGXwSx-dmP_kV
USAR,DECRETO,JURIDICO,OFICIAL,DECRETO Nº 57.776 DE 7 DE JULHO DE 2017 « Catálogo de Legislação Municipal.md,01A_BRONZE_OFICIAL,97597,1CfErZ5tSPaCbWH2j-ozmniBQUfb1_Vyo
USAR,DECRETO,JURIDICO,OFICIAL,DECRETO Nº 59.886 DE 4 DE NOVEMBRO DE 2020 « Catálogo de Legislação Municipal.md,01A_BRONZE_OFICIAL,23271,1LUl3uPBfUSUOPcC_aLPI1DQUYvn4Iewl
USAR,LEI,JURIDICO,OFICIAL,LEI Nº 18.222 DE 27 DE DEZEMBRO DE 2024 « Catálogo de Legislação Municipal.md,01A_BRONZE_OFICIAL,91735,1MfXHJFbMlo_GT9DTilcm-VfSkZNG1ebi
USAR,LEI,JURIDICO,OFICIAL,LEI Nº 16.402 DE 22 DE MARÇO DE 2016 « Catálogo de Legislação Municipal.md,01A_BRONZE_OFICIAL,277196,1Iluoz8vIBHs5j_CfkMsYuweH6R1o7D2X
USAR,LEI,JURIDICO,OFICIAL,LEI Nº 17.733 DE 11 DE JANEIRO DE 2022 « Catálogo de Legislação Municipal.md,01A_BRONZE_OFICIAL,26486,1DLKdoOQZ81W7g3oEgFzAVgXk2tP35Hiq
USAR,OUTRO,GEO,OFICIAL,Ativação de Zonas de Estruturação (ZEUP e ZEMP) por Particular - Secretaria Municipal de Urbanismo e Licenciamento - Prefeitura.md,01A_BRONZE_OFICIAL,4614,1NTuNmOhTp0Rwnwgh3Z4D5AZSPzR-JAqe
USAR,LEI,JURIDICO,OFICIAL,LEI Nº 15.723 DE 24 DE ABRIL DE 2013 « Catálogo de Legislação Municipal.md,01A_BRONZE_OFICIAL,14415,10CCEnxM1IaNWL_zKOQ_ori7KfTTyHMiY
USAR,LEI,JURIDICO,OFICIAL,2014-07-31 - LEI 16050 - PLANO DIRETOR ESTRATÉGICO.md,01A_BRONZE_OFICIAL,531560,1cSt8E3ECusTIOmC-F6f4ND7GmWK2cSGa
USAR,LEI,JURIDICO,OFICIAL,LEI Nº 15.150 DE 6 DE MAIO DE 2010 « Catálogo de Legislação Municipal.md,01A_BRONZE_OFICIAL,23317,1FUfTLD5CxMLqqa530dtE-ZIGUwoIQS3s
USAR,LEI,JURIDICO,OFICIAL,LEI Nº 17.577 DE 20 DE JULHO DE 2021 « Catálogo de Legislação Municipal.md,01A_BRONZE_OFICIAL,36844,1gRc_2g7dOttGEvT2mXcqmtQqP-lkHut1
USAR,PDF,OUTRO,OFICIAL,Resolucao 01_22 CONPRESP.pdf,01A_BRONZE_OFICIAL,102278,1-P0R3UjE4BNhZrfKOXYWA1SRN6oxkt7_
USAR,DECRETO,JURIDICO,OFICIAL,Anexo I do Decreto 58_289_2018.pdf,01A_BRONZE_OFICIAL,121684,162hNfwLdyDReBI3g_vyU-ms2R7srZRX_
USAR,JURISPRUDENCIA,OUTRO,DESCONHECIDO,Resolucao 04 CONSPRESP 2023.pdf,01A_BRONZE_OFICIAL,121822,1fHAhZBMyxle5nFiS2usG1ozbYMdAyHhT
USAR,PDF,JURIDICO,OFICIAL,2018_30_Sao-Paulo_Tecelagem-de-Seda-Italo-Brasileira_1753238709931.pdf,01A_BRONZE_OFICIAL,433323,1wB6sRG92yTTUAfmqttuo2wB-ros0NCFB
USAR,JURISPRUDENCIA,GEO,DESCONHECIDO,Resolucao 04 CONSPRESP 2023 - MAPA.pdf,01A_BRONZE_OFICIAL,241426,1hmDf6N2Av2ceCTIMyI2O5Z3xgQAlDzIM
COMERCIAL,PDF,TDC,DESCONHECIDO,fila_tdc_5porcento_fundurb-2026- fevereiro.pdf,01A_BRONZE_OFICIAL,222943,1yc_swoToUlBNV7eT0sX5Ul4QqJQmcMw8
USAR,TABELA_DADO,GEO,OFICIAL,SIRGAS_SHP_areaenvoltoriaiphan2.csv,01A_BRONZE_OFICIAL,786,1s0yB7QI3ZQalV_kAQQxoInzPQrAhPzmm
COMERCIAL,PLANILHA,OUTRO,DESCONHECIDO,GUIAS_DE_ITBI_PAGAS_(2019) (1).xlsx,01A_BRONZE_OFICIAL,20591454,1PVO7iMlk1QFrg6oXrLPJ-OgGiXyrqlbf
USAR,LEI,JURIDICO,OFICIAL,ARQUIP _ DOSP - 107504220 - Lei.pdf,01A_BRONZE_OFICIAL,267237,1osmGl9WeWn-9Z30hI0Qm0HIKOOgjKL0c
USAR,LEI,JURIDICO,OFICIAL,ARQUIP _ DOSP - 097088730 - Lei.pdf,01A_BRONZE_OFICIAL,606680,1STTSYaV8QwRwIZdcd0BygYfYdQEnnMIP
USAR,DECRETO,JURIDICO,OFICIAL,ARQUIP _ DOSP - 148669538 - Decreto.pdf,01A_BRONZE_OFICIAL,152459,1bXboVpE7jzGx_EzmFGT7E0qICNgu11bh
USAR,PLANILHA,JURIDICO,OFICIAL,SIMULADOR_QA_atualizado_lei_18081_24_v4.xls,01A_BRONZE_OFICIAL,142848,1c8ydR5fCQPgONdvttxb2C9ZPLIJfOH8j
USAR,PORTARIA,JURIDICO,OFICIAL,ARQUIP _ DOSP - 149729786 - Portaria.pdf,01A_BRONZE_OFICIAL,156553,1vcBqd0oYyfeI55etX__WSZ2Sxipe4oG1
USAR,LEI,JURIDICO,OFICIAL,LEI Nº 16.642 DE 9 DE MAIO DE 2017 « Catálogo de Legislação Municipal.pdf,01A_BRONZE_OFICIAL,458727,1IXqGFxrlduxaz0anMXMEYy32WDGA3rls
USAR,PORTARIA,JURIDICO,OFICIAL,PORTARIA SECRETARIA MUNICIPAL DE URBANISMO E LICENCIAMENTO - SMUL Nº 8 DE 30 DE JANEIRO DE 2025 « Catálogo de Legislação Municipal (1).pdf,01A_BRONZE_OFICIAL,103395,1fjEgaqLXrejB4fkkDV8qS2-U3SsnDy7l
USAR,DECRETO,JURIDICO,OFICIAL,ARQUIP _ DOSP - 105163385 - Decreto.pdf,01A_BRONZE_OFICIAL,371553,19mRPVuKCp6hQubhn8MuJiyHP1tXG_Pph
COMERCIAL,TABELA_DADO,TDC,DESCONHECIDO,fila_tdc_5porcento_fundurb_dez_2025-pdf.csv,01A_BRONZE_OFICIAL,3655,10lkHLFUCMSzmSBq21yhABxStPUBX5O46
COMERCIAL,PDF,TDC,DESCONHECIDO,fila_tdc_5porcento_fundurb_dez_2025-pdf.pdf,01A_BRONZE_OFICIAL,260270,1mgxKq0DRv5Hn3NV003S9ARkIRcMo2ypg
USAR,TABELA_DADO,OUTRO,OFICIAL,PRONUNCIAMENTO SMUL.ATECC.CTLU_001_2024 - Secretaria Municipal de Urbanismo e Licenciamento - Prefeitura.csv,01A_BRONZE_OFICIAL,2734,16iXLHTJusPt6bKa0iY-LgMIvShGiVkJn
USAR,PDF,OUTRO,OFICIAL,Enquadramento de Atividade CNAE - Secretaria Municipal de Urbanismo e Licenciamento - Prefeitura.pdf,01A_BRONZE_OFICIAL,446996,1Ld8nGBn_vZU6cAdf0Uyk4QxkYOnWdPZU
USAR,LEI,JURIDICO,OFICIAL,"LEI Nº 13.430 , DE 13 DE SETEMBRO DE 2002 - Secretaria Municipal de Urbanismo e Licenciamento - Prefeitura12.csv",01A_BRONZE_OFICIAL,2245,1hBFukjtROuy9DaRLZfPtZigYahoz0ZGy
USAR,TABELA_DADO,TDC,OFICIAL,Outorga Onerosa do Direito de Construir - Secretaria Municipal de Urbanismo e Licenciamento - Prefeitura.csv,01A_BRONZE_OFICIAL,3709,1D27EpiFI1GZ0Vsvg4swm8BbYLZgtc4nj
USAR,PDF,OUTRO,OFICIAL,PRONUNCIAMENTO SMUL.ATECC.CTLU_001_2024 - Secretaria Municipal de Urbanismo e Licenciamento - Prefeitura.pdf,01A_BRONZE_OFICIAL,467736,1UA2HMiSWgD1L49KjxjY0aOdHM_sI4Nc_
USAR,TABELA_DADO,OUTRO,OFICIAL,Certidão de Uso e Ocupação do Solo - Secretaria Municipal de Urbanismo e Licenciamento - Prefeitura.csv,01A_BRONZE_OFICIAL,3070,1mLDIdukkxQB6QUUxs_zXnCbTGDq2cSWX
USAR,TABELA_DADO,OUTRO,OFICIAL,Transferência do Direito de Construir - Secretaria Municipal de Urbanismo e Licenciamento - Prefeitura.csv,01A_BRONZE_OFICIAL,3844,1OQnisFl5lGOF9LnJ3llz8FjUirOPOwtF
USAR,PDF,TDC,OFICIAL,Outorga Onerosa do Direito de Construir - Secretaria Municipal de Urbanismo e Licenciamento - Prefeitura.pdf,01A_BRONZE_OFICIAL,500135,1gS-fyfHEqb41sJlz8kT0OtHDoweH1Gsd
USAR,LEI,JURIDICO,OFICIAL,"LEI Nº 13.430 , DE 13 DE SETEMBRO DE 2002 - Secretaria Municipal de Urbanismo e Licenciamento - Prefeitura.csv",01A_BRONZE_OFICIAL,2245,1s1L6D4yddrWbyzFITZa1C6OPAdfoecto
USAR,TABELA_DADO,GEO,OFICIAL,Ativação de Zonas de Estruturação (ZEUP e ZEMP) por Particular - Secretaria Municipal de Urbanismo e Licenciamento - Prefeitura.csv,01A_BRONZE_OFICIAL,1542,16DonV8cfLPVPO0XbopX4v4chWOR4gsH-
USAR,TABELA_DADO,TDC,OFICIAL,Declaração de Potencial Construtivo Passível de Transferência - Secretaria Municipal de Urbanismo e Licenciamento - Prefeitura.csv,01A_BRONZE_OFICIAL,2439,1k8ymcT4antbL2gZeLkcLy4zzujLFrKuZ
USAR,TABELA_DADO,OUTRO,OFICIAL,Projeto de Intervenção Urbana apresentado por particular - Secretaria Municipal de Urbanismo e Licenciamento - Prefeitura.csv,01A_BRONZE_OFICIAL,2664,1FKxqa1r1T_HKpwn5Fat7mQ6LlkthMnqK
USAR,TABELA_DADO,OUTRO,OFICIAL,Enquadramento de Atividade CNAE - Secretaria Municipal de Urbanismo e Licenciamento - Prefeitura.csv,01A_BRONZE_OFICIAL,2450,1YgxR9MKcxSrUpeq_YIvGv39-o2ItTBsB
USAR,LEI,JURIDICO,OFICIAL,2014-07-31 - LEI 16050 - PLANO DIRETOR ESTRATÉGICO.csv,01A_BRONZE_OFICIAL,171,1TIpVlfdESi_1JrvD_eRNCtf3fpTxawn3
COMERCIAL,GEO_SHP,GEO,OFICIAL,SIRGAS_SHP_benstombados.shx,01A_BRONZE_OFICIAL,51380,1GVQGSFR5pBNa9UOdgqkcCwiVAe73XfmZ
USAR,TABELA_DADO,GEO,OFICIAL,SIRGAS_SHP_areaenvoltoriaiphan1.csv,01A_BRONZE_OFICIAL,786,1X72pMWeAppaO2NJQGpjtCBWKh4zkbqm1
USAR,TABELA_DADO,GEO,OFICIAL,SIRGAS_SHP_ZEPEC1.csv,01A_BRONZE_OFICIAL,1365,1wFfburoSXk2GuRfc6LNNh8KdIMtTGh61
USAR,TABELA_DADO,GEO,OFICIAL,SIRGAS_SHP_areaenvoltoriacondephaat2.csv,01A_BRONZE_OFICIAL,26612,1Q97r-ymLH4vNIi96wjUMcBwE-qX_7hEb
USAR,LEI,JURIDICO,OFICIAL,LEI Nº 18.081 DE 19 DE JANEIRO DE 2024 « Catálogo de Legislação Municipal.pdf,01A_BRONZE_OFICIAL,689893,1vmTpLxx_P4EqpQ02vUVX0jZNgyFLzT4n
USAR,LEI,JURIDICO,OFICIAL,LEI Nº 16.402.pdf,01A_BRONZE_OFICIAL,531255,1aU6LAjYsrJKeJQKGPz9CWUbKSz4es4Q2
USAR,JURISPRUDENCIA,JURIDICO,OFICIAL,ACORDAO_ADI_2187640_ARCO_PINHEIROS.pdf,01A_BRONZE_OFICIAL,42841,11Qr4MUacbITsyRhfHhmHruZ7jCvYZjnC
USAR,LEI,JURIDICO,OFICIAL,LEI Nº 18.298 DE 17 DE SETEMBRO DE 2025 « Catálogo de Legislação Municipal.pdf,01A_BRONZE_OFICIAL,70882,19TH3EVoXwFRyr2-sKtQn3BvIY12edVBN
USAR,LEI,JURIDICO,OFICIAL,LEI Nº 17.975 DE 8 DE JULHO DE 2023 « Catálogo de Legislação Municipal.pdf,01A_BRONZE_OFICIAL,688010,1s75SIWLXkWQToPi0iPolts7lDqSVGoUU
USAR,LEI,JURIDICO,OFICIAL,LEI Nº 17.202 DE 16 DE OUTUBRO DE 2019 « Catálogo de Legislação Municipal.pdf,01A_BRONZE_OFICIAL,218165,1Wd3D0MtWFFMGlZFssZUtV6LevVqA44Ji
USAR,LEI,JURIDICO,OFICIAL,LEI Nº 17.733 DE 11 DE JANEIRO DE 2022 « Catálogo de Legislação Municipal.pdf,01A_BRONZE_OFICIAL,155285,1Z8b8P19XjwLKrpML9m23J_b-lFAIsBdD
USAR,LEI,JURIDICO,OFICIAL,LEI Nº 18.081 DE 19 DE JANEIRO DE 2024 « Catálogo de Legislação Municipal.pdf,01A_BRONZE_OFICIAL,675294,1Q44EKQTe6DW3QfkdARfcYx8zYDIx19dm
USAR,LEI,JURIDICO,OFICIAL,LEI Nº 16.642 DE 9 DE MAIO DE 2017 « Catálogo de Legislação Municipal.pdf,01A_BRONZE_OFICIAL,458681,1Qybv7E-7dONoUqhQc1t-YK4HzbkHe0Z7
USAR,LEI,JURIDICO,OFICIAL,LEI Nº 16.402 DE 22 DE MARÇO DE 2016 « Catálogo de Legislação Municipal_076194.pdf,01A_BRONZE_OFICIAL,1436029,143pd7qF8ecBuZT7k-QJNBwTP6dIrLjAq
USAR,LEI,GEO,OFICIAL,MAPA da Lei nº 18081_2024.pdf,01A_BRONZE_OFICIAL,14395495,1LH2IipGV-H-adpwMxlFLT_ROXX1lCtyz
USAR,LEI,JURIDICO,OFICIAL,LEI Nº 18.298 DE 17 DE SETEMBRO DE 2025 « Catálogo de Legislação Municipal.pdf,01C_BRONZE_CRIADOS,130704,1F3GRc7Ed16WlfND-G1Ajif38upkXQHCw
COMERCIAL,OUTRO,GEO,DESCONHECIDO,fila_tdc_5porcento_fundurb-2026- fevereiro_Pagina_1_Mapa_ou_Imagem_1.png,02_SILVER_STAGED/00_MAPAS_E_IMAGENS_EXTRAIDAS,139862,1R9ld3Ct3g1bVN1AkFa1sR4BYvvjmMgfu
COMERCIAL,TABELA_DADO,TDC,DESCONHECIDO,fila_tdc_5porcento_fundurb-2026- fevereiro_Pagina_1_Tabela_1.csv,02_SILVER_STAGED/00_TABELAS_EXTRAIDAS_DOS_PDFS,3828,19H07amWsVmTV-Upu67vGq6TUOZqG0alq
USAR,DECRETO,JURIDICO,OFICIAL,DECRETO Nº 62.175 DE 24 DE FEVEREIRO DE 2023 « Catálogo de Legislação Municipal.md,02_SILVER_STAGED/ADMINISTRATIVO_E_GERAL,2751,190CY1x1nZy25Xtaaqa2VMod4yFWtNAub
USAR,PORTARIA,JURIDICO,OFICIAL,PORTARIA SECRETARIA MUNICIPAL DE LICENCIAMENTO - SEL Nº 1 DE 8 DE JANEIRO DE 2020 « Catálogo de Legislação Municipal.md,02_SILVER_STAGED/ADMINISTRATIVO_E_GERAL,195207,1mpJzr8MjZ7h6gEv1qF8-1_4hcl3pijd7
USAR,DECRETO,JURIDICO,OFICIAL,DECRETO Nº 60.581 DE 27 DE SETEMBRO DE 2021 « Catálogo de Legislação Municipal.md,02_SILVER_STAGED/ADMINISTRATIVO_E_GERAL,10533,1mH2YI3tSH22IaRR6ksGaY7eTkQaq4krV
USAR,DECRETO,JURIDICO,OFICIAL,DECRETO Nº 59.671 DE 7 DE AGOSTO DE 2020 « Catálogo de Legislação Municipal.md,02_SILVER_STAGED/ADMINISTRATIVO_E_GERAL,42501,1Q6kSvenaJ-i1BtjT7PLgtVZwAaZ7-XdS
USAR,DECRETO,JURIDICO,OFICIAL,DECRETO Nº 61.137 DE 10 DE MARÇO DE 2022 « Catálogo de Legislação Municipal.md,02_SILVER_STAGED/ADMINISTRATIVO_E_GERAL,51344,1BPABZqoOUFtggyU8imSOX_Fn_rH79sPi
USAR,DECRETO,JURIDICO,OFICIAL,DECRETO Nº 57.565 DE 27 DE DEZEMBRO DE 2016 « Catálogo de Legislação Municipal.md,02_SILVER_STAGED/ADMINISTRATIVO_E_GERAL,22632,1quW5FHNJpWhnHusqaa7iZlDxhBwTFlJk
USAR,DECRETO,JURIDICO,OFICIAL,DECRETO Nº 57.443 DE 10 DE NOVEMBRO DE 2016 « Catálogo de Legislação Municipal.md,02_SILVER_STAGED/ADMINISTRATIVO_E_GERAL,33117,17mUaT_pkYfemM2DBlHjucOrFo76l3mMW
USAR,DECRETO,JURIDICO,OFICIAL,DECRETO Nº 59.886 DE 4 DE NOVEMBRO DE 2020 « Catálogo de Legislação Municipal.md,02_SILVER_STAGED/ADMINISTRATIVO_E_GERAL,22586,18noPIr8HJb5nQEF5sBtYJfBE1CGLwf-W
USAR,LEI,JURIDICO,OFICIAL,LEI Nº 17.733 DE 11 DE JANEIRO DE 2022 « Catálogo de Legislação Municipal.md,02_SILVER_STAGED/ADMINISTRATIVO_E_GERAL,25801,1NwGwAeUDp5Wa0vtZJTdns7s6CHRMO8_3
USAR,PORTARIA,JURIDICO,OFICIAL,PORTARIA SECRETARIA MUNICIPAL DE URBANISMO E LICENCIAMENTO - SMUL Nº 8 DE 30 DE JANEIRO DE 2025 « Catálogo de Legislação Municipal.md,02_SILVER_STAGED/ADMINISTRATIVO_E_GERAL,2148,1l9enbTmWzLOA8HdgJL6Zu64YDSjHoU0j
USAR,DECRETO,JURIDICO,OFICIAL,DECRETO Nº 58.028 DE 11 DE DEZEMBRO DE 2017 « Catálogo de Legislação Municipal.md,02_SILVER_STAGED/ADMINISTRATIVO_E_GERAL,10020,1kbNgbiMMRnm_O6E6C9fzSXTWIVRQlRbZ
USAR,OUTRO,OUTRO,OFICIAL,16-25 - Complementação da Resolução nº 54-CONPRESP-2018 - Página.md,02_SILVER_STAGED/ADMINISTRATIVO_E_GERAL,4549,1a8thgQZ5iLnIXx5-EEtnHuGoC8I5RuZI
USAR,DECRETO,JURIDICO,OFICIAL,DECRETO Nº 63.437 DE 23 DE MAIO DE 2024 « Catálogo de Legislação Municipal.md,02_SILVER_STAGED/ADMINISTRATIVO_E_GERAL,5943,1K9-nn4yiACP2EnE_vUFeJpfYCdRm8tMx
USAR,LEI,JURIDICO,OFICIAL,2014-07-31 - LEI 16050 - PLANO DIRETOR ESTRATÉGICO.md,02_SILVER_STAGED/ADMINISTRATIVO_E_GERAL,530875,1GIQOU-iRDvNTKwpn2UC7bBwbo4iQemnz
USAR,LEI,JURIDICO,OFICIAL,LEI Nº 17.853 DE 29 DE NOVEMBRO DE 2022 « Catálogo de Legislação Municipal.md,02_SILVER_STAGED/ADMINISTRATIVO_E_GERAL,4884,117gfOL6Icvo5qANTT2qYQLjpPZaGFR3s
USAR,JURISPRUDENCIA,OUTRO,OFICIAL,RESOLUÇÃO SECRETARIA MUNICIPAL DE CULTURA - SMC_CONPRESP Nº 13 DE 13 DE NOVEMBRO DE 2023.md,02_SILVER_STAGED/ADMINISTRATIVO_E_GERAL,3050,1pE37H7FquQzb5aDHbs3MuO0rlGh-v4_X
USAR,OUTRO,TDC,OFICIAL,Certidão de Transferência de Potencial Construtivo - Secretaria Municipal de Urbanismo e Licenciamento - Prefeitura.md,02_SILVER_STAGED/ADMINISTRATIVO_E_GERAL,10891,1Rpih57F8ywOxVOfb5stFCCm5Vs-sH1Ze
USAR,JURISPRUDENCIA,GOVERNANCA,OFICIAL,RESOLUÇÃO SECRETARIA MUNICIPAL DE CULTURA - SMC_CONPRESP Nº 22 DE 13 DE DEZEMBRO DE 2002 « Catálogo de Legislação Municipal.md,02_SILVER_STAGED/ADMINISTRATIVO_E_GERAL,59519,1WsY31QS96o6MJ4100eQIzCxXk5klGGyK
USAR,LEI,JURIDICO,OFICIAL,LEI Nº 15.723 DE 24 DE ABRIL DE 2013 « Catálogo de Legislação Municipal.md,02_SILVER_STAGED/ADMINISTRATIVO_E_GERAL,13730,1PB4TLyQwUEEOdXhCKDIfRjnlqUUR8yYv
USAR,PORTARIA,JURIDICO,OFICIAL,PORTARIA SECRETARIA MUNICIPAL DE COORDENAÇÃO DAS SUBPREFEITURAS - SMSP Nº 20 DE 3 DE MAIO DE 2016 « Catálogo de Legislação Municipal.md,02_SILVER_STAGED/ADMINISTRATIVO_E_GERAL,2350,1am_Q_oktyhxMJNR7EhXyFk44xquDyhzU
USAR,LEI,JURIDICO,OFICIAL,LEI Nº 18.209 DE 20 DE DEZEMBRO DE 2024 « Catálogo de Legislação Municipal.md,02_SILVER_STAGED/ADMINISTRATIVO_E_GERAL,9522,1xkoVzcFKeshP1-F27IPusIlxDG3J-f-s
USAR,DECRETO,JURIDICO,OFICIAL,Anexo Unico do Decreto 57_378-16_ com_Deliberações CTLU_19__01_2021.md,02_SILVER_STAGED/ADMINISTRATIVO_E_GERAL,312170,1jvTM6vpTKnX21H4rkxV4EMYbt6bSYlx9
USAR,DECRETO,JURIDICO,OFICIAL,DECRETO Nº 57.536 DE 15 DE DEZEMBRO DE 2016 « Catálogo de Legislação Municipal.md,02_SILVER_STAGED/ADMINISTRATIVO_E_GERAL,28601,14HvyfAmc7d3XWT4CJZ9qcZbtKLJMM2dA
USAR,DECRETO,JURIDICO,OFICIAL,DECRETO Nº 64.018 DE 30 DE JANEIRO DE 2025 « Catálogo de Legislação Municipal.md,02_SILVER_STAGED/ADMINISTRATIVO_E_GERAL,45341,1ikOUoVR9AQZ7JICDcGttUW6jjMqRICm1
USAR,DECRETO,JURIDICO,OFICIAL,DECRETO Nº 57.299 DE 8 DE SETEMBRO DE 2016 « Catálogo de Legislação Municipal.md,02_SILVER_STAGED/ADMINISTRATIVO_E_GERAL,16179,1dkjZSLzjpVhgjc-xryD2ult639r2IGBN
USAR,OUTRO,OUTRO,OFICIAL,Certidão de Uso e Ocupação do Solo - Secretaria Municipal de Urbanismo e Licenciamento - Prefeitura.md,02_SILVER_STAGED/ADMINISTRATIVO_E_GERAL,6405,15QOZmyuTPFtgKWFfo4ie5RajLc2J8ZIE
USAR,LEI,JURIDICO,OFICIAL,LEI Nº 17.734 DE 11 DE JANEIRO DE 2022 « Catálogo de Legislação Municipal.md,02_SILVER_STAGED/ADMINISTRATIVO_E_GERAL,84666,1z4Rzkd6LeW10fxiorRezYmgdNTegDqpA
USAR,LEI,JURIDICO,OFICIAL,LEI Nº 16.642 DE 9 DE MAIO DE 2017 « Catálogo de Legislação Municipal.md,02_SILVER_STAGED/ADMINISTRATIVO_E_GERAL,104771,1l0ITtWPEEjXgjfE4Gvl-8cegFsT2rML3
USAR,JURISPRUDENCIA,OUTRO,DESCONHECIDO,Resolucao 04 CONSPRESP 2023.md,02_SILVER_STAGED/ADMINISTRATIVO_E_GERAL,3494,1grUSnGif3RQnF0dPZymLoNfUYsqYVis9
USAR,LEI,JURIDICO,OFICIAL,LEI Nº 15.150 DE 6 DE MAIO DE 2010 « Catálogo de Legislação Municipal.md,02_SILVER_STAGED/ADMINISTRATIVO_E_GERAL,22632,1Dz2H2eAhaI6xwrQsZaMgdMCLTXmysHlL
USAR,OUTRO,TDC,OFICIAL,Declaração de Potencial Construtivo Passível de Transferência - Secretaria Municipal de Urbanismo e Licenciamento - Prefeitura.md,02_SILVER_STAGED/ADMINISTRATIVO_E_GERAL,7862,1ZU-A5bNv94pIG1LUS_intEeHjAysWfdn
USAR,LEI,JURIDICO,OFICIAL,LEI Nº 16.402.md,02_SILVER_STAGED/ADMINISTRATIVO_E_GERAL,202786,1ql0ZQ4y2a6PEJuWYst6Kwl3G210B-Xew
USAR,LEI,JURIDICO,OFICIAL,LEI Nº 17.844 DE 14 DE SETEMBRO DE 2022 « Catálogo de Legislação Municipal.md,02_SILVER_STAGED/ADMINISTRATIVO_E_GERAL,139553,1JCWGDNl834I1VJmXZwwN-JVkBWhZGZxm
USAR,DECRETO,JURIDICO,OFICIAL,DECRETO Nº 63.504 DE 14 DE JUNHO DE 2024 « Catálogo de Legislação Municipal.md,02_SILVER_STAGED/ADMINISTRATIVO_E_GERAL,43952,1piZFtpI3PPpMU7pzK_ntvmbLILe--7gJ
USAR,DECRETO,JURIDICO,OFICIAL,DECRETO Nº 58.094 DE 21 DE FEVEREIRO DE 2018 « Catálogo de Legislação Municipal.md,02_SILVER_STAGED/ADMINISTRATIVO_E_GERAL,25635,1RqjszbPB_K-6um2DGRiPIDJ6kBdh6TCD
USAR,OUTRO,OUTRO,OFICIAL,Transferência do Direito de Construir - Secretaria Municipal de Urbanismo e Licenciamento - Prefeitura.md,02_SILVER_STAGED/ADMINISTRATIVO_E_GERAL,4670,1N-Gsnv7F9HzSwX7i38OTVztAixq5V4ep
USAR,JURISPRUDENCIA,GEO,DESCONHECIDO,Resolucao 04 CONSPRESP 2023 - MAPA.md,02_SILVER_STAGED/ADMINISTRATIVO_E_GERAL,233,1xUaOj62Ta5n3EQpStXat_w-AdxhOgjkh
USAR,DECRETO,JURIDICO,OFICIAL,DECRETO Nº 59.164 DE 27 DE DEZEMBRO DE 2019 « Catálogo de Legislação Municipal.md,02_SILVER_STAGED/ADMINISTRATIVO_E_GERAL,68384,1bqVDRQcZryUNxHwDROdKDlkb6mMXHXyM
USAR,DECRETO,JURIDICO,OFICIAL,DECRETO Nº 58.176 DE 3 DE ABRIL DE 2018 « Catálogo de Legislação Municipal.md,02_SILVER_STAGED/ADMINISTRATIVO_E_GERAL,3526,13JAw52VGspnf4VMKoUCHn91M0arvYEav
USAR,LEI,JURIDICO,OFICIAL,LEI Nº 18.081 DE 19 DE JANEIRO DE 2024 « Catálogo de Legislação Municipal.md,02_SILVER_STAGED/ADMINISTRATIVO_E_GERAL,131161,1qx_Y1vWZ_2j55FYEnCoUoJRSgcbpad3k
USAR,OUTRO,OUTRO,OFICIAL,Resolucao 01_22 CONPRESP.md,02_SILVER_STAGED/ADMINISTRATIVO_E_GERAL,1872,1xXWaV56JjgIUxHrMcBCVxGdZdQc1T4SY
USAR,PORTARIA,JURIDICO,OFICIAL,PORTARIA SECRETARIA MUNICIPAL DE URBANISMO E LICENCIAMENTO - SMUL Nº 172 DE 10 DE DEZEMBRO DE 2024 « Catálogo de Legislação Municipal.md,02_SILVER_STAGED/ADMINISTRATIVO_E_GERAL,16509,1HlmQ2vTgDnncKL7PviPSZ58-7HvvaH5y
USAR,LEI,JURIDICO,OFICIAL,LEI Nº 17.217 DE 23 DE OUTUBRO DE 2019 « Catálogo de Legislação Municipal.md,02_SILVER_STAGED/ADMINISTRATIVO_E_GERAL,14917,1qlvIt9F5yrx1TPqSByYUtqzYntuylm0z
USAR,DECRETO,JURIDICO,OFICIAL,DECRETO Nº 58.955 DE 20 DE SETEMBRO DE 2019 « Catálogo de Legislação Municipal.md,02_SILVER_STAGED/ADMINISTRATIVO_E_GERAL,32015,1j2OsTg1EdyBXkarf0X4qi-k7HOJXlDYY
USAR,LEI,JURIDICO,OFICIAL,LEI Nº 18.222 DE 27 DE DEZEMBRO DE 2024 « Catálogo de Legislação Municipal.md,02_SILVER_STAGED/ADMINISTRATIVO_E_GERAL,91050,1KB2UZWKhfy7jKCaAfNdJy5IQNMhpzP9q
USAR,DECRETO,JURIDICO,OFICIAL,DECRETO Nº 57.521 DE 9 DE DEZEMBRO DE 2016 « Catálogo de Legislação Municipal.md,02_SILVER_STAGED/ADMINISTRATIVO_E_GERAL,34660,1HpGRzThGpdhgf5pxvM1XxpYmcKeOf62R
USAR,LEI,JURIDICO,OFICIAL,LEI Nº 18.177 DE 25 DE JULHO DE 2024 « Catálogo de Legislação Municipal.md,02_SILVER_STAGED/ADMINISTRATIVO_E_GERAL,23368,1sN2C45qAOfU6ScMrb0nxnbZL23zrRAV9
USAR,LEI,JURIDICO,OFICIAL,LEI Nº 17.104 DE 30 DE MAIO DE 2019 « Catálogo de Legislação Municipal.md,02_SILVER_STAGED/ADMINISTRATIVO_E_GERAL,7366,13RuW987kqkqehPJuzjWnhTRcxXCKdjGj
USAR,LEI,JURIDICO,OFICIAL,LEI Nº 16.050 DE 31 DE JULHO DE 2014 « Catálogo de Legislação Municipal.md,02_SILVER_STAGED/ADMINISTRATIVO_E_GERAL,623487,13UUPlKb14WtYwl0YrrHRKyuDxzwI7Bwr
USAR,LEI,JURIDICO,OFICIAL,RAZÕES DO VETO AO PROJETO DE LEI Nº 272_2015; OFÍCIO DE 22 DE MARÇO DE 2016 « Catálogo de Legislação Municipal.md,02_SILVER_STAGED/ADMINISTRATIVO_E_GERAL,13454,1AXguF6cwQYpiCcIKpzb_o3lNkFWzglb4
USAR,DECRETO,JURIDICO,OFICIAL,DECRETO Nº 59.163 DE 27 DE DEZEMBRO DE 2019 « Catálogo de Legislação Municipal.md,02_SILVER_STAGED/ADMINISTRATIVO_E_GERAL,16344,1lsUOWUs8WGUoMPEb8ABZhtz6PziGTjtZ
USAR,LEI,GEO,OFICIAL,MAPA da Lei nº 18081_2024.md,02_SILVER_STAGED/ADMINISTRATIVO_E_GERAL,71,1spaDF6h3q4QhZ5286gkMsRO_yZAsGLVA
USAR,PORTARIA,JURIDICO,OFICIAL,PORTARIA SECRETARIA MUNICIPAL DE LICENCIAMENTO - SEL Nº 15 DE 2 DE MAIO DE 2016 « Catálogo de Legislação Municipal.md,02_SILVER_STAGED/ADMINISTRATIVO_E_GERAL,6303,1-Fw14DXlxz7i0VRPoMP0n_A8JjhXOxAK
USAR,OUTRO,OUTRO,OFICIAL,Projeto de Intervenção Urbana apresentado por particular - Secretaria Municipal de Urbanismo e Licenciamento - Prefeitura.md,02_SILVER_STAGED/ADMINISTRATIVO_E_GERAL,5892,19Rgh9vhpyVRNjUQS8uk0YPKk_LlPJkOk
USAR,DECRETO,JURIDICO,OFICIAL,DECRETO Nº 58.707 DE 8 DE ABRIL DE 2019 « Catálogo de Legislação Municipal.md,02_SILVER_STAGED/ADMINISTRATIVO_E_GERAL,4395,1j1D1MdKsBIDttw1RUeKr1bckj6v-_Jvl
USAR,LEI,JURIDICO,OFICIAL,LEI Nº 17.202 DE 16 DE OUTUBRO DE 2019 « Catálogo de Legislação Municipal.md,02_SILVER_STAGED/ADMINISTRATIVO_E_GERAL,35848,1ceJ6fRhlaj_3_GCf8JCamVLEaZqNeHXL
USAR,LEI,JURIDICO,OFICIAL,LEI Nº 17.577 DE 20 DE JULHO DE 2021 « Catálogo de Legislação Municipal.md,02_SILVER_STAGED/ADMINISTRATIVO_E_GERAL,36159,1AUq4k4EX5Te5kzwrzb9R_5iq3PqFyAkl
USAR,DECRETO,JURIDICO,OFICIAL,DECRETO Nº 63.423 DE 21 DE MAIO DE 2024 « Catálogo de Legislação Municipal.md,02_SILVER_STAGED/ADMINISTRATIVO_E_GERAL,12621,1kQm619E4Ap8X6K1M-AcKaMA7A-AZDKuu
USAR,OUTRO,OUTRO,OFICIAL,Transferência do Direito de Construir - Secretaria Municipal de Urbanismo e Licenciamento - Prefeitura2.md,02_SILVER_STAGED/ADMINISTRATIVO_E_GERAL,4824,1cw5G2dlqJNReylc7LNWyItHCnNNK0VdJ
USAR,LEI,JURIDICO,OFICIAL,LEI Nº 16.402 DE 22 DE MARÇO DE 2016 « Catálogo de Legislação Municipal.md,02_SILVER_STAGED/ADMINISTRATIVO_E_GERAL,276511,1G8DIW76EoyJqZ7wlkI-ezwXVyUs28on5
USAR,DECRETO,JURIDICO,OFICIAL,DECRETO Nº 57.776 DE 7 DE JULHO DE 2017 « Catálogo de Legislação Municipal.md,02_SILVER_STAGED/ADMINISTRATIVO_E_GERAL,96912,1O1bxKPY0tfNWeWwSTBNpo7Ckb-OqxdHo
USAR,OUTRO,GEO,OFICIAL,Ativação de Zonas de Estruturação (ZEUP e ZEMP) por Particular - Secretaria Municipal de Urbanismo e Licenciamento - Prefeitura.md,02_SILVER_STAGED/ADMINISTRATIVO_E_GERAL,3929,1e3TE-bs6ZAcLOoPpaKUd0eCHSwRssAUs
USAR,DECRETO,JURIDICO,OFICIAL,DECRETO Nº 61.218 DE 6 DE ABRIL DE 2022 « Catálogo de Legislação Municipal.md,02_SILVER_STAGED/ADMINISTRATIVO_E_GERAL,2662,1wvLCnhFOq0SuhUCUMGjqfD90b2RO8wHe
USAR,DECRETO,JURIDICO,OFICIAL,DECRETO Nº 63.728 DE 10 DE SETEMBRO DE 2024 « Catálogo de Legislação Municipal.md,02_SILVER_STAGED/ADMINISTRATIVO_E_GERAL,215775,1d0cBTuW-QaR05zWPSgyENwM4VygCrjKz
USAR,DECRETO,JURIDICO,OFICIAL,DECRETO Nº 63.999 DE 30 DE DEZEMBRO DE 2024 « Catálogo de Legislação Municipal.md,02_SILVER_STAGED/ADMINISTRATIVO_E_GERAL,3022,1Y7MZR3vWm4kiCxsyRv9kIBYMBytQwkwe
USAR,LEI,JURIDICO,OFICIAL,LEI Nº 17.975 DE 8 DE JULHO DE 2023 « Catálogo de Legislação Municipal.md,02_SILVER_STAGED/ADMINISTRATIVO_E_GERAL,164421,105sFiM3la68Q7zKhsOCU3Po8v607OubZ
USAR,OUTRO,OUTRO,OFICIAL,Enquadramento de Atividade CNAE - Secretaria Municipal de Urbanismo e Licenciamento - Prefeitura.md,02_SILVER_STAGED/Certidoes_e_Atos_Administrativos,4639,1mH_yCHznPLXQbxIxn4UJP0pTsxaGO5o2
USAR,OUTRO,TDC,OFICIAL,Outorga Onerosa do Direito de Construir - Secretaria Municipal de Urbanismo e Licenciamento - Prefeitura.md,02_SILVER_STAGED/Certidoes_e_Atos_Administrativos,7311,150HZKhDk8LCQ8q1oUq3IB_9a0egh0Vsk
USAR,OUTRO,OUTRO,OFICIAL,Enquadramento de Atividade CNAE - Secretaria Municipal de Urbanismo e Licenciamento - Prefeitura.md,02_SILVER_STAGED/Certidoes_e_Atos_Administrativos/Atos_Administrativos,5355,1-tEvEPSYpMlLtvRyOB_upxQi4OwOyC8D
USAR,OUTRO,TDC,OFICIAL,Outorga Onerosa do Direito de Construir - Secretaria Municipal de Urbanismo e Licenciamento - Prefeitura.md,02_SILVER_STAGED/Certidoes_e_Atos_Administrativos/Outorgas_Onerosas,8024,1RRLc7_WnOYi6qUEFAnjOwV-QPbSdcAaw
COMERCIAL,OUTRO,TDC,DESCONHECIDO,FUNDURB_Balanco_Financeiro_Consolidado_01JAN_2026.md,02_SILVER_STAGED/Economia_Urbana_e_Financas,3346,1VNm6eHRRPzU7mjMQutSN4xCMrw_eZlLA
COMERCIAL,OUTRO,TDC,DESCONHECIDO,fila_tdc_5porcento_fundurb-2026- fevereiro.md,02_SILVER_STAGED/Economia_Urbana_e_Financas,3799,1JbDZgzzm8fqYTnmqNZdzSBLRrJ7crzbN
COMERCIAL,OUTRO,TDC,DESCONHECIDO,fila_tdc_5porcento_fundurb_dez_2025-pdf.md,02_SILVER_STAGED/Economia_Urbana_e_Financas,3680,1nR2KUtwmJFBEdIt5_G3HOdXSuorFcn14
USAR,LEI,GEO,OFICIAL,MAPA 1 da Lei 18.177_2024 .md,02_SILVER_STAGED/Geoprocessing_e_Mapas,71,1v3WpjIl0jZv5fOfWdgULRmWgVJ-9HDmg
USAR,DECRETO,JURIDICO,OFICIAL,Anexo I do Decreto 58_289_2018.md,02_SILVER_STAGED/Legislacao_Urbanistica,3751,1RjZW_Ti17tqukU4H0f8v1XDq3NdsDb1F
USAR,LEI,JURIDICO,OFICIAL,Lei nº 11.428.md,02_SILVER_STAGED/Legislacao_Urbanistica,32408,1X-OvoLahfTLbkaLuw7Q7V54oThvBMDMm
USAR,DECRETO,JURIDICO,OFICIAL,ARQUIP _ DOSP - 105163385 - Decreto.md,02_SILVER_STAGED/Legislacao_Urbanistica,42798,1TFddYFFzyybaZBUW8yOwa4H0o0pk_THY
USAR,LEI,JURIDICO,OFICIAL,ARQUIP _ DOSP - 107504220 - Lei.md,02_SILVER_STAGED/Legislacao_Urbanistica,22471,16sEJh54VA8z1Z8XQYdslAGoW8bMbJWjM
USAR,DECRETO,JURIDICO,OFICIAL,ARQUIP _ DOSP - 148669538 - Decreto.md,02_SILVER_STAGED/Legislacao_Urbanistica,2583,1Yo194h9LCg4KaZONB3YVzByZ-cwyep5G
USAR,OUTRO,OUTRO,OFICIAL,PRONUNCIAMENTO SMUL.ATECC.CTLU_001_2024 - Secretaria Municipal de Urbanismo e Licenciamento - Prefeitura.md,02_SILVER_STAGED/Legislacao_Urbanistica,3654,1aaOKi1VzfKGm2nX3sgoCkc9LSA0Pa2Uj
USAR,PORTARIA,JURIDICO,OFICIAL,ARQUIP _ DOSP - 149729786 - Portaria.md,02_SILVER_STAGED/Legislacao_Urbanistica,2128,1O4DQt4hkMfpXSnRyKqkRkcGr919x_B4-
USAR,LEI,JURIDICO,OFICIAL,ARQUIP _ DOSP - 097088730 - Lei.md,02_SILVER_STAGED/Legislacao_Urbanistica,105558,1RArM-Fy3zhfGnkhFE2ak1kljxkUKwcL3
USAR,DECRETO,JURIDICO,OFICIAL,ARQUIP _ DOSP - 148669538 - Decreto.md,02_SILVER_STAGED/Legislacao_Urbanistica/Decretos,3277,1UjQop2gMpD5_oqfBq5AD1n_HLmaW9cFN
USAR,DECRETO,JURIDICO,OFICIAL,ARQUIP _ DOSP - 105163385 - Decreto.md,02_SILVER_STAGED/Legislacao_Urbanistica/Decretos,43492,1SJXTAxnmyL9f4OVwj6HOdim7ZrTgb_Ni
USAR,LEI,JURIDICO,OFICIAL,ARQUIP _ DOSP - 097088730 - Lei.md,02_SILVER_STAGED/Legislacao_Urbanistica/Leis_Diretoras,106258,1lCReQMwnnF8UiRkZnM0NzHxBzvgLLZX1
USAR,LEI,JURIDICO,OFICIAL,ARQUIP _ DOSP - 107504220 - Lei.md,02_SILVER_STAGED/Legislacao_Urbanistica/Leis_Diretoras,23171,10FUBc80RnFwDGaGqlHmXcaNmX8jMAPm3
USAR,OUTRO,OUTRO,OFICIAL,PRONUNCIAMENTO SMUL.ATECC.CTLU_001_2024 - Secretaria Municipal de Urbanismo e Licenciamento - Prefeitura.md,02_SILVER_STAGED/Legislacao_Urbanistica/Portarias_SMUL,4354,1tBHN9D68e_5yEh--y6ZDkqMirYlyZOxT
USAR,PORTARIA,JURIDICO,OFICIAL,ARQUIP _ DOSP - 149729786 - Portaria.md,02_SILVER_STAGED/Legislacao_Urbanistica/Portarias_SMUL,2828,1SkLXjlKJhZmjas1fZvJMSCXBGm7sqI2T
COMERCIAL,OUTRO,TDC,DESCONHECIDO,FUNDURB_Balanco_Financeiro_Consolidado_01JAN_2026 (1)_PART_004.md,02_SILVER_STAGED/MOTOR_1_Markdown_Limpo,637,130NOCKm7JSomd0adJvSkwCuMls79o-E5
COMERCIAL,OUTRO,TDC,DESCONHECIDO,FUNDURB_Balanco_Financeiro_Consolidado_01JAN_2026 (1)_PART_003.md,02_SILVER_STAGED/MOTOR_1_Markdown_Limpo,1649,1ZzbizRIY3AXAI3tp-0uAoNrjJsyjO82N
COMERCIAL,OUTRO,TDC,DESCONHECIDO,FUNDURB_Balanco_Financeiro_Consolidado_01JAN_2026 (1)_PART_002.md,02_SILVER_STAGED/MOTOR_1_Markdown_Limpo,1586,140YHQn3XqvltnEqPydXgqv9nOpb6E8A3
COMERCIAL,OUTRO,TDC,DESCONHECIDO,FUNDURB_Balanco_Financeiro_Consolidado_01JAN_2026 (1)_PART_001.md,02_SILVER_STAGED/MOTOR_1_Markdown_Limpo,504,15UqR89OPJggIYGsWF7Gh_NK7rxZJq6H_
COMERCIAL,TABELA_DADO,TDC,DESCONHECIDO,FUNDURB_Balanco_Financeiro_Consolidado_01JAN_2026 (1)_Pag_1_Tab_2.csv,02_SILVER_STAGED/MOTOR_2_Tabelas_Staged,66,1scUocKqBrK1kcpXHpDAgPY66dzXnrO9u
COMERCIAL,TABELA_DADO,TDC,DESCONHECIDO,FUNDURB_Balanco_Financeiro_Consolidado_01JAN_2026 (1)_Pag_1_Tab_1.csv,02_SILVER_STAGED/MOTOR_2_Tabelas_Staged,2588,199z3doCOL15fb8pvB4NA4NK_wANFDt5T
COMERCIAL,TABELA_DADO,TDC,DESCONHECIDO,fila_tdc_5porcento_fundurb_dez_2025-pdf_Pag_1_Tab_1.csv,02_SILVER_STAGED/MOTOR_2_Tabelas_Staged,3708,1R8hx1oNHdipebLozEQhtFMwyBmhyuusQ
COMERCIAL,OUTRO,TDC,DESCONHECIDO,FUNDURB_Balanco_Financeiro_Consolidado_01JAN_2026 (1)_Pag_1_Img_1.png,02_SILVER_STAGED/MOTOR_3_GeoJSON_Staged/Imagens_Extraidas,6199,1-DhGrHaB-kRPwLYRHYwF7NV2Et35nnXi
COMERCIAL,OUTRO,TDC,DESCONHECIDO,fila_tdc_5porcento_fundurb_dez_2025-pdf_Pag_1_Img_1.png,02_SILVER_STAGED/MOTOR_3_GeoJSON_Staged/Imagens_Extraidas,4621,1xEph-0W69RwzFeBeTJXNuWXokgxlTeMU
COMERCIAL,OUTRO,GEO,OFICIAL,SIRGAS_SHP_benstombados.geojson,02_SILVER_STAGED/Motor_3_Espacial,12630371,1sNZJ5qEN1cKiWVtyFQxOKgKijcpSFYoG
USAR,OUTRO,JURIDICO,OFICIAL,2018_30_Sao-Paulo_Tecelagem-de-Seda-Italo-Brasileira_1753238709931.md,02_SILVER_STAGED/Patrimonio_Historico,43795,1Exjq1zSEj7udrUmaBg1Xyub2IcHg8QkD
USAR,OUTRO,JURIDICO,OFICIAL,2018_30_Sao-Paulo_Tecelagem-de-Seda-Italo-Brasileira_1753238709931.md,02_SILVER_STAGED/Patrimonio_Historico/Resolucoes_Tombamento,44499,1ha7UopPWddhsBbIIwb6yb-YvE9xxC5fF
USAR,TABELA_DADO,OUTRO,OFICIAL,001 - QUADRO_1_FINAL.csv,03 — Tabelas & Engines,14388,1wJBdlrw8gUkOIMtPzwgeFAyyr2mq1atg
USAR,TABELA_DADO,OUTRO,OFICIAL,001_-_QUADRO_1_FINAL.csv,03 — Tabelas & Engines,14870,1ytFrWAuUiSIoLjlskBrbD_Bsn2Eq8mJc
USAR,TABELA_DADO,OUTRO,OFICIAL,002 - QUADRO_2_FINAL.csv,03 — Tabelas & Engines,782,1Tq6Co-B_2_Lz6mOW8heo7AL9WDjA2Aoz
USAR,TABELA_DADO,OUTRO,OFICIAL,003 - QUADRO_2A_FINAL.csv,03 — Tabelas & Engines,940,1wX-koAPK9UKC9XyTvsSnsvsby-uPwnIW
USAR,TABELA_DADO,OUTRO,OFICIAL,005 - QUADRO_3_FINAL.csv,03 — Tabelas & Engines,3147,1zeJpzs6kZbRxXrijAzdQyDtmNoFw-h35
USAR,TABELA_DADO,OUTRO,OFICIAL,006 - QUADRO_3A_FINAL.csv,03 — Tabelas & Engines,920,19AGzK7iNVmehxpwqW7_oJLPtxgT61Ohh
USAR,TABELA_DADO,OUTRO,OFICIAL,007 - QUADRO_3B_FINAL.csv,03 — Tabelas & Engines,3733,1Ds-5P_NOuspibvKwCeto0z3-60327Lk9
USAR,TABELA_DADO,OUTRO,OFICIAL,007_-_QUADRO_3B_FINAL.csv,03 — Tabelas & Engines,7897,1lct8bmacyfUKHhwvaACYt86v6GO1U6v7
USAR,TABELA_DADO,OUTRO,OFICIAL,008 - QUADRO_3C_FINAL.csv,03 — Tabelas & Engines,1599,1Rfh9YRBgHIfAA4a76SZxea3-oA_Pp-D3
USAR,TABELA_DADO,OUTRO,OFICIAL,009 - QUADRO_4_FINAL.csv,03 — Tabelas & Engines,31164,1CWtHd-c-A61-CoWzSu_fvD3fXFekeHHr
USAR,TABELA_DADO,OUTRO,OFICIAL,010 - QUADRO_4A_FINAL.csv,03 — Tabelas & Engines,5355,1iCmok2KJdG9QgKzwC4Z7VNFYqkqVX-QK
USAR,TABELA_DADO,OUTRO,OFICIAL,011 - QUADRO_4B_FINAL.csv,03 — Tabelas & Engines,2025,1FY6a_glyYJ_T_cGTcjiU8rzxO50VE_kV
USAR,TABELA_DADO,OUTRO,OFICIAL,012 - QUADRO_5_FINAL.csv,03 — Tabelas & Engines,1764,1M_mzMY1G3HjwUH-WRR5TXt4Tj8sEBe0m
USAR,PLANILHA,OUTRO,DESCONHECIDO,anual2004.xls,03 — Tabelas & Engines,1029120,1RmRzGGnPDpPaRG4cQ6wLXBA0DMxDQo1Z
USAR,PLANILHA,OUTRO,DESCONHECIDO,Anual2011.xls,03 — Tabelas & Engines,1122304,11bG1XBxFWffwsxn-OQf_4CShRkyc8obp
USAR,PLANILHA,OUTRO,DESCONHECIDO,Anual2019.xls,03 — Tabelas & Engines,2320384,1PqtTPUd54nUpYcDZ0ivGodLURvMLHe4u
USAR,PLANILHA,OUTRO,DESCONHECIDO,Anual2020_ate_dezembro.xls,03 — Tabelas & Engines,1534976,14Q1dsf_VemONHFz3PR4h42urE8Jx7sfq
USAR,PLANILHA,OUTRO,DESCONHECIDO,anual_2000.xls,03 — Tabelas & Engines,1698304,1JweqKeggHG5fIUOpcfBuRIhL8DrT5sM3
USAR,PLANILHA,OUTRO,DESCONHECIDO,anual_2001.xls,03 — Tabelas & Engines,1783296,1utqm7zOcTzT-lDJqqSvKV3qLvFG-4Tyf
USAR,PLANILHA,OUTRO,DESCONHECIDO,anual_2002.xls,03 — Tabelas & Engines,1483776,1JIuk1-Fdl_tEGJaS8MxtcgFM4JrhR-X1
USAR,PLANILHA,OUTRO,DESCONHECIDO,Anual_2003.xls,03 — Tabelas & Engines,1184256,11jmQaAP7ukKvm6r15PqxkUM1GlkgqL9I
USAR,PLANILHA,OUTRO,DESCONHECIDO,anual_2012.xls,03 — Tabelas & Engines,1028096,1X8hkpjN_oGIcpnhB1RzSDQOgeoUUutJW
USAR,PLANILHA,OUTRO,DESCONHECIDO,anual_2016.xls,03 — Tabelas & Engines,2331136,1M6Z9xkyr_z_iDU4gNeRfW51SIolHIwnw
USAR,PLANILHA,OUTRO,DESCONHECIDO,Anual_2017_dezembro.xls,03 — Tabelas & Engines,2218496,1w4P8ca1zu8wrivSY4WuETThqKJK8GnVU
USAR,PLANILHA,OUTRO,DESCONHECIDO,Anual_2018.xls,03 — Tabelas & Engines,1748480,1Yqq3feMF-Sw35a78-KTMWGKNyaDKnXQK
USAR,PLANILHA,OUTRO,DESCONHECIDO,anual_2021_ate_dezembro.xls,03 — Tabelas & Engines,1241088,1BevQmC6kLO50TmBV8ObfNvSVgRSgeeRA
USAR,TABELA_DADO,OUTRO,DESCONHECIDO,Atualizacacao_Q14_anoref2025.csv,03 — Tabelas & Engines,5299450,1Q499wCFws3H1d3w0jY1PFYOkCD5PjieF
USAR,TABELA_DADO,OUTRO,NOSSO,DEEP_SCAN_BRONZE_ORIGINAIS.csv,03 — Tabelas & Engines,62628,1gU_mxinFX8t3wbUCl__AmlPpcrf5dL2O
USAR,TABELA_DADO,OUTRO,NOSSO,DEEP_SCAN_SILVER_MOTOR1.csv,03 — Tabelas & Engines,33478,1_Hj4_c5oQXHfQW9_cC8NRN3fjfzsKkOF
USAR,TABELA_DADO,GEO,DESCONHECIDO,DIVERSOS_IA.csv,03 — Tabelas & Engines,32676280,1W4NKKz4HlioobdlHhekjzpJJgFkMJOph
USAR,PDF,OUTRO,DESCONHECIDO,documento_final_ia.pdf,03 — Tabelas & Engines,34017047,17jxDexBvXStSVCsu3T5wYDcer-JHAcPz
USAR,TABELA_DADO,OUTRO,ADQUIRIDO,empresas.csv,03 — Tabelas & Engines,2269763986,1uRWg7wA4KuppJ1TSdEwRmV3H06fTXlnj
USAR,PLANILHA,OUTRO,OFICIAL,GUIAS DE ITBI PAGAS (28012026) XLS.xlsx,03 — Tabelas & Engines,46666755,1IvF7JkpiUWwGMZKaYPM9876ASF_YgjMt
COMERCIAL,PLANILHA,OUTRO,OFICIAL,GUIAS-DE-ITBI-PAGAS-2023.xlsx,03 — Tabelas & Engines,35347867,1ZESc3arRBppUx9HNMdsYDQh8Urnupsrh
COMERCIAL,PLANILHA,OUTRO,OFICIAL,GUIAS-DE-ITBI-PAGAS-2024.xlsx,03 — Tabelas & Engines,32919810,1DEzDLix11FtG_1lhKY1qhnXJAu23Nny_
COMERCIAL,PLANILHA,OUTRO,OFICIAL,GUIAS_DE_ITBI_PAGAS_(2020).xlsx,03 — Tabelas & Engines,22212518,1exBLt0dNS6uP604XnXUWGL9Qwtj8idu3
COMERCIAL,PLANILHA,OUTRO,OFICIAL,GUIAS_DE_ITBI_PAGAS_(2021).xlsx,03 — Tabelas & Engines,34093242,1sxMxJ2EKIll7-vpGJTv6TLptDSJDOg1d
COMERCIAL,PLANILHA,OUTRO,OFICIAL,GUIAS_DE_ITBI_PAGAS_12-2022.xlsx,03 — Tabelas & Engines,32681481,1uQw1WO9Bu5B_wnFDpC-K3gVzKKkCX0AY
COMERCIAL,PLANILHA,OUTRO,OFICIAL,guias_de_itbi_pagas_2006.xlsx,03 — Tabelas & Engines,21872540,1AeNFgVhXDZ66DyBMu2FPvu71o0x2PWnv
COMERCIAL,PLANILHA,OUTRO,OFICIAL,guias_de_itbi_pagas_2007.xlsx,03 — Tabelas & Engines,23103380,1NIC90aYDZeYg1KqPusbQP03mjJAIT4eL
COMERCIAL,PLANILHA,OUTRO,OFICIAL,guias_de_itbi_pagas_2008.xlsx,03 — Tabelas & Engines,26114817,1CZegdbWD_8wtvoufFXre6rHJa30IiGty
COMERCIAL,PLANILHA,OUTRO,OFICIAL,guias_de_itbi_pagas_2009.xlsx,03 — Tabelas & Engines,23969035,1nWmPE4ivH1Vj3DX4chGAPIb10vXKtAY5
COMERCIAL,PLANILHA,OUTRO,OFICIAL,guias_de_itbi_pagas_2010.xlsx,03 — Tabelas & Engines,24606760,19wCVbWHXVs9AGF3aVo7ClNm4EHeS4hTC
COMERCIAL,PLANILHA,OUTRO,OFICIAL,guias_de_itbi_pagas_2011.xlsx,03 — Tabelas & Engines,23608110,1cnv7OdGP2iqu7O_0qtVYWRY_4UWQ8M0d
COMERCIAL,PLANILHA,OUTRO,OFICIAL,guias_de_itbi_pagas_2012.xlsx,03 — Tabelas & Engines,22766254,1lIqmcYJ8umsJNUtMx4SwVBqTsUFSXkz9
COMERCIAL,PLANILHA,OUTRO,OFICIAL,guias_de_itbi_pagas_2013.xlsx,03 — Tabelas & Engines,23230864,1SfnE6j9ldJJPS7aANddL44xpNmVqLZZZ
COMERCIAL,PLANILHA,OUTRO,OFICIAL,guias_de_itbi_pagas_2014.xlsx,03 — Tabelas & Engines,19844905,12EWDLKUquA9lLjfmCIQkTI2eyE0JMMF4
COMERCIAL,PLANILHA,OUTRO,OFICIAL,guias_de_itbi_pagas_2015.xlsx,03 — Tabelas & Engines,16952228,1gD4UQqbNqEZVsRhiyoqrkyEtvY2-Z58R
COMERCIAL,PLANILHA,OUTRO,OFICIAL,guias_de_itbi_pagas_2016.xlsx,03 — Tabelas & Engines,15090479,1Ce1vTcxVUhOqawurxoVXNNu5FbmIB8Kt
COMERCIAL,PLANILHA,OUTRO,OFICIAL,guias_de_itbi_pagas_2017.xlsx,03 — Tabelas & Engines,16645881,1DrWLPXozufPLGonW-bZYMFaBfcX-lF9f
COMERCIAL,PLANILHA,OUTRO,OFICIAL,guias_de_itbi_pagas_2018.xlsx,03 — Tabelas & Engines,17736135,1G_qUEJysBqHtPGP7A1xTI9RiZgu7QDSw
USAR,TABELA_DADO,OUTRO,ADQUIRIDO,holdings.csv,03 — Tabelas & Engines,60233422,1BrBRzC3G4atGZ8JqRZhGp4OnvBZTjOgr
USAR,TABELA_DADO,IPTU,OFICIAL,iptu-2020-cep01.csv,03 — Tabelas & Engines,152926077,1AV8v4esuCxGulgxvGskzo595vycDa3U-
USAR,TABELA_DADO,GEO,OFICIAL,LOTES_Parte_1_IA.csv,03 — Tabelas & Engines,89243979,1EyzQ9O6HTbiUSBgotHYBun_haesZHGC_
USAR,TABELA_DADO,GEO,OFICIAL,LOTES_Parte_2_IA.csv,03 — Tabelas & Engines,90740596,1Ze3bOM75N2FmgNYya9kntyL4boRQRCYF
USAR,TABELA_DADO,GEO,OFICIAL,LOTES_Parte_3_IA.csv,03 — Tabelas & Engines,99466602,1nWjbPVvpWuis9t576Cw_pSTQurmU0swV
USAR,TABELA_DADO,GEO,OFICIAL,LOTES_Parte_4_IA.csv,03 — Tabelas & Engines,84644390,1qeMNZTRj8itKc-6V3_T0uHcn_wDEY0iP
USAR,TABELA_DADO,GEO,OFICIAL,LOTES_Parte_5_IA.csv,03 — Tabelas & Engines,99626280,1zQeOweWGTpizppN8owIv_p1qh4EH6jio
USAR,PLANILHA,GEO,NOSSO,MASTER_PARAMETROS_URBANISTICOS.xlsx,03 — Tabelas & Engines,201868,13a9ws7XCUmU9Mz99UqRiPwDaeFmKyGxm
USAR,TABELA_DADO,OUTRO,NOSSO,MEGA_PLANILHA_ENRIQUECIDA_FINAL_V2.csv,03 — Tabelas & Engines,2811103,1lcNJOi7NQLPDtujP4Z4BsOol3cheqa3-
COMERCIAL,TABELA_DADO,TDC,NOSSO,MEGA_PLANILHA_SANEADA_TOMBADOS_V1.csv,03 — Tabelas & Engines,2675703,1ufhOE9tnBtgAEo4Kp-f2yx5Ago5op7Pm
USAR,PLANILHA,OUTRO,NOSSO,Notas Nilson Grotti.xlsx,03 — Tabelas & Engines,20009,1jR-rSCYcv24sfizyhqU3i6nxK6mdQXhG
USAR,PLANILHA,TDC,OFICIAL,OUTORGA_ONEROSA.xlsx,03 — Tabelas & Engines,1311524,1ifKnqSFZcNF8zdc-CHpUfj56NyY-DlZE
USAR,TABELA_DADO,GEO,OFICIAL,PCA_Consolidado_IA.csv,03 — Tabelas & Engines,22342771,1as1JwV3JQK3gMyBHvOCLo_OJGOg2a3aT
USAR,TABELA_DADO,JURIDICO,OFICIAL,PDE2013_SUBST2_Quadro_14_cadastro.csv,03 — Tabelas & Engines,5422342,1KPeSlCXVtWyuFr52gr0Wg4uzPqymbVaD
USAR,TABELA_DADO,OUTRO,NOSSO,PLANILHA_ENRIQUECIDA_FINAL_ITBI_V2.csv,03 — Tabelas & Engines,2968042,1R0NzBWR62l3Mw7onglejR3rwGQimXbre
USAR,TABELA_DADO,GEO,OFICIAL,RUAS_Consolidado_IA.csv,03 — Tabelas & Engines,63601704,1WVR4hUQvM-N4jcqooLk_MMO77ACM-4bX
USAR,TABELA_DADO,OUTRO,ADQUIRIDO,socios.csv,03 — Tabelas & Engines,3435677749,1gftoKzFaD-NyKClBg3SH8Eo0FYncQYvt
USAR,TABELA_DADO,GEO,OFICIAL,ZONEAMENTO_IA.csv,03 — Tabelas & Engines,40975342,1oOJHSaNhBbWBx5xYtJFMJAMf8mOnUB7H
USAR,LEI,JURIDICO,OFICIAL,LEI Nº 16.402 DE 22 DE MARÇO DE 2016 « Catálogo de Legislação Municipal.pdf,04_ORIGINAIS,1436029,1CylukyjKYD2Ae7HcXZaCz0SYfcW4DmKm
COMERCIAL,PDF,TDC,DESCONHECIDO,FUNDURB_Balanco_Financeiro_Consolidado_01JAN_2026.pdf,DOCUMENTOS PASTA UNICA,355654,1RXFLWcYQS4GBqpTfbJiYxsWKOZhhSThZ
USAR,DECRETO,JURIDICO,OFICIAL,DECRETO Nº 57.770 DE 3 DE JULHO DE 2017 « Catálogo de Legislação Municipal.pdf,Documentos Novos/Todos Documentos/IPTU/dados_pericia1,158182,1EkAUMZDtLLg_MGpR4g_s8MnZerj4bUly
USAR,LEI,JURIDICO,OFICIAL,Tabela - Faixa de consumo mensal em kWh X Valor em R$ LEI Nº 17.719 de 26 de Novembro de 2021.pdf,Documentos Novos/Todos Documentos/IPTU/dados_pericia1,177281,1qd7lKOoTazw4wxGocwjSufbU3BvT2yHU
USAR,LEI,JURIDICO,OFICIAL,LEI Nº 13.776 de 10 de Fevereiro de 2004.pdf,Documentos Novos/Todos Documentos/IPTU/dados_pericia1,386847,1J4iiIfJkLKH_7-XnUdcUWe3SCgggcR5R
USAR,LEI,JURIDICO,OFICIAL,LEI Nº 11.308 de 17 de Dezembro de 1992.pdf,Documentos Novos/Todos Documentos/IPTU/dados_pericia1,88737,1aHz2itBCgjnTAtZWkiRBvsyFSjVd8KRb
USAR,LEI,JURIDICO,OFICIAL,Anexo III da Lei nº 17.719_2021.pdf,Documentos Novos/Todos Documentos/IPTU/dados_pericia1,343309,1L4IVHoiAO3cotgp7Ik5J-AjpObDyonel
USAR,LEI,JURIDICO,OFICIAL,Anexo I da Lei nº 17.719_2021.pdf,Documentos Novos/Todos Documentos/IPTU/dados_pericia1,16636,1vYTd4QzJcKli56mfMcV69YrWPe98qGv2
USAR,LEI,JURIDICO,OFICIAL,"Anexo I integrante da Lei nº 15.889, de 5 de novembro de 2013.pdf",Documentos Novos/Todos Documentos/IPTU/dados_pericia1,54497,1pfA3mM1SMRU9eYSmXO-k4yy0hd4oOodI
USAR,DECRETO,JURIDICO,OFICIAL,DECRETO Nº 52.884 de 28 de Dezembro de 2011.pdf,Documentos Novos/Todos Documentos/IPTU/dados_pericia1,374307,1B5lJ2_cus-odpr9heI2zr6xO17uN4R2B
USAR,LEI,JURIDICO,OFICIAL,LEI Nº 14.089 de 22 de Novembro de 2005.pdf,Documentos Novos/Todos Documentos/IPTU/dados_pericia1,362718,15ty6QJyfcyec941VC1PXaSCTB1YRcs4Z
USAR,LEI,JURIDICO,OFICIAL,LEI Nº 17.092 de 23 de Maio de 2019.pdf,Documentos Novos/Todos Documentos/IPTU/dados_pericia2,853106,1KbPT8BxPy32Jl-OqU4lSSOp3HxNS7N1o
USAR,LEI,JURIDICO,OFICIAL,LEI Nº 11.614 de 13 de Julho de 1994.pdf,Documentos Novos/Todos Documentos/IPTU/dados_pericia2,749001,1O0Lg5M9b29UHjdc6zaNliqF0Tob85uKJ
USAR,DECRETO,JURIDICO,OFICIAL,DECRETO Nº 56.954 de 28 de Abril de 2016.pdf,Documentos Novos/Todos Documentos/IPTU/dados_pericia2,829074,1kStSGMtKsCV2cO8NBo6ul1hB-Zejn4ZV
USAR,LEI,JURIDICO,OFICIAL,LEI Nº 13.698 de 24 de Dezembro de 2003.pdf,Documentos Novos/Todos Documentos/IPTU/dados_pericia2,577404,1TnSeHiHKY1TfVEiyajaeP_wWPJ_7avDI
USAR,DECRETO,JURIDICO,OFICIAL,DECRETO Nº 58.592 de 27 de Dezembro de 2018.pdf,Documentos Novos/Todos Documentos/IPTU/dados_pericia2,559387,1e4S-qQme4VCW98IYdaknXXXWNsUsQJRk
USAR,DECRETO,JURIDICO,OFICIAL,DECRETO Nº 63.698 de 27 de Agosto de 2024.pdf,Documentos Novos/Todos Documentos/IPTU/dados_pericia2,575473,1bg-QEqNgjlLMCB1C7a4XfcmPceirCzZE
USAR,JURISPRUDENCIA,IPTU,DESCONHECIDO,Jurisprudência do STF sobre IPTU nos contratos de concessão de serviços públicos.pdf,Documentos Novos/Todos Documentos/Novos,3091766,1W9qgo-f_ohsb62T_1NYkGH_eKwXZTyQd
USAR,LEI,IPTU,OFICIAL,Fachin restabelece lei municipal que atualizou base de cálculo do IPTU - Migalhas.pdf,Documentos Novos/Todos Documentos/Novos,530967,1zS7HDNJUTUVywmybqolPVJegxVWcZ-iH
USAR,JURISPRUDENCIA,JURIDICO,OFICIAL,ARE_1216078_Acordao_Tema1062_STF.pdf,Documentos Novos/Todos Documentos/Novos,271856,1_cYSn4FcnxQtZl7ZdhwaAgaZgNBREasq
USAR,LEI,IPTU,OFICIAL,IPTU Verde_ projeto de lei descontos preservação meio ambiente _ Jusbrasil.pdf,Documentos Novos/Todos Documentos/Novos,264527,1ugjxpp-WURt22JB2wzzDLiWJ8Q7KpaA0
USAR,JURISPRUDENCIA,JURIDICO,OFICIAL,Sumulas_Vinculantes_19_41_52_e_Tema_1062_STF.txt,Documentos Novos/Todos Documentos/Novos,7350,1SDdk7ZcHcQeDkmkwYUoIW4DuIbwrEKdK
USAR,DECRETO,JURIDICO,OFICIAL,DECRETO Nº 52.884 DE 28 DE DEZEMBRO DE 2011 « Catálogo de Legislação Municipal.pdf,Documentos Novos/Todos Documentos/Novos,107350,13zi2uww9BO1feCpp8FvTVrjBnKPhrlY8
USAR,DECRETO,JURIDICO,OFICIAL,DECRETO Nº 63.698 DE 27 DE AGOSTO DE 2024 « Catálogo de Legislação Municipal - Copia.pdf,Documentos Novos/Todos Documentos/Novos,91248,15V4yTjMCIhhy9YrSvQd-K8Kd7r9EaE9_
USAR,DECRETO,JURIDICO,OFICIAL,DECRETO Nº 63.698 DE 27 DE AGOSTO DE 2024 « Catálogo de Legislação Municipal.pdf,Documentos Novos/Todos Documentos/Novos,91248,1BQ2AdZnXUHCkf2eQDX2dZfGrSH5fEJHR
USAR,JURISPRUDENCIA,JURIDICO,OFICIAL,ACORDAO_TJSP_2390222-33.2025.8.26.0000_ED.pdf,Documentos Novos/Todos Documentos/Novos,472705,1oK5uUYFMYRingS6fBYOukt6pfGIOOlwE
USAR,JURISPRUDENCIA,JURIDICO,OFICIAL,ACORDAO_TJSP_2390222-33.2025.8.26.0000_AI.pdf,Documentos Novos/Todos Documentos/Novos,494117,1fzUyKzJCRgYW2JNjRgkLOEqDA09OdtXQ
USAR,JURISPRUDENCIA,JURIDICO,OFICIAL,ACORDAO_TJSP_1568276-30.2023.8.26.0090.pdf,Documentos Novos/Todos Documentos/Novos,453640,1s05oix_dYZ0UGbfOgBWrbQXF5o1jYrms
USAR,JURISPRUDENCIA,JURIDICO,OFICIAL,ACORDAO_TJSP_1053798-54.2024.8.26.0053.pdf,Documentos Novos/Todos Documentos/Novos,543249,1tEas21vjoMB6lauxs63giFkz_OYWU9EH
USAR,JURISPRUDENCIA,JURIDICO,OFICIAL,ACORDAO_TJSP_1509864-53.2016.8.26.0090_AC.pdf,Documentos Novos/Todos Documentos/Novos,371978,1gwr_BY3xXZZJeRcT5N0PapD3h7XoR1mR
USAR,JURISPRUDENCIA,JURIDICO,OFICIAL,ACORDAO_TJSP_1509864-53.2016.8.26.0090_ED.pdf,Documentos Novos/Todos Documentos/Novos,433040,1lGopr8UwwTjglqSLqe07-g-llFt3X-KZ
USAR,JURISPRUDENCIA,JURIDICO,OFICIAL,ACORDAO_TJSP_1054600-28.2019.8.26.0053.pdf,Documentos Novos/Todos Documentos/Novos,561641,13rNdwZhkt1ZG-K3u9HCVVa181PdIvNq2
USAR,JURISPRUDENCIA,JURIDICO,OFICIAL,ACORDAO_TJSP_1025594-05.2021.8.26.0053.pdf,Documentos Novos/Todos Documentos/Novos,288722,1hAAUd4klwimdlZssiJq_u2lSmbSNyFPU
USAR,DECRETO,JURIDICO,OFICIAL,Anexo Único do Decreto 52.884_2011.pdf,Documentos Novos/Todos Documentos/Novos,309225,1RoFTVn_Ql-19pAkcxwWrjjDhyOrRhF8e
USAR,JURISPRUDENCIA,JURIDICO,OFICIAL,Sumulas_Vinculantes_CMT_nos_1_a_8.txt,Documentos Novos/Todos Documentos/Novos,9714,1jSmNKoN8KPHxOv8lIuAOc936VnzV-Ayk
USAR,JURISPRUDENCIA,JURIDICO,OFICIAL,ACORDAO_TJSP_2390222-33.2025.8.26.0000.pdf,Documentos Novos/Todos Documentos/Novos,1471,1sM0jN1__Tj_YFStm4z6XJWtIWHRlHcJR
USAR,JURISPRUDENCIA,JURIDICO,OFICIAL,Sumulas_Vinculantes_CMT_1_a_8.txt,Documentos Novos/Todos Documentos/Novos,9663,14fSPFHM8bsUXZxj0pOfJ4ecde0S1VALt
USAR,LEI,JURIDICO,OFICIAL,LEI Nº 11.152 DE 30 DE DEZEMBRO DE 1991 « Catálogo de Legislação Municipal.pdf,Documentos Novos/Todos Documentos/Novos,334176,1iu7UgokYMMXFfnjyv_avZhzwUiRidzAi
USAR,LEI,JURIDICO,OFICIAL,Tabela VI - Tipos e padrões de construção - Lei 16768-2017.tgz,Documentos Novos/Todos Documentos/Novos,685067,1JbGMSysndO8ozGbkOX9d3o07--V4zB4t
USAR,LEI,JURIDICO,OFICIAL,Anexo III da Lei 15.889_2013.pdf,Documentos Novos/Todos Documentos/Novos,97074,1ka5AhJia2KypUQpPo5mEGESl9VlNaR3X
USAR,DECRETO,JURIDICO,OFICIAL,DECRETO Nº 60.939 DE 23 DE DEZEMBRO DE 2021 « Catálogo de Legislação Municipal.pdf,Documentos Novos/Todos Documentos/Novos,499140,10bKo_aU3mnlPZSj0cLNCC62O1VN6-l-Z
COMERCIAL,GEO_SHP,GEO,OFICIAL,SIRGAS_SHP_benstombados.cpg,Documentos Novos/Todos Documentos/PDF/dados_pericia6,5,14oQg2YQHS45He3Dgbd7FT8ds-NcL_oii
USAR,DECRETO,JURIDICO,OFICIAL,Anexo V do Decreto 58.289_2018.pdf,Documentos Novos/Todos Documentos/PDF/dados_pericia7,93231,1VdQMNT3-TbGOltkuJHHBYM8CtoQuAF0B
USAR,DECRETO,JURIDICO,OFICIAL,DECRETO Nº 57.565 DE 27 DE DEZEMBRO DE 2016 « Catálogo de Legislação Municipal.pdf,Documentos Novos/Todos Documentos/PDF/dados_pericia7,75767,1i39CXqmILEDwCajCG_X2F9UYJAn8J1XM
USAR,DECRETO,JURIDICO,OFICIAL,"decreto n.59.263, de 05.06.2013.pdf",Documentos Novos/Todos Documentos/PDF/dados_pericia7,391398,1DlG95unT0aScEPcGL4UDgJkJbPALRul0
COMERCIAL,PDF,OUTRO,DESCONHECIDO,STJ - Precedentes Qualificados.pdf,Documentos Novos/Todos Documentos/PDF/dados_pericia7,189831,1AYuM_mfifcgxJkRA2_kYtBnAoVXLF-ll
USAR,LEI,JURIDICO,OFICIAL,LEI Nº 15.044 DE 3 DE DEZEMBRO DE 2009 « Catálogo de Legislação Municipal.pdf,Documentos Novos/Todos Documentos/PDF/dados_pericia7,178280,1GUJDxjrSJRtVdbHyUhC61BXuUeUXzZAq
USAR,LEI,JURIDICO,OFICIAL,LEI Nº 14.094 DE 6 DE DEZEMBRO DE 2005 « Catálogo de Legislação Municipal.pdf,Documentos Novos/Todos Documentos/PDF/dados_pericia7,111640,1vjvZHE6hkqgCwNTBxQuZvfHz7KYQefSf
USAR,LEI,JURIDICO,OFICIAL,LEI Nº 11.154 DE 30 DE DEZEMBRO DE 1991 « Catálogo de Legislação Municipal.pdf,Documentos Novos/Todos Documentos/PDF/dados_pericia7,213229,1XoWeFqkOB0-n5OMaYx_xkQCjOTuBzsUy
USAR,LEI,JURIDICO,OFICIAL,LEI Nº 18.081 DE 19 DE JANEIRO DE 2024 « Catálogo de Legislação Municipal.pdf,Documentos Novos/Todos Documentos/PDF/dados_pericia7,675351,1_T-sh-BiuWIfFnW98kknKIT1kAJQDNHa
USAR,LEI,JURIDICO,OFICIAL,LEI Nº 16.642 DE 9 DE MAIO DE 2017 « Catálogo de Legislação Municipal.pdf,Documentos Novos/Todos Documentos/PDF/dados_pericia7,458825,1e_s0FNj9pMHC7NJjK_13i0veH_7EYS3E
USAR,TABELA_DADO,OUTRO,OFICIAL,Transferência do Direito de Construir - SMUL - Prefeitura.csv,Documentos Novos/Todos Documentos/XLS1 iptutdc/dados_pericia8,3844,16LPei9sF5pu_UHmexxVr0-h1FLlb8F7j
USAR,TABELA_DADO,OUTRO,OFICIAL,Projeto de Intervenção Urbana apresentado por particular - SMUL - Prefeitura.csv,Documentos Novos/Todos Documentos/XLS1 iptutdc/dados_pericia8,2664,1b7HTg7yyOOUD8dzKSxvW9X7cS3JvuT5V
USAR,TABELA_DADO,OUTRO,OFICIAL,PRONUNCIAMENTO SMUL.ATECC.CTLU_001_2024 - SMUL - Prefeitura.csv,Documentos Novos/Todos Documentos/XLS1 iptutdc/dados_pericia8,2734,1UVwU1pDagD1PxMRXmce6h77mkOVTdhty
USAR,TABELA_DADO,TDC,OFICIAL,Outorga Onerosa do Direito de Construir - SMUL - Prefeitura.csv,Documentos Novos/Todos Documentos/XLS1 iptutdc/dados_pericia8,3709,1Z_z60zqQDN8M7C1qMVVec6EkNBZNjvbe
USAR,LEI,JURIDICO,OFICIAL,LEI Nº 13.430 DE 13 DE SETEMBRO DE 2002 - SMUL - Prefeitura12.csv,Documentos Novos/Todos Documentos/XLS1 iptutdc/dados_pericia8,2245,1jnzWKZMSvboH52CHjD2SlNfyw8cF8eey
USAR,LEI,JURIDICO,OFICIAL,LEI Nº 13.430 DE 13 DE SETEMBRO DE 2002 - SMUL - Prefeitura.csv,Documentos Novos/Todos Documentos/XLS1 iptutdc/dados_pericia8,2245,1_Vm8MLf77WsFMr4fbzhkrERsUlzwoqTg
USAR,TABELA_DADO,OUTRO,OFICIAL,Enquadramento de Atividade CNAE - SMUL - Prefeitura.csv,Documentos Novos/Todos Documentos/XLS1 iptutdc/dados_pericia8,2450,13I1uC0QNsdOG6ayEskiQRAuZtXZnaP6v
USAR,TABELA_DADO,TDC,OFICIAL,Declaração de Potencial Construtivo Passível de Transferência - SMUL - Prefeitura.csv,Documentos Novos/Todos Documentos/XLS1 iptutdc/dados_pericia8,2439,1e7syfBuHq86muZZZlO32t8gajtlSNeuy
USAR,TABELA_DADO,OUTRO,OFICIAL,Certidão de Uso e Ocupação do Solo - SMUL - Prefeitura.csv,Documentos Novos/Todos Documentos/XLS1 iptutdc/dados_pericia8,3070,1kH6Oi_OWfbc1lovGuLeXna8Zsc2t_WYu
USAR,TABELA_DADO,GEO,OFICIAL,Ativação de Zonas de Estruturação (ZEUP e ZEMP) por Particular - SMUL - Prefeitura.csv,Documentos Novos/Todos Documentos/XLS1 iptutdc/dados_pericia8,1542,1AkKJPYk6iJRQ9SeZihsciyA1p1oIUo5t
USAR,TABELA_DADO,GEO,OFICIAL,SIRGAS_SHP_ZEPEC2.csv,Documentos Novos/Todos Documentos/XLS1 iptutdc/dados_pericia8,1365,1dzJW8YeBDI8qaUZAx2hl1DRknXUOh4Rj
USAR,TABELA_DADO,GEO,OFICIAL,SIRGAS_SHP_areaenvoltoriacondephaat1.csv,Documentos Novos/Todos Documentos/XLS1 iptutdc/dados_pericia8,26612,1mUuYMvj7jX-_VcBto4xsKD5s3soLOYh5
