drive_id,nome,tipo,tema,camada,oficialidade,uso_atual,ext
1JJcvLyvH7OvXK7K6QiUbXLaGjfxXmfU4,Resolucao 04 CONSPRESP 2023 - MAPA (1).pdf,JURISPRUDENCIA,GEO,01A_BRONZE_OFICIAL,DESCONHECIDO,DESCARTE,pdf
1xTs9ztc2Ht_mohbZZaK4Hr4pA5Wc8qTi,Resolucao 04 CONSPRESP 2023 - MAPA.pdf,JURISPRUDENCIA,GEO,01A_BRONZE_OFICIAL,DESCONHECIDO,DESCARTE,pdf
1CbRNkuwDXbZCDaoaHYYeF_21OcjgrTR-,01-25 - Arquivamento Parcial das Manchas I e J e ID 50 a 52 da Res.11-23 - MAPA - Página_f622d6.pdf,PDF,GEO,99_LIXEIRA_DUPLICADOS,DESCONHECIDO,DESCARTE,pdf
1yzfcBnF75Ggy9-dDTb3O6WgUTiH_WeK1,03-23 - RAE da Sede do Antigo Sitio Itaim - MAPAS - Página(1)_081729.pdf,PDF,GEO,99_LIXEIRA_DUPLICADOS,DESCONHECIDO,DESCARTE,pdf
1cBA8K2bkMota_VJP6-NxG_lw8qj45T-B,04-24 - Tombamento da Escadaria da Rua Cristiano Viana - MAPA - Página_386a38.pdf,PDF,GEO,99_LIXEIRA_DUPLICADOS,DESCONHECIDO,DESCARTE,pdf
1DCk917PLC-4va4SYZwM_-q3dVSMmFEef,05-20 - Detalhamento do Tombamento do Estádio Conde Rodolfo Crespi - Juventus - item 13 da Res_ 06-16-MAPA_68a778.pdf,PDF,GEO,99_LIXEIRA_DUPLICADOS,DESCONHECIDO,DESCARTE,pdf
1w5k4K9hCqZ_HWNMS1CVsx6yx8nWZede1,06-23_Complexo Esportivo do Ibirapuera_Mapa(1)_11f175.pdf,PDF,GEO,99_LIXEIRA_DUPLICADOS,DESCONHECIDO,DESCARTE,pdf
1AbCLBJJ56wDBCi-e5WZhA1PbrbmBls2s,08-24 - APT Terreiro de Candomblé Abassá Oxum Oxóssi - MAPA - Página_d36372.pdf,PDF,GEO,99_LIXEIRA_DUPLICADOS,DESCONHECIDO,DESCARTE,pdf
1z0mu6fS6cPQmaJeTRJVlnFrOdUWU_UAy,08-25 - Complementação e detalhamento da Resolução 02-24 - MAPA (1).pdf,PDF,GEO,01A_BRONZE_OFICIAL,DESCONHECIDO,DESCARTE,pdf
1oQJkNS8QgxQN60yegh_eAziA1xal5STK,08-25 - Complementação e detalhamento da Resolução 02-24 - MAPA.pdf,PDF,GEO,DOCUMENTOS PASTA UNICA,DESCONHECIDO,SO_IDEIA,pdf
1eZI21f1oY7j41uA1pjWebLXfdXBAJ3U2,08-25 - Complementação e detalhamento da Resolução 02-24 - MAPA_1c24ee.pdf,PDF,GEO,99_LIXEIRA_DUPLICADOS,DESCONHECIDO,DESCARTE,pdf
1a0SmsHFQqsD_42KDyt4wa0jqeIHQITYG,10-23 - Tombamento Vila João Migliari - MAPA_303b6b.pdf,PDF,GEO,99_LIXEIRA_DUPLICADOS,DESCONHECIDO,DESCARTE,pdf
1JMLMdZ4TefOo6WMX96DOWF9nPVDbHIZc,13-24 - APT do Terreiro de Candomblé Ilé Dara Asé Òsun Eyin - Mapa_7fa664.pdf,PDF,GEO,99_LIXEIRA_DUPLICADOS,DESCONHECIDO,DESCARTE,pdf
1wjY8TdMzgpMb9RYjlWc4tDIxwfsKKRxO,ANEXOS_DO_PL_586_23___SEM_O_MAPA (1).pdf,PDF,GEO,DOCUMENTOS,DESCONHECIDO,DESCARTE,pdf
1_acpqPzJEpPDkAwZsrYQFiJ0RdB-d4Kt,ANEXOS_DO_PL_586_23___SEM_O_MAPA (1)_9d9243.pdf,PDF,GEO,99_LIXEIRA_DUPLICADOS,DESCONHECIDO,DESCARTE,pdf
1okevhHSbfLnsXsRW-jAaYAfM4hSN_Tul,Anexo_2024-06501-00_2dbf19.pdf,PDF,GEO,99_LIXEIRA_DUPLICADOS,DESCONHECIDO,DESCARTE,pdf
1z1vzLwutPIcuA2mZHlYVIEnf7cHvmCe9,MAPA_PL_586_23.pdf,PDF,GEO,DOCUMENTOS,DESCONHECIDO,DESCARTE,pdf
1PXLewqoKWMen71Ffpy-wd6toWbIjxPBg,Mapa02_ZEPEC.pdf,PDF,GEO,DOCUMENTOS,DESCONHECIDO,DESCARTE,pdf
1AZ8EEybSmHBmS8jnlHvQ1D-wP-urDXGY,Mapa03_QUOTA.pdf,PDF,GEO,DOCUMENTOS,DESCONHECIDO,DESCARTE,pdf
17fSIzkjsuGuQD0-FiFAhsx9ScQL14P1O,Mapa03_QUOTA_dba223.pdf,PDF,GEO,99_LIXEIRA_DUPLICADOS,DESCONHECIDO,DESCARTE,pdf
1Pxrlx3qN34P4lX7rPOxbV5P24dmhmXNq,Mapa04_GARAGEM.pdf,PDF,GEO,DOCUMENTOS,DESCONHECIDO,DESCARTE,pdf
1chUp_LcL0EypONxz0ys3Xo_7g8lhgqcH,Mapa1_ZONAS_com_perimetros_vetados.pdf,PDF,GEO,DOCUMENTOS,DESCONHECIDO,DESCARTE,pdf
1dE4MqJyW2QytAuTrG3munVxyLmiiQoVQ,Mapa1_ZONAS_com_perimetros_vetados_b02aa0.pdf,PDF,GEO,99_LIXEIRA_DUPLICADOS,DESCONHECIDO,DESCARTE,pdf
1FMotgDQwQl7F8bAy8UZNwTM3jhQqX03i,Mapa_1___Perimetros_das_Zonas_exceto_ZEPEC.pdf,PDF,GEO,DOCUMENTOS,DESCONHECIDO,DESCARTE,pdf
1mjkpntz_t25WThNEeMitYtRPrjIytvyn,Mapa_1___Perimetros_das_Zonas_exceto_ZEPEC_42862b.pdf,PDF,GEO,99_LIXEIRA_DUPLICADOS,DESCONHECIDO,DESCARTE,pdf
1CCrUDjV86k9xX3fLXLPSrVwHANxffmqg,Mapas 1 a 9.pdf,PDF,GEO,DOCUMENTOS,DESCONHECIDO,DESCARTE,pdf
1BnMCZuKCcFgYqdLHztWx8Nyqmh_X2Gdp,Resolucao 07-23_Mancha dos Bombeiros_MAPA (1).pdf,PDF,GEO,01A_BRONZE_OFICIAL,DESCONHECIDO,DESCARTE,pdf
1fhQygtCEYb44QKkNFEe-7rhSOOg0i_o-,Resolucao 07-23_Mancha dos Bombeiros_MAPA (2).pdf,PDF,GEO,01A_BRONZE_OFICIAL,DESCONHECIDO,DESCARTE,pdf
1Q13oEPBYBrYc4QmvSMPY_cVWauFHYu8_,Resolucao 07-23_Mancha dos Bombeiros_MAPA.pdf,PDF,GEO,01A_BRONZE_OFICIAL,DESCONHECIDO,SO_IDEIA,pdf
12Da9qPFMwwYzP9rCrAQ1DM_rEDaHa0Gp,Resolucao 07-23_Mancha dos Bombeiros_MAPA_f69d29.pdf,PDF,GEO,99_LIXEIRA_DUPLICADOS,DESCONHECIDO,DESCARTE,pdf
1DZ64TWvCKy6P06wST1uZxPP4DKgft40_,re1219aptconjuntovilasoperariasmigliarimapa2_1567624270_197c97.pdf,PDF,GEO,99_LIXEIRA_DUPLICADOS,DESCONHECIDO,DESCARTE,pdf
1ZaF-RWjfvsCFCChVQmQMZclY_-d2khDJ,re1219aptconjuntovilasoperariasmigliarimapa3_1567624297_f16cdf.pdf,PDF,GEO,99_LIXEIRA_DUPLICADOS,DESCONHECIDO,DESCARTE,pdf
1ksghZnbUAuF0dLgJanetI-JdDv1Vv2NU,RESOLUÇÃO SECRETARIA MUNICIPAL DE CULTURA - SMC_CONPRESP Nº 22 DE 13 DE DEZEMBRO DE 2002 « Catálogo de Legislação Municipal (1).pdf,JURISPRUDENCIA,GOVERNANCA,01A_BRONZE_OFICIAL,OFICIAL,DESCARTE,pdf
1HDRjl3cL0VAJVPVFvRRDYFFtE38d-3ZU,RESOLUÇÃO SECRETARIA MUNICIPAL DE CULTURA - SMC_CONPRESP Nº 22 DE 13 DE DEZEMBRO DE 2002 « Catálogo de Legislação Municipal.pdf,JURISPRUDENCIA,GOVERNANCA,01A_BRONZE_OFICIAL,OFICIAL,DESCARTE,pdf
1sDFmBlD3_45ZS15CjJuEfQRbHKkZufIW,INSTRUÇÃO NORMATIVA SECRETARIA MUNICIPAL DE LICENCIAMENTO - SEL Nº 6 DE 4 DE DEZEMBRO DE 2020 « Catálogo de Legislação Municipal (1).pdf,PDF,GOVERNANCA,01A_BRONZE_OFICIAL,DESCONHECIDO,DESCARTE,pdf
1lbA3F9OCvHywFW2qpxe9FIFpqVk7W1IK,INSTRUÇÃO NORMATIVA SECRETARIA MUNICIPAL DE LICENCIAMENTO - SEL Nº 6 DE 4 DE DEZEMBRO DE 2020 « Catálogo de Legislação Municipal.pdf,PDF,GOVERNANCA,01A_BRONZE_OFICIAL,DESCONHECIDO,SO_IDEIA,pdf
1uPp7SKq3jDOduzSFGP_Hl7VprJY83gJv,INSTRUÇÃO NORMATIVA SECRETARIA MUNICIPAL DE URBANISMO E LICENCIAMENTO - SMUL Nº 1 DE 16 DE OUTUBRO DE 2024 « Catálogo de Legislação Municipal (1).pdf,PDF,GOVERNANCA,01A_BRONZE_OFICIAL,DESCONHECIDO,DESCARTE,pdf
1Ed54Qobkwcj_eYrhyvPIt5ALaUl9UQAK,INSTRUÇÃO NORMATIVA SECRETARIA MUNICIPAL DE URBANISMO E LICENCIAMENTO - SMUL Nº 1 DE 16 DE OUTUBRO DE 2024 « Catálogo de Legislação Municipal.pdf,PDF,GOVERNANCA,01A_BRONZE_OFICIAL,DESCONHECIDO,SO_IDEIA,pdf
1dR8GcyHud1aVOxnC19HOtniFfsKqDxvE,INSTRUÇÃO NORMATIVA SECRETARIA MUNICIPAL DE URBANISMO E LICENCIAMENTO - SMUL Nº 1 DE 16 DE OUTUBRO DE 2024 « Catálogo de Legislação Municipal_219d02.pdf,PDF,GOVERNANCA,99_LIXEIRA_DUPLICADOS,DESCONHECIDO,DESCARTE,pdf
147Lv-dwiaBusIMFN9T02xdUicuqbVGZv,INSTRUÇÃO NORMATIVA SF_SUREM Nº 10 DE 4 DE DEZEMBRO DE 2019 « Catálogo de Legislação Municipal.pdf,PDF,GOVERNANCA,Documentos Novos,DESCONHECIDO,SO_IDEIA,pdf
12gSA1BgD1iDAjAeu6-OamVBphnmabNTy,INSTRUÇÃO NORMATIVA SF_SUREM Nº 14 DE 18 DE DEZEMBRO DE 2020 « Catálogo de Legislação Municipal.pdf,PDF,GOVERNANCA,Documentos Novos,DESCONHECIDO,SO_IDEIA,pdf
1dmUwCwv5xyowaEShYV3pPNa4yCksHHIN,INSTRUÇÃO NORMATIVA SF_SUREM Nº 2 DE 10 DE MARÇO DE 2020 « Catálogo de Legislação Municipal.pdf,PDF,GOVERNANCA,Documentos Novos,DESCONHECIDO,SO_IDEIA,pdf
1iE2rOLazlp6o2rmSB-cnWhQ1xSn2SIe2,Novo Relatorio SITE 2021 (1).pdf,PDF,GOVERNANCA,99_LIXEIRA_DUPLICADOS,DESCONHECIDO,DESCARTE,pdf
1NOG3snqX5qoJ_8LnHtMWqvYz2tl4kSnc,Novo Relatorio SITE 2021_1ae156.pdf,PDF,GOVERNANCA,99_LIXEIRA_DUPLICADOS,DESCONHECIDO,DESCARTE,pdf
1wN7nr3gTGCzOCN4bEWmEserGRsq3PlGv,Novo Relatorio SITE 2021_2ca56f.pdf,PDF,GOVERNANCA,99_LIXEIRA_DUPLICADOS,DESCONHECIDO,DESCARTE,pdf
1Nh7g69Hu3BEjBJSAax5PmDgOpBjMKpsC,Novo Relatorio SITE 2021_ea817d.pdf,PDF,GOVERNANCA,99_LIXEIRA_DUPLICADOS,DESCONHECIDO,DESCARTE,pdf
1zyO3FrCqDKHBhqB5QYwdCck3ftvaaKB6,RESOLUÇÃO SECRETARIA MUNICIPAL DE DESENVOLVIMENTO URBANO - SMDU_CTLU Nº 12 DE 17 DE DEZEMBRO DE 2020 « Catálogo de Legislação Municipal (1).pdf,PDF,GOVERNANCA,99_LIXEIRA_DUPLICADOS,DESCONHECIDO,DESCARTE,pdf
1RnqCQ_np94VrgQoWk5VyST-mc4s444Fn,RESOLUÇÃO SECRETARIA MUNICIPAL DE DESENVOLVIMENTO URBANO - SMDU_CTLU Nº 12 DE 17 DE DEZEMBRO DE 2020 « Catálogo de Legislação Municipal.pdf,PDF,GOVERNANCA,01A_BRONZE_OFICIAL,DESCONHECIDO,SO_IDEIA,pdf
1_U-Ds3aE69YUDdaUvRsjTeusZExxG5T1,RESOLUÇÃO SECRETARIA MUNICIPAL DE DESENVOLVIMENTO URBANO - SMDU_CTLU Nº 12 DE 17 DE DEZEMBRO DE 2020 « Catálogo de Legislação Municipal_7f7860.pdf,PDF,GOVERNANCA,99_LIXEIRA_DUPLICADOS,DESCONHECIDO,DESCARTE,pdf
1K2mb-Q4aKAWRCEpqK-_2Fpn1TgcA7fv8,RESOLUÇÃO SECRETARIA MUNICIPAL DE DESENVOLVIMENTO URBANO - SMDU_CTLU Nº 12 DE 17 DE DEZEMBRO DE 2020 « Catálogo de Legislação Municipal_c72b55.pdf,PDF,GOVERNANCA,99_LIXEIRA_DUPLICADOS,DESCONHECIDO,DESCARTE,pdf
1jiCV_7fpfFaBi38ROptvtqKwrawu0DL7,RESOLUÇÃO SECRETARIA MUNICIPAL DE LICENCIAMENTO - SEL_CEUSO Nº 139 DE 27 DE ABRIL DE 2020 « Catálogo de Legislação Municipal (1).pdf,PDF,GOVERNANCA,99_LIXEIRA_DUPLICADOS,DESCONHECIDO,DESCARTE,pdf
1GANQgvV2cHDwpxCQX7wIxI_SOu9_Gkr0,RESOLUÇÃO SECRETARIA MUNICIPAL DE LICENCIAMENTO - SEL_CEUSO Nº 139 DE 27 DE ABRIL DE 2020 « Catálogo de Legislação Municipal (1)_9ea76b.pdf,PDF,GOVERNANCA,99_LIXEIRA_DUPLICADOS,DESCONHECIDO,DESCARTE,pdf
1Rw3d8LI8iEfNiTSdJspZs8SSHh-zUIeY,RESOLUÇÃO SECRETARIA MUNICIPAL DE LICENCIAMENTO - SEL_CEUSO Nº 139 DE 27 DE ABRIL DE 2020 « Catálogo de Legislação Municipal (2).pdf,PDF,GOVERNANCA,01A_BRONZE_OFICIAL,DESCONHECIDO,DESCARTE,pdf
12WNPJo16sRn68lzdoCu7TXWtjP7AdlnS,RESOLUÇÃO SECRETARIA MUNICIPAL DE LICENCIAMENTO - SEL_CEUSO Nº 139 DE 27 DE ABRIL DE 2020 « Catálogo de Legislação Municipal.pdf,PDF,GOVERNANCA,01A_BRONZE_OFICIAL,DESCONHECIDO,SO_IDEIA,pdf
1yqzdVdt6ZF8VHWJDzjr4ZtW_pjjpUnX2,RESOLUÇÃO SECRETARIA MUNICIPAL DE LICENCIAMENTO - SEL_CEUSO Nº 139 DE 27 DE ABRIL DE 2020 « Catálogo de Legislação Municipal_3dd91c.pdf,PDF,GOVERNANCA,99_LIXEIRA_DUPLICADOS,DESCONHECIDO,DESCARTE,pdf
1bn-sqNLqPeUAdqxcCPrEsIabObCoXVjo,RESOLUÇÃO SECRETARIA MUNICIPAL DE LICENCIAMENTO - SEL_CEUSO Nº 139 DE 27 DE ABRIL DE 2020 « Catálogo de Legislação Municipal_868361.pdf,PDF,GOVERNANCA,99_LIXEIRA_DUPLICADOS,DESCONHECIDO,DESCARTE,pdf
1HD-w_51zvNIWtttjlIzH0pdY_BLrDH14,RESOLUÇÃO SECRETARIA MUNICIPAL DE URBANISMO E LICENCIAMENTO - SMUL_CAEHIS Nº 2 DE 2 DE SETEMBRO DE 2021 « Catálogo de Legislação Municipal (1).pdf,PDF,GOVERNANCA,01A_BRONZE_OFICIAL,DESCONHECIDO,DESCARTE,pdf
1QC0R7psFewjOe1lJ7shPd7ppQymP3z0M,RESOLUÇÃO SECRETARIA MUNICIPAL DE URBANISMO E LICENCIAMENTO - SMUL_CAEHIS Nº 2 DE 2 DE SETEMBRO DE 2021 « Catálogo de Legislação Municipal.pdf,PDF,GOVERNANCA,01A_BRONZE_OFICIAL,DESCONHECIDO,SO_IDEIA,pdf
1tFgm7cUWagU4OVneZuIpSMEZCKp0i8rJ,RESOLUÇÃO SECRETARIA MUNICIPAL DE URBANISMO E LICENCIAMENTO - SMUL_CAEHIS Nº 3 DE 7 DE OUTUBRO DE 2021 « Catálogo de Legislação Municipal (1).pdf,PDF,GOVERNANCA,01A_BRONZE_OFICIAL,DESCONHECIDO,DESCARTE,pdf
1Yp-jO4Y2_HO4URJfyMjwuYpO_pu11a71,RESOLUÇÃO SECRETARIA MUNICIPAL DE URBANISMO E LICENCIAMENTO - SMUL_CAEHIS Nº 3 DE 7 DE OUTUBRO DE 2021 « Catálogo de Legislação Municipal.pdf,PDF,GOVERNANCA,01A_BRONZE_OFICIAL,DESCONHECIDO,SO_IDEIA,pdf
1VB6Mknlw6eA4jTDfTjDrJs3n6EFymxpZ,RESOLUÇÃO SECRETARIA MUNICIPAL DE URBANISMO E LICENCIAMENTO - SMUL_CEUSO Nº 138 DE 14 DE JUNHO DE 2021 « Catálogo de Legislação Municipal (1).pdf,PDF,GOVERNANCA,99_LIXEIRA_DUPLICADOS,DESCONHECIDO,DESCARTE,pdf
1zOHF-IszBgyPIRSE0BxYOPgrbgCQALSj,RESOLUÇÃO SECRETARIA MUNICIPAL DE URBANISMO E LICENCIAMENTO - SMUL_CEUSO Nº 138 DE 14 DE JUNHO DE 2021 « Catálogo de Legislação Municipal (2).pdf,PDF,GOVERNANCA,01A_BRONZE_OFICIAL,DESCONHECIDO,DESCARTE,pdf
1qCq1vmEHacyYp7m16QLB6nHPHiiQ1KZ6,RESOLUÇÃO SECRETARIA MUNICIPAL DE URBANISMO E LICENCIAMENTO - SMUL_CEUSO Nº 138 DE 14 DE JUNHO DE 2021 « Catálogo de Legislação Municipal.pdf,PDF,GOVERNANCA,01A_BRONZE_OFICIAL,DESCONHECIDO,SO_IDEIA,pdf
1voQ8eGE-yNnSzOXNkv4OMfjz8P_E2878,RESOLUÇÃO SECRETARIA MUNICIPAL DE URBANISMO E LICENCIAMENTO - SMUL_CEUSO Nº 138 DE 14 DE JUNHO DE 2021 « Catálogo de Legislação Municipal_6060be.pdf,PDF,GOVERNANCA,99_LIXEIRA_DUPLICADOS,DESCONHECIDO,DESCARTE,pdf
11lDRyoSSOEFLlOj4g0FdBKmg8LNVukr3,RESOLUÇÃO SECRETARIA MUNICIPAL DE URBANISMO E LICENCIAMENTO - SMUL_CEUSO Nº 141 DE 8 DE FEVEREIRO DE 2021 « Catálogo de Legislação Municipal (1).pdf,PDF,GOVERNANCA,99_LIXEIRA_DUPLICADOS,DESCONHECIDO,DESCARTE,pdf
1Cn5CtnoUnyFkU9DARKfwTsdYbnHUD9Q5,RESOLUÇÃO SECRETARIA MUNICIPAL DE URBANISMO E LICENCIAMENTO - SMUL_CEUSO Nº 141 DE 8 DE FEVEREIRO DE 2021 « Catálogo de Legislação Municipal.pdf,PDF,GOVERNANCA,01A_BRONZE_OFICIAL,DESCONHECIDO,SO_IDEIA,pdf
1JZjRCVFGxbstUbi6QvfWEmvqpe5iwfeA,RESOLUÇÃO SECRETARIA MUNICIPAL DE URBANISMO E LICENCIAMENTO - SMUL_CEUSO Nº 141 DE 8 DE FEVEREIRO DE 2021 « Catálogo de Legislação Municipal_050415.pdf,PDF,GOVERNANCA,99_LIXEIRA_DUPLICADOS,DESCONHECIDO,DESCARTE,pdf
1QTcJTgIo9KKdJwm1_UbHSJtGZbcqZqFo,RESOLUÇÃO SECRETARIA MUNICIPAL DE URBANISMO E LICENCIAMENTO - SMUL_CEUSO Nº 146 DE 27 DE JANEIRO DE 2022 « Catálogo de Legislação Municipal (1).pdf,PDF,GOVERNANCA,01A_BRONZE_OFICIAL,DESCONHECIDO,DESCARTE,pdf
1fOkbGiWLQQCUwjU5ktLa6ug4MPE7_I7Q,RESOLUÇÃO SECRETARIA MUNICIPAL DE URBANISMO E LICENCIAMENTO - SMUL_CEUSO Nº 146 DE 27 DE JANEIRO DE 2022 « Catálogo de Legislação Municipal (2).pdf,PDF,GOVERNANCA,01A_BRONZE_OFICIAL,DESCONHECIDO,DESCARTE,pdf
1bvTBMyYcByfwVZ0Jf2XH6p_M7Jx3MEvT,RESOLUÇÃO SECRETARIA MUNICIPAL DE URBANISMO E LICENCIAMENTO - SMUL_CEUSO Nº 146 DE 27 DE JANEIRO DE 2022 « Catálogo de Legislação Municipal.pdf,PDF,GOVERNANCA,01A_BRONZE_OFICIAL,DESCONHECIDO,SO_IDEIA,pdf
1gl428GeNVM8YFoQcuqdCbfqK59XuxZKN,RESOLUÇÃO SECRETARIA MUNICIPAL DE URBANISMO E LICENCIAMENTO - SMUL_CEUSO Nº 146 DE 27 DE JANEIRO DE 2022 « Catálogo de Legislação Municipal_68c0af.pdf,PDF,GOVERNANCA,99_LIXEIRA_DUPLICADOS,DESCONHECIDO,DESCARTE,pdf
123_5cibUJGqm6qStk93si9XGSAzQi_oA,RESOLUÇÃO SECRETARIA MUNICIPAL DE URBANISMO E LICENCIAMENTO - SMUL_CEUSO Nº 146 DE 27 DE JANEIRO DE 2022 « Catálogo de Legislação Municipal_6bbd40.pdf,PDF,GOVERNANCA,99_LIXEIRA_DUPLICADOS,DESCONHECIDO,DESCARTE,pdf
1f5dcd0-S-QIglsmNBA4Zhn5ozdGv0Ux_,RESOLUÇÃO SECRETARIA MUNICIPAL DE URBANISMO E LICENCIAMENTO - SMUL_CEUSO Nº 150 DE 22 DE AGOSTO DE 2022 « Catálogo de Legislação Municipal (1).pdf,PDF,GOVERNANCA,99_LIXEIRA_DUPLICADOS,DESCONHECIDO,DESCARTE,pdf
1TAFUyUyK97BvuM6gAiaS1jR2O9RLThRe,RESOLUÇÃO SECRETARIA MUNICIPAL DE URBANISMO E LICENCIAMENTO - SMUL_CEUSO Nº 150 DE 22 DE AGOSTO DE 2022 « Catálogo de Legislação Municipal (2).pdf,PDF,GOVERNANCA,01A_BRONZE_OFICIAL,DESCONHECIDO,DESCARTE,pdf
1K8C_sI2Mi9NMvTjy3pmW5FvCI7-hpcDn,RESOLUÇÃO SECRETARIA MUNICIPAL DE URBANISMO E LICENCIAMENTO - SMUL_CEUSO Nº 150 DE 22 DE AGOSTO DE 2022 « Catálogo de Legislação Municipal.pdf,PDF,GOVERNANCA,01A_BRONZE_OFICIAL,DESCONHECIDO,SO_IDEIA,pdf
1fDA8IrARuyMlpRS4lBJqY3EGjzoPWAol,RESOLUÇÃO SECRETARIA MUNICIPAL DE URBANISMO E LICENCIAMENTO - SMUL_CEUSO Nº 150 DE 22 DE AGOSTO DE 2022 « Catálogo de Legislação Municipal_738071.pdf,PDF,GOVERNANCA,99_LIXEIRA_DUPLICADOS,DESCONHECIDO,DESCARTE,pdf
18vAboTNL8A_CDv-5aOF7hZW7pkYeDmWJ,RESOLUÇÃO SECRETARIA MUNICIPAL DE URBANISMO E LICENCIAMENTO - SMUL_CEUSO Nº 150 DE 22 DE AGOSTO DE 2022 « Catálogo de Legislação Municipal_fa829e.pdf,PDF,GOVERNANCA,99_LIXEIRA_DUPLICADOS,DESCONHECIDO,DESCARTE,pdf
1Wiykv-l52qemhahf_zRx_cJCuczlF6OL,RESOLUÇÃO SECRETARIA MUNICIPAL DE URBANISMO E LICENCIAMENTO - SMUL_CTLU Nº 1 DE 27 DE FEVEREIRO DE 2023 « Catálogo de Legislação Municipal (1).pdf,PDF,GOVERNANCA,01A_BRONZE_OFICIAL,DESCONHECIDO,DESCARTE,pdf
1Zau8EwAGHE1aCagCzMaOyt_IZiCOASdh,RESOLUÇÃO SECRETARIA MUNICIPAL DE URBANISMO E LICENCIAMENTO - SMUL_CTLU Nº 1 DE 27 DE FEVEREIRO DE 2023 « Catálogo de Legislação Municipal (2).pdf,PDF,GOVERNANCA,01A_BRONZE_OFICIAL,DESCONHECIDO,DESCARTE,pdf
1d-V0wboLE3MrJRKIhGfxmHgfrlVSHrNo,RESOLUÇÃO SECRETARIA MUNICIPAL DE URBANISMO E LICENCIAMENTO - SMUL_CTLU Nº 1 DE 27 DE FEVEREIRO DE 2023 « Catálogo de Legislação Municipal.pdf,PDF,GOVERNANCA,01A_BRONZE_OFICIAL,DESCONHECIDO,SO_IDEIA,pdf
1AIjWc-tK5guoJUFEwHqlGOUM3_LlZ4hj,RESOLUÇÃO SECRETARIA MUNICIPAL DE URBANISMO E LICENCIAMENTO - SMUL_CTLU Nº 1 DE 27 DE FEVEREIRO DE 2023 « Catálogo de Legislação Municipal_48936d.pdf,PDF,GOVERNANCA,99_LIXEIRA_DUPLICADOS,DESCONHECIDO,DESCARTE,pdf
1ZATj10Fioal5bHEQ770anJEPmWowU2eh,RESOLUÇÃO SECRETARIA MUNICIPAL DE URBANISMO E LICENCIAMENTO - SMUL_CTLU Nº 12 DE 10 DE DEZEMBRO DE 2018 « Catálogo de Legislação Municipal (1).pdf,PDF,GOVERNANCA,99_LIXEIRA_DUPLICADOS,DESCONHECIDO,DESCARTE,pdf
1SprROugg6YGZUsvdDxZmBTOpurwMWCqR,RESOLUÇÃO SECRETARIA MUNICIPAL DE URBANISMO E LICENCIAMENTO - SMUL_CTLU Nº 12 DE 10 DE DEZEMBRO DE 2018 « Catálogo de Legislação Municipal (2).pdf,PDF,GOVERNANCA,01A_BRONZE_OFICIAL,DESCONHECIDO,DESCARTE,pdf
1qiCyJL2it5yWXZAdobbcR1xjxrIrkZUg,RESOLUÇÃO SECRETARIA MUNICIPAL DE URBANISMO E LICENCIAMENTO - SMUL_CTLU Nº 12 DE 10 DE DEZEMBRO DE 2018 « Catálogo de Legislação Municipal.pdf,PDF,GOVERNANCA,01A_BRONZE_OFICIAL,DESCONHECIDO,SO_IDEIA,pdf
1EG94pf2HtTxBUrggYDYL2OMnBl9GFpK9,RESOLUÇÃO SECRETARIA MUNICIPAL DE URBANISMO E LICENCIAMENTO - SMUL_CTLU Nº 12 DE 10 DE DEZEMBRO DE 2018 « Catálogo de Legislação Municipal_1bfd45.pdf,PDF,GOVERNANCA,99_LIXEIRA_DUPLICADOS,DESCONHECIDO,DESCARTE,pdf
12SkZ6AYv6UMhfG5QtaJef9Xujoyswpt_,RESOLUÇÃO SECRETARIA MUNICIPAL DE URBANISMO E LICENCIAMENTO - SMUL_CTLU Nº 12 DE 10 DE DEZEMBRO DE 2018 « Catálogo de Legislação Municipal_4d699a.pdf,PDF,GOVERNANCA,99_LIXEIRA_DUPLICADOS,DESCONHECIDO,DESCARTE,pdf
1C_kUq78PU1R6sYdtd0H8uc5HnQnlILA_,RESOLUÇÃO SECRETARIA MUNICIPAL DE URBANISMO E LICENCIAMENTO - SMUL_CTLU Nº 12 DE 11 DE NOVEMBRO DE 2021 « Catálogo de Legislação Municipal (1).pdf,PDF,GOVERNANCA,01A_BRONZE_OFICIAL,DESCONHECIDO,DESCARTE,pdf
10w-6WvXX2Qbybojdt--G3NN0kmhyaekq,RESOLUÇÃO SECRETARIA MUNICIPAL DE URBANISMO E LICENCIAMENTO - SMUL_CTLU Nº 12 DE 11 DE NOVEMBRO DE 2021 « Catálogo de Legislação Municipal.pdf,PDF,GOVERNANCA,01A_BRONZE_OFICIAL,DESCONHECIDO,SO_IDEIA,pdf
1W9G-QuvI2HuFd-wDduwrs8uztwFCu6lB,RESOLUÇÃO SECRETARIA MUNICIPAL DE URBANISMO E LICENCIAMENTO - SMUL_CTLU Nº 12 DE 11 DE NOVEMBRO DE 2021 « Catálogo de Legislação Municipal_c82e30.pdf,PDF,GOVERNANCA,99_LIXEIRA_DUPLICADOS,DESCONHECIDO,DESCARTE,pdf
1yWiFhYuk2GAfWWo4nxLHus09P7FoRe8N,RESOLUÇÃO SECRETARIA MUNICIPAL DE URBANISMO E LICENCIAMENTO - SMUL_CTLU Nº 4 DE 4 DE ABRIL DE 2024 « Catálogo de Legislação Municipal (1).pdf,PDF,GOVERNANCA,99_LIXEIRA_DUPLICADOS,DESCONHECIDO,DESCARTE,pdf
13YM2xovnpksgTXQ6gRPnIO47F5DCwFNz,RESOLUÇÃO SECRETARIA MUNICIPAL DE URBANISMO E LICENCIAMENTO - SMUL_CTLU Nº 4 DE 4 DE ABRIL DE 2024 « Catálogo de Legislação Municipal.pdf,PDF,GOVERNANCA,01A_BRONZE_OFICIAL,DESCONHECIDO,SO_IDEIA,pdf
1YqwEc091feCGu6kTX52Rl8eOA5-Vd_Ka,RESOLUÇÃO SECRETARIA MUNICIPAL DE URBANISMO E LICENCIAMENTO - SMUL_CTLU Nº 4 DE 4 DE ABRIL DE 2024 « Catálogo de Legislação Municipal_2da63f.pdf,PDF,GOVERNANCA,99_LIXEIRA_DUPLICADOS,DESCONHECIDO,DESCARTE,pdf
1EmZCL33xTv90gyjtdKxguTGbWBpxCDFn,ARQUIP _ DOSP - 105163385 - Decreto.pdf,DECRETO,JURIDICO,01A_BRONZE_OFICIAL,OFICIAL,DESCARTE,pdf
1aTqnaoOndOZIvlzGbkQIWl24j9uUEovs,ARQUIP _ DOSP - 148669538 - Decreto.pdf,DECRETO,JURIDICO,01A_BRONZE_OFICIAL,OFICIAL,DESCARTE,pdf
1kqrJxlQOOmtoYehOcihoeVXMskpYenRo,Anexo I do Decreto 58_289_2018 (1).pdf,DECRETO,JURIDICO,01A_BRONZE_OFICIAL,OFICIAL,DESCARTE,pdf
1YYl1VefvPXiU1j9EjAkJkWl3fVA74S0e,Anexo I do Decreto 58_289_2018.pdf,DECRETO,JURIDICO,01A_BRONZE_OFICIAL,OFICIAL,DESCARTE,pdf
1nlqIHAipLOYRb8pqiGWE9XlfJHH3fg4P,Anexo Unico do Decreto 57_378-16_ com_Deliberações CTLU_19__01_2021.pdf,DECRETO,JURIDICO,01A_BRONZE_OFICIAL,OFICIAL,DESCARTE,pdf
13T2MK-rY-QMZRKqKxZjGgtA8SO2T3oYW,DECRETO Nº 57.299 DE 8 DE SETEMBRO DE 2016 « Catálogo de Legislação Municipal.pdf,DECRETO,JURIDICO,01A_BRONZE_OFICIAL,OFICIAL,DESCARTE,pdf
1VM7-hWGnYcRIGNy02THj86SYeM8TUK0z,DECRETO Nº 57.443 DE 10 DE NOVEMBRO DE 2016 « Catálogo de Legislação Municipal (1).pdf,DECRETO,JURIDICO,01A_BRONZE_OFICIAL,OFICIAL,DESCARTE,pdf
119SLtsS73fyZ6Dr680LXD5DPqkgepo3m,DECRETO Nº 57.443 DE 10 DE NOVEMBRO DE 2016 « Catálogo de Legislação Municipal.pdf,DECRETO,JURIDICO,01A_BRONZE_OFICIAL,OFICIAL,DESCARTE,pdf
16imqcQn1DdhScKensZ-KFWqi80NIFXfI,DECRETO Nº 57.521 DE 9 DE DEZEMBRO DE 2016 « Catálogo de Legislação Municipal.pdf,DECRETO,JURIDICO,01A_BRONZE_OFICIAL,OFICIAL,DESCARTE,pdf
1oTD2k7Jh-mtF6l_4rXDSiz3-bfTnt-Sr,DECRETO Nº 57.536 DE 15 DE DEZEMBRO DE 2016 « Catálogo de Legislação Municipal.pdf,DECRETO,JURIDICO,01A_BRONZE_OFICIAL,OFICIAL,DESCARTE,pdf
1ETQwZsbcJAR56-3fNh6ExEoBd8m_BiCo,DECRETO Nº 57.565 DE 27 DE DEZEMBRO DE 2016 « Catálogo de Legislação Municipal (1).pdf,DECRETO,JURIDICO,01A_BRONZE_OFICIAL,OFICIAL,DESCARTE,pdf
1mIU9sGn3VVSN18jsHtmp2M7hVwJ0XCo-,DECRETO Nº 57.565 DE 27 DE DEZEMBRO DE 2016 « Catálogo de Legislação Municipal.pdf,DECRETO,JURIDICO,01A_BRONZE_OFICIAL,OFICIAL,DESCARTE,pdf
1kP7IboAaxscfptXQNE6gYJBpCmN84P5v,DECRETO Nº 57.776 DE 7 DE JULHO DE 2017 « Catálogo de Legislação Municipal.pdf,DECRETO,JURIDICO,01A_BRONZE_OFICIAL,OFICIAL,DESCARTE,pdf
1N9FasxeymWYUvXUJ-hpfyQ7ZL9p8wCQj,DECRETO Nº 58.028 DE 11 DE DEZEMBRO DE 2017 « Catálogo de Legislação Municipal.pdf,DECRETO,JURIDICO,01A_BRONZE_OFICIAL,OFICIAL,DESCARTE,pdf
1juyuGnSxZrxSoeoAJhaxpH1DoeLtEZiY,DECRETO Nº 58.094 DE 21 DE FEVEREIRO DE 2018 « Catálogo de Legislação Municipal.pdf,DECRETO,JURIDICO,01A_BRONZE_OFICIAL,OFICIAL,DESCARTE,pdf
1RiwkFtU2zmCn4nNi8NptJEINAKtLh_Xs,DECRETO Nº 58.176 DE 3 DE ABRIL DE 2018 « Catálogo de Legislação Municipal.pdf,DECRETO,JURIDICO,01A_BRONZE_OFICIAL,OFICIAL,DESCARTE,pdf
1qXjW9WJ0XT6WMlivxpwPgKJf7QLGCbg0,DECRETO Nº 58.707 DE 8 DE ABRIL DE 2019 « Catálogo de Legislação Municipal.pdf,DECRETO,JURIDICO,01A_BRONZE_OFICIAL,OFICIAL,DESCARTE,pdf
1RxKKm9OsQw5fyXECUVxqhBa2tl5Xk61H,DECRETO Nº 58.955 DE 20 DE SETEMBRO DE 2019 « Catálogo de Legislação Municipal (1).pdf,DECRETO,JURIDICO,01A_BRONZE_OFICIAL,OFICIAL,DESCARTE,pdf
13ZQHCcofLBlHW2iB21nqiYQpAeIjWqhT,DECRETO Nº 58.955 DE 20 DE SETEMBRO DE 2019 « Catálogo de Legislação Municipal.pdf,DECRETO,JURIDICO,01A_BRONZE_OFICIAL,OFICIAL,DESCARTE,pdf
1DoISNBZqgn9y7lAoT-0RBHYmGz1Snz2J,DECRETO Nº 59.163 DE 27 DE DEZEMBRO DE 2019 « Catálogo de Legislação Municipal.pdf,DECRETO,JURIDICO,01A_BRONZE_OFICIAL,OFICIAL,DESCARTE,pdf
1ZD0fqKfsJVlfZ36aQW4w4hbVNN13pDMx,DECRETO Nº 59.164 DE 27 DE DEZEMBRO DE 2019 « Catálogo de Legislação Municipal (1).pdf,DECRETO,JURIDICO,01A_BRONZE_OFICIAL,OFICIAL,DESCARTE,pdf
1PL7QkSLatXXJFBuRrUxWqme434RHigp8,DECRETO Nº 59.164 DE 27 DE DEZEMBRO DE 2019 « Catálogo de Legislação Municipal.pdf,DECRETO,JURIDICO,01A_BRONZE_OFICIAL,OFICIAL,DESCARTE,pdf
1F1SDNERKp0zmZmQmn8oBDvMZsxolzGYo,DECRETO Nº 59.671 DE 7 DE AGOSTO DE 2020 « Catálogo de Legislação Municipal.pdf,DECRETO,JURIDICO,01A_BRONZE_OFICIAL,OFICIAL,DESCARTE,pdf
144wrCsjgQFBcCit-ebQf1zKGQUsKrH0k,DECRETO Nº 59.886 DE 4 DE NOVEMBRO DE 2020 « Catálogo de Legislação Municipal (1).pdf,DECRETO,JURIDICO,01A_BRONZE_OFICIAL,OFICIAL,DESCARTE,pdf
1Y6vglbBbWon0DpuY1PE49Oq0pttUHPKG,DECRETO Nº 59.886 DE 4 DE NOVEMBRO DE 2020 « Catálogo de Legislação Municipal.pdf,DECRETO,JURIDICO,01A_BRONZE_OFICIAL,OFICIAL,DESCARTE,pdf
1BtWkj8PyeIuOcoifzHBk8GMpBR4qalT3,DECRETO Nº 60.581 DE 27 DE SETEMBRO DE 2021 « Catálogo de Legislação Municipal (1).pdf,DECRETO,JURIDICO,01A_BRONZE_OFICIAL,OFICIAL,DESCARTE,pdf
1J-VcmxcEQvNmuKgE5a6Gfvd69LiUgm8f,DECRETO Nº 60.581 DE 27 DE SETEMBRO DE 2021 « Catálogo de Legislação Municipal.pdf,DECRETO,JURIDICO,01A_BRONZE_OFICIAL,OFICIAL,DESCARTE,pdf
1pcD-u6vpx4I65_cZjt4BoYmollAwLe2P,DECRETO Nº 61.137 DE 10 DE MARÇO DE 2022 « Catálogo de Legislação Municipal.pdf,DECRETO,JURIDICO,01A_BRONZE_OFICIAL,OFICIAL,DESCARTE,pdf
1M1il5qj-TkQKKlfKndfmEO_8EgSAUFCA,DECRETO Nº 61.218 DE 6 DE ABRIL DE 2022 « Catálogo de Legislação Municipal.pdf,DECRETO,JURIDICO,01A_BRONZE_OFICIAL,OFICIAL,DESCARTE,pdf
1VSRJsJnqpbAUK58gC7zJ0AKrXRwq5Y5Q,DECRETO Nº 62.175 DE 24 DE FEVEREIRO DE 2023 « Catálogo de Legislação Municipal.pdf,DECRETO,JURIDICO,01A_BRONZE_OFICIAL,OFICIAL,DESCARTE,pdf
1aM5jpxuN9vQd7V8uTB6qOcYg3Torelc-,DECRETO Nº 63.423 DE 21 DE MAIO DE 2024 « Catálogo de Legislação Municipal (1).pdf,DECRETO,JURIDICO,01A_BRONZE_OFICIAL,OFICIAL,DESCARTE,pdf
1bkQaCB-zRPS1i2dV9MMQ9xslTYLvWR_a,DECRETO Nº 63.423 DE 21 DE MAIO DE 2024 « Catálogo de Legislação Municipal.pdf,DECRETO,JURIDICO,01A_BRONZE_OFICIAL,OFICIAL,DESCARTE,pdf
1zQd-w6B993VYn3DR_UYBkAsh57B1KP0h,DECRETO Nº 63.437 DE 23 DE MAIO DE 2024 « Catálogo de Legislação Municipal.pdf,DECRETO,JURIDICO,01A_BRONZE_OFICIAL,OFICIAL,DESCARTE,pdf
1O9HReUL8yhLyxkWTDSRgYZck3IzdyYHl,DECRETO Nº 63.504 DE 14 DE JUNHO DE 2024 « Catálogo de Legislação Municipal (1).pdf,DECRETO,JURIDICO,01A_BRONZE_OFICIAL,OFICIAL,DESCARTE,pdf
1MlHTRKWwM2r3krH67SSaW4iky6eqPKwn,DECRETO Nº 63.504 DE 14 DE JUNHO DE 2024 « Catálogo de Legislação Municipal.pdf,DECRETO,JURIDICO,01A_BRONZE_OFICIAL,OFICIAL,DESCARTE,pdf
11SM7YHM16FD9uYJhpiVCl-XffcplDSNE,DECRETO Nº 63.999 DE 30 DE DEZEMBRO DE 2024 « Catálogo de Legislação Municipal (1).pdf,DECRETO,JURIDICO,01A_BRONZE_OFICIAL,OFICIAL,DESCARTE,pdf
1oErrIVRHYKENtWc4AGg3vl5yEBpT3H5R,DECRETO Nº 63.999 DE 30 DE DEZEMBRO DE 2024 « Catálogo de Legislação Municipal.pdf,DECRETO,JURIDICO,01A_BRONZE_OFICIAL,OFICIAL,DESCARTE,pdf
1gGYBx3CbVPioZJsUHNSx6804YMI3sez2,DECRETO Nº 64.018 DE 30 DE JANEIRO DE 2025 « Catálogo de Legislação Municipal.pdf,DECRETO,JURIDICO,01A_BRONZE_OFICIAL,OFICIAL,DESCARTE,pdf
11PpRHVN8y0qEA4lCUG87coWpoZpjtIAB,"decreto n.59.263, de 05.06.2013.pdf",DECRETO,JURIDICO,01C_BRONZE_CRIADOS,OFICIAL,DESCARTE,pdf
1RS4I-Agu9vqhmr-Tw0qO_r6P0-Qz0nxQ,2014-07-31 - LEI 16050 - PLANO DIRETOR ESTRATÉGICO.pdf,LEI,JURIDICO,01A_BRONZE_OFICIAL,OFICIAL,DESCARTE,pdf
1ZiRe7AcCPmXH8BE7WcoziZa6AVdgu3Wk,ARQUIP _ DOSP - 097088730 - Lei.pdf,LEI,JURIDICO,01A_BRONZE_OFICIAL,OFICIAL,DESCARTE,pdf
1TZ8YEOdddRCeDSizxv8S7zyCWYEojD8o,ARQUIP _ DOSP - 107504220 - Lei.pdf,LEI,JURIDICO,01A_BRONZE_OFICIAL,OFICIAL,DESCARTE,pdf
1KUBVdv3EcxKbRc6u04bugzKBr3YRwkPA,LEI Nº 11.154 DE 30 DE DEZEMBRO DE 1991 « Catálogo de Legislação Municipal.pdf,LEI,JURIDICO,01C_BRONZE_CRIADOS,OFICIAL,DESCARTE,pdf
1f0O07QVxvAKXtEZyXLqn_fIQyJvp-yZJ,LEI Nº 14.094 DE 6 DE DEZEMBRO DE 2005 « Catálogo de Legislação Municipal.pdf,LEI,JURIDICO,01C_BRONZE_CRIADOS,OFICIAL,DESCARTE,pdf
11DDBtGRKQmE3Liqae52M_uROD1479CVN,LEI Nº 15.044 DE 3 DE DEZEMBRO DE 2009 « Catálogo de Legislação Municipal.pdf,LEI,JURIDICO,01C_BRONZE_CRIADOS,OFICIAL,DESCARTE,pdf
10tiNy4w5gPNmMyOTI9pPEeI8AHefaxlN,LEI Nº 15.150 DE 6 DE MAIO DE 2010 « Catálogo de Legislação Municipal.pdf,LEI,JURIDICO,01A_BRONZE_OFICIAL,OFICIAL,DESCARTE,pdf
1_A5iflIzmge5iiHAzZFH6SYNmYYCc0Uh,LEI Nº 15.723 DE 24 DE ABRIL DE 2013 « Catálogo de Legislação Municipal.pdf,LEI,JURIDICO,01A_BRONZE_OFICIAL,OFICIAL,DESCARTE,pdf
1txwXlEXopCRetad2UEOqhjYQxEGShzTB,LEI Nº 16.050 DE 31 DE JULHO DE 2014 « Catálogo de Legislação Municipal.pdf,LEI,JURIDICO,DOCUMENTOS,OFICIAL,DESCARTE,pdf
1iFTYZkYTKUAHVFxcpyfWGO-GX8IwySGU,LEI Nº 16.402.pdf,LEI,JURIDICO,01A_BRONZE_OFICIAL,OFICIAL,DESCARTE,pdf
1Sp2_h-52mxHIs3lTVxmei3wZdf536YLe,LEI Nº 16.642 DE 9 DE MAIO DE 2017 « Catálogo de Legislação Municipal (1).pdf,LEI,JURIDICO,99_LIXEIRA_DUPLICADOS,OFICIAL,DESCARTE,pdf
18Bom85V94g_7SsFwTUw1dHwkaD1AaE2o,LEI Nº 16.642 DE 9 DE MAIO DE 2017 « Catálogo de Legislação Municipal (2).pdf,LEI,JURIDICO,01A_BRONZE_OFICIAL,OFICIAL,DESCARTE,pdf
1LjYelDjdg1M3Tb1cIQbDH3S97bgPWv27,LEI Nº 16.642 DE 9 DE MAIO DE 2017 « Catálogo de Legislação Municipal.pdf,LEI,JURIDICO,01A_BRONZE_OFICIAL,OFICIAL,DESCARTE,pdf
1iIGGaABbIA6FPMtgPK4HBTuMWff9quGa,LEI Nº 16.642 DE 9 DE MAIO DE 2017 « Catálogo de Legislação Municipal_26f02f.pdf,LEI,JURIDICO,01A_BRONZE_OFICIAL,OFICIAL,DESCARTE,pdf
1DTZ4m3JNlHsnbRpmRr0VXfjerBJX6DAr,LEI Nº 17.104 DE 30 DE MAIO DE 2019 « Catálogo de Legislação Municipal (1).pdf,LEI,JURIDICO,01A_BRONZE_OFICIAL,OFICIAL,DESCARTE,pdf
1Qk1DEt9Tcc9m4DNP3RcR66rJktmZCPj6,LEI Nº 17.104 DE 30 DE MAIO DE 2019 « Catálogo de Legislação Municipal.pdf,LEI,JURIDICO,01A_BRONZE_OFICIAL,OFICIAL,DESCARTE,pdf
1mB6MiwEf5hgZt24ImIOKpoWp7slnrCL_,LEI Nº 17.202 DE 16 DE OUTUBRO DE 2019 « Catálogo de Legislação Municipal (1).pdf,LEI,JURIDICO,01A_BRONZE_OFICIAL,OFICIAL,DESCARTE,pdf
1ch0IkHW4x1nY2KsUljseB_PBV3hHyXSG,LEI Nº 17.202 DE 16 DE OUTUBRO DE 2019 « Catálogo de Legislação Municipal.pdf,LEI,JURIDICO,01A_BRONZE_OFICIAL,OFICIAL,DESCARTE,pdf
1K4c4JZJ1ZVfpaCcKXTeDoIqGeQfUgzhp,LEI Nº 17.217 DE 23 DE OUTUBRO DE 2019 « Catálogo de Legislação Municipal.pdf,LEI,JURIDICO,01A_BRONZE_OFICIAL,OFICIAL,DESCARTE,pdf
11UsFREm0vELogyKM-las3F6UZCnJASAJ,LEI Nº 17.577 DE 20 DE JULHO DE 2021 « Catálogo de Legislação Municipal.pdf,LEI,JURIDICO,01A_BRONZE_OFICIAL,OFICIAL,DESCARTE,pdf
1lv_hDddgvRPm6HRa3Ty78_oNxdVpFWht,LEI Nº 17.733 DE 11 DE JANEIRO DE 2022 « Catálogo de Legislação Municipal (1).pdf,LEI,JURIDICO,01A_BRONZE_OFICIAL,OFICIAL,DESCARTE,pdf
1ReUJEoTQBPmgtfNpvVuwgQoAeYrcW7iC,LEI Nº 17.733 DE 11 DE JANEIRO DE 2022 « Catálogo de Legislação Municipal.pdf,LEI,JURIDICO,01A_BRONZE_OFICIAL,OFICIAL,DESCARTE,pdf
1XjOMA1n6F4-c4aKLQGusmZxjBXVK3IK7,LEI Nº 17.734 DE 11 DE JANEIRO DE 2022 « Catálogo de Legislação Municipal.pdf,LEI,JURIDICO,01A_BRONZE_OFICIAL,OFICIAL,DESCARTE,pdf
1lAqOdl4m4a_ZPNtNL9JarrOmGIdeQdY7,LEI Nº 17.844 DE 14 DE SETEMBRO DE 2022 « Catálogo de Legislação Municipal (1).pdf,LEI,JURIDICO,01A_BRONZE_OFICIAL,OFICIAL,DESCARTE,pdf
1xPfy7bkfYdcsBtp_dKGcpPmvMkf-9Lit,LEI Nº 17.844 DE 14 DE SETEMBRO DE 2022 « Catálogo de Legislação Municipal.pdf,LEI,JURIDICO,01A_BRONZE_OFICIAL,OFICIAL,DESCARTE,pdf
1vi9nTJEjkc9GEt-AhQxQvvjXrxlJ2gAz,LEI Nº 17.853 DE 29 DE NOVEMBRO DE 2022 « Catálogo de Legislação Municipal.pdf,LEI,JURIDICO,01A_BRONZE_OFICIAL,OFICIAL,DESCARTE,pdf
1YWVVn5NGpj91SXaUmyWNEd5S1vAAWDQl,LEI Nº 17.975 DE 8 DE JULHO DE 2023 « Catálogo de Legislação Municipal (1).pdf,LEI,JURIDICO,01A_BRONZE_OFICIAL,OFICIAL,DESCARTE,pdf
1XBMtSAaDsScroV6RZF6dPTPPSwb3uqvv,LEI Nº 17.975 DE 8 DE JULHO DE 2023 « Catálogo de Legislação Municipal.pdf,LEI,JURIDICO,01A_BRONZE_OFICIAL,OFICIAL,DESCARTE,pdf
10xoxWBt67RCv32mNhM0IgeUMpPi90oGI,LEI Nº 18.081 DE 19 DE JANEIRO DE 2024 « Catálogo de Legislação Municipal (1).pdf,LEI,JURIDICO,99_LIXEIRA_DUPLICADOS,OFICIAL,DESCARTE,pdf
165OAxGyJODNTSNKCEG9zSin0IC2UK9Pt,LEI Nº 18.081 DE 19 DE JANEIRO DE 2024 « Catálogo de Legislação Municipal (2).pdf,LEI,JURIDICO,01A_BRONZE_OFICIAL,OFICIAL,DESCARTE,pdf
16nRmIg4ZvEM7XTtOStVPyX2TK1Eqdslx,LEI Nº 18.081 DE 19 DE JANEIRO DE 2024 « Catálogo de Legislação Municipal.pdf,LEI,JURIDICO,01A_BRONZE_OFICIAL,OFICIAL,DESCARTE,pdf
159qiwU97VP71d-B2AexipH-qEuIE-5AZ,LEI Nº 18.081 DE 19 DE JANEIRO DE 2024 « Catálogo de Legislação Municipal_02ef41.pdf,LEI,JURIDICO,01A_BRONZE_OFICIAL,OFICIAL,DESCARTE,pdf
17NTK6Hox308GXgO4cjrGRVB2UZD6rYkl,LEI Nº 18.177 DE 25 DE JULHO DE 2024 « Catálogo de Legislação Municipal.pdf,LEI,JURIDICO,01A_BRONZE_OFICIAL,OFICIAL,DESCARTE,pdf
1tSLnEJkoO37CNfCqesDn-1qm0_eyfZgn,LEI Nº 18.209 DE 20 DE DEZEMBRO DE 2024 « Catálogo de Legislação Municipal.pdf,LEI,JURIDICO,01A_BRONZE_OFICIAL,OFICIAL,DESCARTE,pdf
1ylwYONOJekWFHiSUFAdNcakxW_HkJRV6,LEI Nº 18.222 DE 27 DE DEZEMBRO DE 2024 « Catálogo de Legislação Municipal.pdf,LEI,JURIDICO,01A_BRONZE_OFICIAL,OFICIAL,DESCARTE,pdf
1abMzrB1hdin6vnm0T9akVXU1CKJa-8dE,LEI Nº 18.298 DE 17 DE SETEMBRO DE 2025 « Catálogo de Legislação Municipal.pdf,LEI,JURIDICO,Documentos Novos,OFICIAL,DESCARTE,pdf
1XuOOMjg59oIQ0YPGRERdkeKGMvk075DB,Lei nº 11.428.pdf,LEI,JURIDICO,01A_BRONZE_OFICIAL,OFICIAL,DESCARTE,pdf
1Gd9TMgdkowMKWhmib6NjpnbiIVOQeH4e,RAZÕES DO VETO AO PROJETO DE LEI Nº 272_2015; OFÍCIO DE 22 DE MARÇO DE 2016 « Catálogo de Legislação Municipal (1).pdf,LEI,JURIDICO,01A_BRONZE_OFICIAL,OFICIAL,DESCARTE,pdf
1wVAeUZlyUPGYRuVKGiOtl2iQ5UblHutj,RAZÕES DO VETO AO PROJETO DE LEI Nº 272_2015; OFÍCIO DE 22 DE MARÇO DE 2016 « Catálogo de Legislação Municipal.pdf,LEI,JURIDICO,01A_BRONZE_OFICIAL,OFICIAL,DESCARTE,pdf
10A8bT1ho5AtbFIxsIbhJ4ArgUlfNgXHm,2018_30_Sao-Paulo_Tecelagem-de-Seda-Italo-Brasileira_1753238709931 (1).pdf,PDF,JURIDICO,99_LIXEIRA_DUPLICADOS,OFICIAL,DESCARTE,pdf
1_-UcZ_9F2m-Iz1SPXJXe54LfCS85da44,2018_30_Sao-Paulo_Tecelagem-de-Seda-Italo-Brasileira_1753238709931 (2).pdf,PDF,JURIDICO,01A_BRONZE_OFICIAL,OFICIAL,DESCARTE,pdf
1YBcx7Q_wd7SJNBWPAXKQt3PTMDmotTr1,2018_30_Sao-Paulo_Tecelagem-de-Seda-Italo-Brasileira_1753238709931.pdf,PDF,JURIDICO,01A_BRONZE_OFICIAL,OFICIAL,DESCARTE,pdf
1q6DIh6CLF9Cdhb53Epz8KIAxzy9hSrrs,ARQUIP _ DOSP - 149729786 - Portaria.pdf,PORTARIA,JURIDICO,01A_BRONZE_OFICIAL,OFICIAL,DESCARTE,pdf
1CfBfrvl7GYHeMekJnLT3fz8Qz9VwVXMt,PORTARIA SECRETARIA MUNICIPAL DE COORDENAÇÃO DAS SUBPREFEITURAS - SMSP Nº 20 DE 3 DE MAIO DE 2016 « Catálogo de Legislação Municipal (1).pdf,PORTARIA,JURIDICO,01A_BRONZE_OFICIAL,OFICIAL,DESCARTE,pdf
1p1uWVMTypH1RpCCiqGPt34yvt7QX80Lz,PORTARIA SECRETARIA MUNICIPAL DE COORDENAÇÃO DAS SUBPREFEITURAS - SMSP Nº 20 DE 3 DE MAIO DE 2016 « Catálogo de Legislação Municipal.pdf,PORTARIA,JURIDICO,01A_BRONZE_OFICIAL,OFICIAL,DESCARTE,pdf
1Yn_-t9WfYJluOaeiTmPtdpjGH0JmHlof,PORTARIA SECRETARIA MUNICIPAL DE LICENCIAMENTO - SEL Nº 1 DE 8 DE JANEIRO DE 2020 « Catálogo de Legislação Municipal (1).pdf,PORTARIA,JURIDICO,01A_BRONZE_OFICIAL,OFICIAL,DESCARTE,pdf
14pjENOd2JBmdOVlFnKELBroa0LbXRDlB,PORTARIA SECRETARIA MUNICIPAL DE LICENCIAMENTO - SEL Nº 1 DE 8 DE JANEIRO DE 2020 « Catálogo de Legislação Municipal.pdf,PORTARIA,JURIDICO,01A_BRONZE_OFICIAL,OFICIAL,DESCARTE,pdf
1Sndw5hBNbiogBoo9ua-SEMM5FZVbRfRs,PORTARIA SECRETARIA MUNICIPAL DE LICENCIAMENTO - SEL Nº 15 DE 2 DE MAIO DE 2016 « Catálogo de Legislação Municipal (1).pdf,PORTARIA,JURIDICO,99_LIXEIRA_DUPLICADOS,OFICIAL,DESCARTE,pdf
1U-yO_pXnUHPxF5XtntN0Q5MLUv2kniDv,PORTARIA SECRETARIA MUNICIPAL DE LICENCIAMENTO - SEL Nº 15 DE 2 DE MAIO DE 2016 « Catálogo de Legislação Municipal.pdf,PORTARIA,JURIDICO,01A_BRONZE_OFICIAL,OFICIAL,DESCARTE,pdf
1BO1eOAPMtlXWhQiPpKWp8SiJEweSIzKb,PORTARIA SECRETARIA MUNICIPAL DE URBANISMO E LICENCIAMENTO - SMUL Nº 172 DE 10 DE DEZEMBRO DE 2024 « Catálogo de Legislação Municipal (1).pdf,PORTARIA,JURIDICO,01A_BRONZE_OFICIAL,OFICIAL,DESCARTE,pdf
14v6NHjapYO1dTkKoPYghPLwTnPqDuicB,PORTARIA SECRETARIA MUNICIPAL DE URBANISMO E LICENCIAMENTO - SMUL Nº 172 DE 10 DE DEZEMBRO DE 2024 « Catálogo de Legislação Municipal (2).pdf,PORTARIA,JURIDICO,01A_BRONZE_OFICIAL,OFICIAL,DESCARTE,pdf
1oeR8fwUuFA2rhoxtVn76HdlSVAY1s_tV,PORTARIA SECRETARIA MUNICIPAL DE URBANISMO E LICENCIAMENTO - SMUL Nº 172 DE 10 DE DEZEMBRO DE 2024 « Catálogo de Legislação Municipal.pdf,PORTARIA,JURIDICO,01A_BRONZE_OFICIAL,OFICIAL,DESCARTE,pdf
1_Lrd9O_qlwlUdPjRaFLks9OLs3v-UtCw,PORTARIA SECRETARIA MUNICIPAL DE URBANISMO E LICENCIAMENTO - SMUL Nº 8 DE 30 DE JANEIRO DE 2025 « Catálogo de Legislação Municipal (1).pdf,PORTARIA,JURIDICO,01A_BRONZE_OFICIAL,OFICIAL,DESCARTE,pdf
16f1oUdrRlCaV0JCGF-Q0WeSYetjp1O80,PORTARIA SECRETARIA MUNICIPAL DE URBANISMO E LICENCIAMENTO - SMUL Nº 8 DE 30 DE JANEIRO DE 2025 « Catálogo de Legislação Municipal (2).pdf,PORTARIA,JURIDICO,01A_BRONZE_OFICIAL,OFICIAL,DESCARTE,pdf
1TAyH24kIrvAtsUXjtkPeIiPQ_2J6kqg8,PORTARIA SECRETARIA MUNICIPAL DE URBANISMO E LICENCIAMENTO - SMUL Nº 8 DE 30 DE JANEIRO DE 2025 « Catálogo de Legislação Municipal.pdf,PORTARIA,JURIDICO,01A_BRONZE_OFICIAL,OFICIAL,DESCARTE,pdf
1oqGmQH4SMOMbJMLeF2cdYWt0vzct0s2o,Portaria CAT 15 de 2003 (1).pdf,PORTARIA,JURIDICO,01A_BRONZE_OFICIAL,OFICIAL,DESCARTE,pdf
1EuX6XY5zvKqW9miSE5Agw8DSebZoMhtl,Portaria CAT 15 de 2003 (2).pdf,PORTARIA,JURIDICO,01A_BRONZE_OFICIAL,OFICIAL,DESCARTE,pdf
1i9H0-6q5-7K0rXex3Kar4vfgyip5BlT9,Portaria CAT 15 de 2003.pdf,PORTARIA,JURIDICO,01A_BRONZE_OFICIAL,OFICIAL,DESCARTE,pdf
1ToHKsR0qKAbQQffyGb3O3PjTf1EAVmCb,1-QUADRO_1_FINAL.docx,DOC_GOOGLE,OUTRO,01A_BRONZE_OFICIAL,DESCONHECIDO,SO_IDEIA,docx
1ou5mcFQMna0qOfhlA1PRcap1yqPqpVfe,10-QUADRO_4A_FINAL.docx,DOC_GOOGLE,OUTRO,01A_BRONZE_OFICIAL,DESCONHECIDO,SO_IDEIA,docx
1_O7Xu40H6E5kiLMEwTOZj9f_kq3LV5Hn,11-QUADRO_4B_FINAL.docx,DOC_GOOGLE,OUTRO,01A_BRONZE_OFICIAL,DESCONHECIDO,SO_IDEIA,docx
1xw13SHEMy_5K_HDvfrGjHDYZR-nQhQW7,2-QUADRO_2_FINAL.docx,DOC_GOOGLE,OUTRO,01A_BRONZE_OFICIAL,DESCONHECIDO,SO_IDEIA,docx
1-C5lh1LFefCiJ_3R5imSRyUntmGb2izj,3-QUADRO_2A_FINAL (1).docx,DOC_GOOGLE,OUTRO,01A_BRONZE_OFICIAL,DESCONHECIDO,DESCARTE,docx
1G9WZJdBxsBiHCnu2NpRH9UBbt4OJD_Nq,3-QUADRO_2A_FINAL.docx,DOC_GOOGLE,OUTRO,01A_BRONZE_OFICIAL,DESCONHECIDO,SO_IDEIA,docx
1kJ3ySGbSkRiki-yXo_91cizGg7WMJGUt,3-QUADRO_2A_FINAL_9f913e.docx,DOC_GOOGLE,OUTRO,99_LIXEIRA_DUPLICADOS,DESCONHECIDO,DESCARTE,docx
1-MmjwRFRZR6xh5ohN266wy8r9gOjVY1h,4-QUADRO_2B_FINAL.docx,DOC_GOOGLE,OUTRO,01A_BRONZE_OFICIAL,DESCONHECIDO,SO_IDEIA,docx
1u8iiWECV6BIyWjrR7-jvG3C8dz4Nem_I,5-QUADRO_3_FINAL.docx,DOC_GOOGLE,OUTRO,01A_BRONZE_OFICIAL,DESCONHECIDO,SO_IDEIA,docx
1bs_IndFl9SCOJyglqWByCtXBNKAAWUVz,6-QUADRO_3A_FINAL.docx,DOC_GOOGLE,OUTRO,01A_BRONZE_OFICIAL,DESCONHECIDO,SO_IDEIA,docx
17r9Jq-4Nv1zSWdFPngUf8b5x6SqfXGsT,RESOLUÇÃO SECRETARIA MUNICIPAL DE CULTURA - SMC_CONPRESP Nº 13 DE 13 DE NOVEMBRO DE 2023 (1).pdf,JURISPRUDENCIA,OUTRO,99_LIXEIRA_DUPLICADOS,OFICIAL,DESCARTE,pdf
1u-uGqC0EmrfHWJITuNHgpwd0OYEdrUOC,RESOLUÇÃO SECRETARIA MUNICIPAL DE CULTURA - SMC_CONPRESP Nº 13 DE 13 DE NOVEMBRO DE 2023.pdf,JURISPRUDENCIA,OUTRO,01A_BRONZE_OFICIAL,OFICIAL,DESCARTE,pdf
1eZWPfqGfwOuejNyOKUZj6bpV-XiqCn58,Resolucao 01_22 CONPRESP (1).pdf,JURISPRUDENCIA,OUTRO,01A_BRONZE_OFICIAL,OFICIAL,DESCARTE,pdf
1JJ0GngSSxUzXVI9WRrV5BOUYPhqaizGQ,Resolucao 01_22 CONPRESP (2).pdf,JURISPRUDENCIA,OUTRO,01A_BRONZE_OFICIAL,OFICIAL,DESCARTE,pdf
1oRuM3jytjxsLmZtWxH6PnmC-5cBLAb-C,Resolucao 04 CONSPRESP 2023.pdf,JURISPRUDENCIA,OUTRO,01A_BRONZE_OFICIAL,DESCONHECIDO,DESCARTE,pdf
1sUHrpOSN4FqVq9_jcOMq54nMMkCuN7VJ,12-QUADRO_5_FINAL.doc,OUTRO,OUTRO,01A_BRONZE_OFICIAL,DESCONHECIDO,SO_IDEIA,doc
1hlL_S9B4i9hMAeMVKKVUcSe0rtrxMneO,12-QUADRO_5_FINAL_dc6dfe.doc,OUTRO,OUTRO,99_LIXEIRA_DUPLICADOS,DESCONHECIDO,DESCARTE,doc
13jFZ2yEGdjNqugWi2zqA6BSeJLfy_v2g,7-QUADRO_3B_FINAL (1).doc,OUTRO,OUTRO,01A_BRONZE_OFICIAL,DESCONHECIDO,DESCARTE,doc
1eaLAS8sJMIaQd85-fSUWWGr_suIKnnsw,7-QUADRO_3B_FINAL.doc,OUTRO,OUTRO,01A_BRONZE_OFICIAL,DESCONHECIDO,SO_IDEIA,doc
1QWND-iWSvdFRzj6hyyNHRM9kIZ0EsLrA,7-QUADRO_3B_FINAL_95240e.doc,OUTRO,OUTRO,99_LIXEIRA_DUPLICADOS,DESCONHECIDO,DESCARTE,doc
1m0oWkDomThhgwHiW77fh9FN34U6XQBdh,8-QUADRO_3C_FINAL.doc,OUTRO,OUTRO,01A_BRONZE_OFICIAL,DESCONHECIDO,SO_IDEIA,doc
1RXqM4Tbe7aKLsUtO6VcaB8vWh-V27Vrk,9-QUADRO_4_FINAL (1).doc,OUTRO,OUTRO,01A_BRONZE_OFICIAL,DESCONHECIDO,DESCARTE,doc
1C-1BXZM1n4xxPoZfbSG8LEq6Bv6hUsEr,9-QUADRO_4_FINAL.doc,OUTRO,OUTRO,01A_BRONZE_OFICIAL,DESCONHECIDO,SO_IDEIA,doc
1kaPmQ8w5FlPdv1ALAEflSl1DTIh1taWi,9-QUADRO_4_FINAL_d9499c.doc,OUTRO,OUTRO,99_LIXEIRA_DUPLICADOS,DESCONHECIDO,DESCARTE,doc
1jaAqpB-u8ucWnfY2CIZ-cdiaC4ZGM6K8,001 - QUADRO_1_FINAL.pdf,PDF,OUTRO,01A_BRONZE_OFICIAL,DESCONHECIDO,SO_IDEIA,pdf
1Bd8we2XXcYjd8FbRz7nB8Wba3KSLMqzx,002 - QUADRO_2_FINAL.pdf,PDF,OUTRO,01A_BRONZE_OFICIAL,DESCONHECIDO,SO_IDEIA,pdf
1FxzBw1OCObJWEDRirGmXK4pNKWfcEzbL,003 - QUADRO_2A_FINAL.pdf,PDF,OUTRO,01A_BRONZE_OFICIAL,DESCONHECIDO,SO_IDEIA,pdf
1qVdPaRs9hqG0AOVZyQoO3tBD4Ly3KoDD,004 - QUADRO_2B_FINAL.pdf,PDF,OUTRO,01A_BRONZE_OFICIAL,DESCONHECIDO,SO_IDEIA,pdf
11DEFgqI8kRjTR60d97zPvUeeebgtzjsq,005 - QUADRO_3_FINAL.pdf,PDF,OUTRO,01A_BRONZE_OFICIAL,DESCONHECIDO,SO_IDEIA,pdf
12jfSfjNqFHsnZ7iuicC06bcJ19ZiIpJ5,006 - QUADRO_3A_FINAL.pdf,PDF,OUTRO,01A_BRONZE_OFICIAL,DESCONHECIDO,SO_IDEIA,pdf
1K8X9FHDIB77tNDWLisxbg0-Z0UCxfcxy,007 - QUADRO_3B_FINAL.pdf,PDF,OUTRO,01A_BRONZE_OFICIAL,DESCONHECIDO,SO_IDEIA,pdf
1bdRxzXIDF0ULa9v4D6THzeg42Fb_1x9B,008 - QUADRO_3C_FINAL.pdf,PDF,OUTRO,01A_BRONZE_OFICIAL,DESCONHECIDO,SO_IDEIA,pdf
1IfMfG6tZABFVsi1h-WHlk08C3P9NG2KW,009 - QUADRO_4_FINAL.pdf,PDF,OUTRO,01A_BRONZE_OFICIAL,DESCONHECIDO,SO_IDEIA,pdf
1D_1WC391j1d-Wqs3hLyl5qujNELXWiWl,01-21 - APT Luminarias Ornamentais da Light_2b0160.pdf,PDF,OUTRO,99_LIXEIRA_DUPLICADOS,DESCONHECIDO,DESCARTE,pdf
1zztCj61sk2s5nvF1qi1TAJq-4ZgKBCxO,01-23 - APT - Associação Feminina Beneficente e Instrutiva Analia Franco - Página (1)_003b49.pdf,PDF,OUTRO,99_LIXEIRA_DUPLICADOS,DESCONHECIDO,DESCARTE,pdf
1T-P9tHhhFH9-zbBaSWlOmW2wsqJVryRU,01-25 - Arquivamento Parcial das Manchas I e J e ID 50 a 52 da Res.11-23 - Página_f7217d.pdf,PDF,OUTRO,99_LIXEIRA_DUPLICADOS,DESCONHECIDO,DESCARTE,pdf
1ast9n5FOxcKMzCfb2tc1hzmpCIJhnVGQ,010 - QUADRO_4A_FINAL.pdf,PDF,OUTRO,01A_BRONZE_OFICIAL,DESCONHECIDO,SO_IDEIA,pdf
1_ZldYG1i4pgmg9B4Wrw5JpvNF3NqTGC3,011 - QUADRO_4B_FINAL.pdf,PDF,OUTRO,01A_BRONZE_OFICIAL,DESCONHECIDO,SO_IDEIA,pdf
1KrEzLi0tzM2XhHvZr2Tdl4u3WlXVzT1g,012 - QUADRO_5_FINAL.pdf,PDF,OUTRO,01A_BRONZE_OFICIAL,DESCONHECIDO,SO_IDEIA,pdf
1COEKjBeVFyxts2Lf_ovNJi4O-TDGIE0T,02-21 - APT  Avenida Angélica 1900_3abf79.pdf,PDF,OUTRO,99_LIXEIRA_DUPLICADOS,DESCONHECIDO,DESCARTE,pdf
1klWYSEQT5OH5w6MXVvhNXSgeF7VvYbpt,02-24_-_tombamento_mancha_dos_bombeiros_-_quadro_i_-_pgina_1_1719838684.pdf,PDF,OUTRO,01A_BRONZE_OFICIAL,DESCONHECIDO,SO_IDEIA,pdf
13moJVvTAfAX_lSxVvyy6x22Z1D9vw1fO,03-22 - Detalhamento da Resolução 22-2002 - para página (1).pdf,PDF,OUTRO,01A_BRONZE_OFICIAL,DESCONHECIDO,DESCARTE,pdf
120abvdKH2SOkEAK-odzIqKuIV3sSrYnc,03-22 - Detalhamento da Resolução 22-2002 - para página.pdf,PDF,OUTRO,01A_BRONZE_OFICIAL,DESCONHECIDO,SO_IDEIA,pdf
1HYpRf-LTdKN6nQ8o5_ts4NaT_mvbwzAY,03-25 - Arquivamento da Mancha H da Res.11-23 - Página_694205.pdf,PDF,OUTRO,99_LIXEIRA_DUPLICADOS,DESCONHECIDO,DESCARTE,pdf
1Bc8yU5lqnpj0ucRmIgUDuA7wTmGSDxEQ,03-25 - Arquivamento da Mancha H da Res.11-23 - Página_88d064.pdf,PDF,OUTRO,99_LIXEIRA_DUPLICADOS,DESCONHECIDO,DESCARTE,pdf
1XSTSe24LbJ4tQPvi4Dbu63NGiyfXPDBm,04-24 -  Tombamento da Escadaria da Rua Cristiano Viana - Página_bf140b.pdf,PDF,OUTRO,99_LIXEIRA_DUPLICADOS,DESCONHECIDO,DESCARTE,pdf
14L8YO4n5YycXxdU0eU_N6AgkiErEEwgv,04-25 - Arquivamento das Manchas C e G e ID 13 a 17 e 21 a 26 da Res.11-23 - Página_771945.pdf,PDF,OUTRO,99_LIXEIRA_DUPLICADOS,DESCONHECIDO,DESCARTE,pdf
1ZHR2gkKC0LNQxTR5GREfNYYOuaXU5Vv-,05-25 - Arquivamento dos IDs 02 a 04 e IDs 07 e 08 da Res. 11-23 - Página_234bb1.pdf,PDF,OUTRO,99_LIXEIRA_DUPLICADOS,DESCONHECIDO,DESCARTE,pdf
1tliEfN49sY1qkIl0weI6ngwSIR5ZuUiv,06-22 - Patrimônio Cultural Imaterial - Novena solene em honra a Nossa Senhora do Carmo_53d3e9.pdf,PDF,OUTRO,99_LIXEIRA_DUPLICADOS,DESCONHECIDO,DESCARTE,pdf
1iFXFhIzyxPxouY1kfOlb5dE3Se_nRZqu,06-23_Complexo Esportivo do Ibirapuera(1)_c5ee44.pdf,PDF,OUTRO,99_LIXEIRA_DUPLICADOS,DESCONHECIDO,DESCARTE,pdf
11Sz23Ow7mFKwcsnvMIDuHEws2vaIkp9J,"06-24 - Tombamento Antigas Residencias Rua Bela Cintra,954 e Rua Itapeva, 700 - Página (1)_a2b8c3.pdf",PDF,OUTRO,99_LIXEIRA_DUPLICADOS,DESCONHECIDO,DESCARTE,pdf
1WksWVy1RCJAhMO32LOfXegiGriBpjQBV,06-25 - Arquivamento dos IDs 42 a 48 da Res. 11-23 - Página (1)_cef6c6.pdf,PDF,OUTRO,99_LIXEIRA_DUPLICADOS,DESCONHECIDO,DESCARTE,pdf
18D9dqczp_4a6y4wswPht2U8qaP8W5pb-,07-20 - APT do Jardim Alfomares - para página_235514.pdf,PDF,OUTRO,99_LIXEIRA_DUPLICADOS,DESCONHECIDO,DESCARTE,pdf
1L3qzQSmikKw6LZwo-Lh2A6A5GDxOxf_K,07-24_-_apt_terreiro_ile_ase_omi_1719499071_f969a4.pdf,PDF,OUTRO,99_LIXEIRA_DUPLICADOS,DESCONHECIDO,DESCARTE,pdf
1VWsE-4UtwPyKDAFulrbCHIKhxc6ebziC,08-25 - Complementação e detalhamento da Resolução 02-24 - Página.pdf,PDF,OUTRO,01A_BRONZE_OFICIAL,DESCONHECIDO,SO_IDEIA,pdf
1YcG8qZlnniObVTOOUW7HX1GFL3g9n4pB,08-25 - Complementação e detalhamento da Resolução 02-24 - QUADRO 1 (1) (1).pdf,PDF,OUTRO,01A_BRONZE_OFICIAL,DESCONHECIDO,DESCARTE,pdf
14GwVAOK2oiKF1uRvkI4TGRNrszMSbrX-,08-25 - Complementação e detalhamento da Resolução 02-24 - QUADRO 1 (1).pdf,PDF,OUTRO,01A_BRONZE_OFICIAL,DESCONHECIDO,DESCARTE,pdf
1wPP2ic6xqRC0bUfEipstH2QqMd-65xne,08-25 - Complementação e detalhamento da Resolução 02-24 - QUADRO 1.pdf,PDF,OUTRO,Documentos Novos,DESCONHECIDO,SO_IDEIA,pdf
1cOdpOD5DCLXnVbJD3QSiyyptv3zfgkh0,08-25 - Complementação e detalhamento da Resolução 02-24 - QUADRO II (1).pdf,PDF,OUTRO,01A_BRONZE_OFICIAL,DESCONHECIDO,DESCARTE,pdf
1yYqVFQ5IZR-Ozw_FlGkzqPrwv6HBmbgC,08-25 - Complementação e detalhamento da Resolução 02-24 - QUADRO II.pdf,PDF,OUTRO,99_LIXEIRA_DUPLICADOS,DESCONHECIDO,DESCARTE,pdf
1NTa_S1IJh9aNQGGfY9YQX5yu83iyeonU,08-25 - Complementação e detalhamento da Resolução 02-24 - QUADRO II_50c913.pdf,PDF,OUTRO,99_LIXEIRA_DUPLICADOS,DESCONHECIDO,DESCARTE,pdf
1RHdEb6G7e7YcLS3rCixtcB8Bq_u6Cnrn,10-24 - Tombamento da Escola Panamericana de Artes - Página_7d489d.pdf,PDF,OUTRO,99_LIXEIRA_DUPLICADOS,DESCONHECIDO,DESCARTE,pdf
12GQaG6YCVsUumBq00tXHpllVJFEVWv9p,10-25 - APT do Mobiliário Bar Balcão - Página_fa142e.pdf,PDF,OUTRO,99_LIXEIRA_DUPLICADOS,DESCONHECIDO,DESCARTE,pdf
17_JgZO9wNqaIJIPxP_9UUIfcP2HD_KXM,11-23 - APT Perímetro Cerqueira César - Anexo II - Página_412b02.pdf,PDF,OUTRO,99_LIXEIRA_DUPLICADOS,DESCONHECIDO,DESCARTE,pdf
15LRwuzvUJOiCiIoCANU4Lxxd2MaBynhJ,11-23 - APT Perímetro Cerqueira César - Página_7e9ee6.pdf,PDF,OUTRO,99_LIXEIRA_DUPLICADOS,DESCONHECIDO,DESCARTE,pdf
1mMG_eSxlamOzdBXMyIFEBK-PDtgFv37d,11-24 - Exclusão de imóveis 05 e 06 do anexo I da Res. 11-23 - Página (1)_68e6a6.pdf,PDF,OUTRO,99_LIXEIRA_DUPLICADOS,DESCONHECIDO,DESCARTE,pdf
11SM6QUfJzJ682REVuHDiPBZbsrNVL_Nn,12-23 - APT Capela Dom Bosco_1850cb.pdf,PDF,OUTRO,99_LIXEIRA_DUPLICADOS,DESCONHECIDO,DESCARTE,pdf
1CqlR5QHwU3dv6nH4c6-9WyRimysXeDKf,12-24 - Arquivamento da APT de Residência na Rua General Isidoro Dias Lopes n° 36 - Vila Amália - Página_969aba.pdf,PDF,OUTRO,99_LIXEIRA_DUPLICADOS,DESCONHECIDO,DESCARTE,pdf
1irdeYj4qfimQtWs8OqvMe7YY7DciYcT6,13-25 - Complemento ao Arquivamento Parcial da Mancha D da Res. 11-23 - Página_25472e.pdf,PDF,OUTRO,99_LIXEIRA_DUPLICADOS,DESCONHECIDO,DESCARTE,pdf
1zGSA5chgXgTWooVwl4GSvH9skSdKB9QG,14-23 -APT Solar Fábio Prado_151a9c.pdf,PDF,OUTRO,99_LIXEIRA_DUPLICADOS,DESCONHECIDO,DESCARTE,pdf
14Cffs2-hxH9UeuNTMBIHXojc8hL0Or6A,15-23 - Tombamento Ex-Officio do Conjunto Visconde de Porto Seguro_83acc5.pdf,PDF,OUTRO,99_LIXEIRA_DUPLICADOS,DESCONHECIDO,DESCARTE,pdf
1ECOc4pfz82LiksXrP3iZWfeyBkHp9a72,15-25 - APT do Campo dos Engenheiros - Página_478c32.pdf,PDF,OUTRO,99_LIXEIRA_DUPLICADOS,DESCONHECIDO,DESCARTE,pdf
1OkaDPrkPghaEJbEVPV8eq0p6tpoydDSu,15-25 - APT do Campo dos Engenheiros - Página_f25624.pdf,PDF,OUTRO,99_LIXEIRA_DUPLICADOS,DESCONHECIDO,DESCARTE,pdf
1AH5QULeNDOH9r3i6SKkelixCDQVr3M7m,16-25 - Complementação da Resolução nº 54-CONPRESP-2018 - Página.pdf,PDF,OUTRO,01A_BRONZE_OFICIAL,OFICIAL,DESCARTE,pdf
1J92NXU8Ha-_Zi9R4h5YdcmERdTF7Ztl2,17-24 - Arquivamento das Manchas E e F da Res.11-23 - Página_4181ca.pdf,PDF,OUTRO,99_LIXEIRA_DUPLICADOS,DESCONHECIDO,DESCARTE,pdf
1LKubLeE9iCh9d1zdMJimgYeJMTFUbuja,17-25 - Tombamento do Templo Espiritualista de Umbanda São Benedito - Anexo Planta Esquemática - Página_5006e3.pdf,PDF,OUTRO,99_LIXEIRA_DUPLICADOS,DESCONHECIDO,DESCARTE,pdf
14-kizizXM4kQjwA7RDT-i9LQAqD5o5Gd,19-25 - Revisão da Resolução 05-2020 - Página (1).pdf,PDF,OUTRO,01A_BRONZE_OFICIAL,DESCONHECIDO,DESCARTE,pdf
14QEt0AtAaGH_eICW1_t2tCsOU4J8s2Xr,19-25 - Revisão da Resolução 05-2020 - Página.pdf,PDF,OUTRO,01A_BRONZE_OFICIAL,DESCONHECIDO,SO_IDEIA,pdf
1d0OdeSgTEfOCTBCQwfvgZeY99VMch6JX,19-25 - Revisão da Resolução 05-2020 - Página_d1c26b.pdf,PDF,OUTRO,99_LIXEIRA_DUPLICADOS,DESCONHECIDO,DESCARTE,pdf
11DHDlrem8mgH7mJXBlhBsyU8d806tayR,20-24 - Arquivamento Parcial da Mancha D e ID 18 a 20 da Res.11-23 - Página_2a2346.pdf,PDF,OUTRO,99_LIXEIRA_DUPLICADOS,DESCONHECIDO,DESCARTE,pdf
1dnQ9a1qLgvY25l_t8etdRrJFSVmLbVom,2017_36_Sao-Paulo_RAE-Residencias-da-Familia-Ramos-de-Azevedo_1753284677017_78c1ab.pdf,PDF,OUTRO,99_LIXEIRA_DUPLICADOS,DESCONHECIDO,DESCARTE,pdf
1OHa8dJ513cyY4GZQLTofuT7oXlyZ0uGU,2018_103_Sao-Paulo_Parque-Estadual-Fontes-do-Ipiranga_1753238783798_2982f2.pdf,PDF,OUTRO,99_LIXEIRA_DUPLICADOS,DESCONHECIDO,DESCARTE,pdf
1JxpVt2tuicBY9OitPLzs2o_vg6SZfhhb,2018_24_Sao-Paulo_Casa-a-Rua-Ceara_1753238584741_e1539e.pdf,PDF,OUTRO,99_LIXEIRA_DUPLICADOS,DESCONHECIDO,DESCARTE,pdf
1rwLrpt3HuHv74xVdM1sHKMnhkS8skz9_,2019_47_Sao-Paulo_Casa-Guilherme-de-Almeida_1753238121058_6e3eba.pdf,PDF,OUTRO,99_LIXEIRA_DUPLICADOS,DESCONHECIDO,DESCARTE,pdf
1WUwqGrPNPTAm2i6eu6lGXpYPxEDquDw6,2019_47_Sao-Paulo_Casa-Guilherme-de-Almeida_1753238121058_dda72a.pdf,PDF,OUTRO,99_LIXEIRA_DUPLICADOS,DESCONHECIDO,DESCARTE,pdf
1tiM_mkfFpclxMucZaD7iykk1i5tGsQ1F,2019_49_Sao-Paulo_-Conjunto-de-bens-imoveis-no-bairro-de-Higienopolis_1753238164725_080ee3.pdf,PDF,OUTRO,99_LIXEIRA_DUPLICADOS,DESCONHECIDO,DESCARTE,pdf
1TxU12Jh8utCZahL6FzijucEUO5NdpL5M,2019_49_Sao-Paulo_-Conjunto-de-bens-imoveis-no-bairro-de-Higienopolis_1753238164725_ca6a9e.pdf,PDF,OUTRO,99_LIXEIRA_DUPLICADOS,DESCONHECIDO,DESCARTE,pdf
1FCDANGNH2XIxqN0cWrspZNV2tnSj62N0,2021_37_Sao-Paulo_Bairros-dos-Jardins_1753237339808_24ab61.pdf,PDF,OUTRO,99_LIXEIRA_DUPLICADOS,DESCONHECIDO,DESCARTE,pdf
1yPTKb23C5QVNTZ2RrtT8WbdC5gMVToW3,2022_07_Campinas_Conjunto-da-Estacao-Ferroviaria-Guanabara_1753232568474_565465.pdf,PDF,OUTRO,99_LIXEIRA_DUPLICADOS,DESCONHECIDO,DESCARTE,pdf
1rRge1bHvNg0rAf3RfdjebJYGejsX3IaR,2022_07_Campinas_Conjunto-da-Estacao-Ferroviaria-Guanabara_1753232568474_813f47.pdf,PDF,OUTRO,99_LIXEIRA_DUPLICADOS,DESCONHECIDO,DESCARTE,pdf
1wnuRrwZUDcxhNNMWAzqDWVl8IaMSqx-w,2022_49_Sao-Paulo_RAE-Casa-Mario-de-Andrade_1753232569470 (1)_c06c39.pdf,PDF,OUTRO,99_LIXEIRA_DUPLICADOS,DESCONHECIDO,DESCARTE,pdf
1CqSqVu-CzNuZbZkDoDN7Szzm9hbiW7iA,2024_37_Sao-Jose-dos-Campos_RAE-Sanatorio-Vicentina-Aranha_1753230558904_c722ae.pdf,PDF,OUTRO,99_LIXEIRA_DUPLICADOS,DESCONHECIDO,DESCARTE,pdf
1olqgjhRVjDeDzd5FKcVpdhGZ9ifuiEs3,2025_03_Sao-Paulo_RAE-Casa-do-Sitio-do-Tatuape_1753229566669 (1)_24f8b5.pdf,PDF,OUTRO,99_LIXEIRA_DUPLICADOS,DESCONHECIDO,DESCARTE,pdf
1GfTfXqVw1n7N3ONwRO1omdmiFzmQd1jI,2025_07_Itu_RAE-Pedreira-de-Varvitos_1753229567444_183b28.pdf,PDF,OUTRO,99_LIXEIRA_DUPLICADOS,DESCONHECIDO,DESCARTE,pdf
1hKm5l-gaT4VjKVNpd1ENWvODpVmZZHU9,2025_08_Sao-Sebastiao_RAE-Casa-da-Esperanca_1753229567334_6811eb.pdf,PDF,OUTRO,99_LIXEIRA_DUPLICADOS,DESCONHECIDO,DESCARTE,pdf
1whb7qQhupgi68znMIW7-X1jakbKMaUNT,2025_19_Sao-Paulo_RAE-Casa-de-Vidro-do-Morumbi_1753229567245_ab9221.pdf,PDF,OUTRO,99_LIXEIRA_DUPLICADOS,DESCONHECIDO,DESCARTE,pdf
1s2NaAFqiRaPDDk7c7XTecX-_g9YxlSwR,2025_31_Sao-Paulo_RAE-Castelinho-da-Brigadeiro_1753229566887_a30380.pdf,PDF,OUTRO,99_LIXEIRA_DUPLICADOS,DESCONHECIDO,DESCARTE,pdf
1VuODCiZczTy0zGr6Z88mnzOdMAyiWgrJ,2025_4_Sao-Paulo_RAE-Estadio-Paulo-Machado-de-Carvalho_1753229566534 (1)_6b110f.pdf,PDF,OUTRO,99_LIXEIRA_DUPLICADOS,DESCONHECIDO,DESCARTE,pdf
1w-X8MHSGIlp82Nyd3yk-SObPrjDTaOkn,2025_80_Mogi das Cruzes_RAE Igreja Ordem Primeira e Terceira de Nossa Senhora do Carmo_1765548385222_3e937d.pdf,PDF,OUTRO,99_LIXEIRA_DUPLICADOS,DESCONHECIDO,DESCARTE,pdf
18BX1LCFv_LC7rtkT5HTQNJxrcVCORS0e,2025_82_Sao Paulo_RAE_Sitio Capao_1765548385626_10063c.pdf,PDF,OUTRO,99_LIXEIRA_DUPLICADOS,DESCONHECIDO,DESCARTE,pdf
1ncltk7xQzoCuVbeJM6uq1zbxTMhY2gDr,2025_83_Sao Paulo_RAE_Residencia Marieta Teixeira de Carvalho_1765548385729_63f7f9.pdf,PDF,OUTRO,99_LIXEIRA_DUPLICADOS,DESCONHECIDO,DESCARTE,pdf
1G9Kw6W3xI33WnXZH6tVHmWkckM_WfOP-,2025_85_Sao Paulo_RAE_Edificio do Antigo Banco de Sao Paulo_1765548386216_a78bfb.pdf,PDF,OUTRO,99_LIXEIRA_DUPLICADOS,DESCONHECIDO,DESCARTE,pdf
19Y6dna-I3a33seWNTeQ3zQctwkgZyGC7,2025_88_Sao Paulo_RAE Edificio Esther e Antigo Instituto de Educacao Caetano de Campos_1765548386380_fb8040.pdf,PDF,OUTRO,99_LIXEIRA_DUPLICADOS,DESCONHECIDO,DESCARTE,pdf
1PDANCxbJD21FTqo1Axvisyd46IbdG0P0,2025_91_Sao Paulo_RAE Igreja Santo Antonio_1765549460684_6c5838.pdf,PDF,OUTRO,99_LIXEIRA_DUPLICADOS,DESCONHECIDO,DESCARTE,pdf
14DEi8ah0rF5tNNCMdW4fWHQb752tBLjv,2025_92_Sao Paulo_RAE_Escola de Primeiras Letras_1765548386667_309d15.pdf,PDF,OUTRO,99_LIXEIRA_DUPLICADOS,DESCONHECIDO,DESCARTE,pdf
16vrsdcNt_kySrLD2O9mHm6TEkryXbJiL,2025_93_Imaterial_Culturas Circenses_1766063267282_c21a53.pdf,PDF,OUTRO,99_LIXEIRA_DUPLICADOS,DESCONHECIDO,DESCARTE,pdf
1M585mwHEN6duuPsYwiUr5kzTL9f0y61T,49c99_22_T_Bairro_da_Bela_Vista_2154d8.pdf,PDF,OUTRO,99_LIXEIRA_DUPLICADOS,DESCONHECIDO,DESCARTE,pdf
1Z_EeGJ-XgeCMPD3Z8rGRD83KTU0qTNos,Anexo 1 do D 57_536_2016_445f75.pdf,PDF,OUTRO,99_LIXEIRA_DUPLICADOS,DESCONHECIDO,DESCARTE,pdf
1laXqcyNCHwiGXIeOlHxP2OGpJ3hNRV9X,Atualizacacao_Q14_anoref2025.pdf,PDF,OUTRO,DOCUMENTOS,DESCONHECIDO,DESCARTE,pdf
14IqxvnG-5NZF-U4z8y2iRI8bVysKNxcw,Balanco_Financeiro_01JAN2025_6f68be.pdf,PDF,OUTRO,99_LIXEIRA_DUPLICADOS,DESCONHECIDO,DESCARTE,pdf
1qVVQVgI_3wPPI1wzqUkhDzaMkdlJjtet,Balanco_Financeiro_03MAR2025 (1) (1)_90e6e2.pdf,PDF,OUTRO,99_LIXEIRA_DUPLICADOS,DESCONHECIDO,DESCARTE,pdf
1s0EXoABdbU7RkkDZpmV6qvE6j0SVLw_F,Balanco_Financeiro_03MAR2025 (1)_47fdd0.pdf,PDF,OUTRO,99_LIXEIRA_DUPLICADOS,DESCONHECIDO,DESCARTE,pdf
1y0Lc27XgLu1cL2fHGA_SGjT9gJ1RrgR2,Balanco_Financeiro_03MAR2025 (1)_8b0946.pdf,PDF,OUTRO,99_LIXEIRA_DUPLICADOS,DESCONHECIDO,DESCARTE,pdf
1DmcNPK2gR938kscfEcGQFlOikGLmHZa9,Balanco_Financeiro_04ABR2025555_bdcb88.pdf,PDF,OUTRO,99_LIXEIRA_DUPLICADOS,DESCONHECIDO,DESCARTE,pdf
1xLL9Y3-bvwIhfAb-Ff-azfT61O8M8pG_,Balanco_Financeiro_05MAI2025_1787c6.pdf,PDF,OUTRO,99_LIXEIRA_DUPLICADOS,DESCONHECIDO,DESCARTE,pdf
1LKpe3IXK3kXkZH85YOfZSfPEndoluC06,Balanco_Financeiro_07JUL2025 (1)_4f91a0.pdf,PDF,OUTRO,99_LIXEIRA_DUPLICADOS,DESCONHECIDO,DESCARTE,pdf
1wlbDlwlz7Y3MencUtEGo04SZ2X3qlxDU,Balanco_Financeiro_08AGO2025_35013d.pdf,PDF,OUTRO,99_LIXEIRA_DUPLICADOS,DESCONHECIDO,DESCARTE,pdf
1n6oEtHXL99963PrpzBA9xGF2KWYu8pk4,Balanco_Financeiro_09SET2025_fe7bea.pdf,PDF,OUTRO,99_LIXEIRA_DUPLICADOS,DESCONHECIDO,DESCARTE,pdf
124vfDN7MEuPIf_g4QIkbnZCRouG5_h_R,Balanco_Financeiro_11NOV2025_7a3d3b.pdf,PDF,OUTRO,99_LIXEIRA_DUPLICADOS,DESCONHECIDO,DESCARTE,pdf
1LRrIYpiUFjLbNFnQsCpg3sYfuaw9w2lz,CGP_NotaTecnica_da654d.pdf,PDF,OUTRO,99_LIXEIRA_DUPLICADOS,DESCONHECIDO,DESCARTE,pdf
1k4iqp9fbUgt7KvnJVwLSFASy4FpiPGPg,Cnae_X_Item_Lista_Servicos_5c2795.pdf,PDF,OUTRO,99_LIXEIRA_DUPLICADOS,DESCONHECIDO,DESCARTE,pdf
16T1aS7mnGIY28JDU-q36TGRPkMlA_Vjt,D57536_02ca96.pdf,PDF,OUTRO,99_LIXEIRA_DUPLICADOS,DESCONHECIDO,DESCARTE,pdf
1kRz57_OipvOFb1lyaqirumMrdOyzEs2g,D57536_601c98.pdf,PDF,OUTRO,99_LIXEIRA_DUPLICADOS,DESCONHECIDO,DESCARTE,pdf
1MvZpnXWBBLy6HL3L1jM9GSDPUlP6gd1R,D57776_2017_anexos_4cc7c0.pdf,PDF,OUTRO,99_LIXEIRA_DUPLICADOS,DESCONHECIDO,DESCARTE,pdf
1N1OvelIR5ehWfypepqxCo4_QygmiFTTu,GatewayCertificaPDF (1)_ef324b.pdf,PDF,OUTRO,99_LIXEIRA_DUPLICADOS,DESCONHECIDO,DESCARTE,pdf
1g4GW8tdDqf6SE3XE-_t423fI5r1hxAXz,GatewayPDF_870caf.pdf,PDF,OUTRO,99_LIXEIRA_DUPLICADOS,DESCONHECIDO,DESCARTE,pdf
1qH-ZJwt8hrgdYC_3U2mYgKoHdscm_hEo,L10257_1d7559.pdf,PDF,OUTRO,99_LIXEIRA_DUPLICADOS,DESCONHECIDO,DESCARTE,pdf
19Kdo2HG4OrEX0FBQe-kOZjVtj3cO7NX-,L10257_897962.pdf,PDF,OUTRO,99_LIXEIRA_DUPLICADOS,DESCONHECIDO,DESCARTE,pdf
1sNTz71r49kKYXCng0-lWJOhQmJ8sB06s,L16642_b2824a.pdf,PDF,OUTRO,99_LIXEIRA_DUPLICADOS,DESCONHECIDO,DESCARTE,pdf
13j5PvntrBiue6v3L6SeytTjpWxaQ9raq,LPUOS_2016_BASE (1).pdf,PDF,OUTRO,01A_BRONZE_OFICIAL,NOSSO,DESCARTE,pdf
1nqDz7y7v5e2FG0j96A7apHSduBYM0iKk,LPUOS_2016_BASE.pdf,PDF,OUTRO,01A_BRONZE_OFICIAL,NOSSO,SO_IDEIA,pdf
1e_urjkr-TtnvQHSIRU46YPhu-iUVebW4,LPUOS_2016_BASE_f245c8.pdf,PDF,OUTRO,99_LIXEIRA_DUPLICADOS,NOSSO,DESCARTE,pdf
1dHvBAjADWfiVUJ-yAZOw-k5j0KwkfgNn,LPUOS_2024_REVISAO (1).pdf,PDF,OUTRO,99_LIXEIRA_DUPLICADOS,DESCONHECIDO,DESCARTE,pdf
1QgUB13VfleE-6RMhWUuR9P_-99w9Vh9D,LPUOS_2024_REVISAO (2).pdf,PDF,OUTRO,01A_BRONZE_OFICIAL,DESCONHECIDO,DESCARTE,pdf
1Bzhg7qdwn_MotQbe9xRebNMym7OAZ2-y,LPUOS_2024_REVISAO.pdf,PDF,OUTRO,01A_BRONZE_OFICIAL,DESCONHECIDO,SO_IDEIA,pdf
11n8vFaOU257PDvv_I7_hv86PtXCMolle,LPUOS_2024_REVISAO_333fbc.pdf,PDF,OUTRO,99_LIXEIRA_DUPLICADOS,DESCONHECIDO,DESCARTE,pdf
1ocnx4GuyzJrsBkpuQxlC7Sfia9QSV4VO,PDE2013_SUBST2_Quadro_10_Equipamentos.pdf,PDF,OUTRO,01A_BRONZE_OFICIAL,DESCONHECIDO,SO_IDEIA,pdf
1n1QcQaSCmq2ojzOzKuEn_cVCUPGj__ks,PDE2013_SUBST2_Quadro_11_polo_de_economia_criativa (1).pdf,PDF,OUTRO,01A_BRONZE_OFICIAL,DESCONHECIDO,DESCARTE,pdf
1HPqiUoLIMUmHYRDmk5jhKCUjbhYuSnoW,PDE2013_SUBST2_Quadro_11_polo_de_economia_criativa.pdf,PDF,OUTRO,01A_BRONZE_OFICIAL,DESCONHECIDO,SO_IDEIA,pdf
1vILpRmgWq7PYfAEPqzX8tA8_EmEVDT5c,PDE2013_SUBST2_Quadro_12_perimetro_cultural_paulista_luz (1).pdf,PDF,OUTRO,01A_BRONZE_OFICIAL,DESCONHECIDO,DESCARTE,pdf
13gawET6DA76LsOzTzS3xy0qEazS4iSk6,PDE2013_SUBST2_Quadro_12_perimetro_cultural_paulista_luz.pdf,PDF,OUTRO,01A_BRONZE_OFICIAL,DESCONHECIDO,SO_IDEIA,pdf
1l41LzW9-WhNELkhPOP0qjuOGZFjXSVi6,PDE2013_SUBST2_Quadro_12_perimetro_cultural_paulista_luz_7ed53f.pdf,PDF,OUTRO,99_LIXEIRA_DUPLICADOS,DESCONHECIDO,DESCARTE,pdf
1OUKioKBuljyP5AZgebyI5q6AQXHXfC9y,PDE2013_SUBST2_Quadro_13_perimetro_tecnológico_jaguaré (1).pdf,PDF,OUTRO,01A_BRONZE_OFICIAL,DESCONHECIDO,SO_IDEIA,pdf
1Yc8PEaycXQh39SIl4Ty1ilJ9ox5b0s9S,PDE2013_SUBST2_Quadro_14_cadastro (1).pdf,PDF,OUTRO,01A_BRONZE_OFICIAL,DESCONHECIDO,SO_IDEIA,pdf
1ANwoc-qEs5ppFnp38xMtX2UTSz_GVrpE,PDE2013_SUBST2_Quadro_1_CA_Definicoes.pdf,PDF,OUTRO,01A_BRONZE_OFICIAL,DESCONHECIDO,SO_IDEIA,pdf
1ViDL9wxEnmD0fq6tl2mMH_6qKFWZ9pmL,PDE2013_SUBST2_Quadro_1_CA_Definicoes_54ef00.pdf,PDF,OUTRO,99_LIXEIRA_DUPLICADOS,DESCONHECIDO,DESCARTE,pdf
1esM-tqTIbNUb16YDny7cz4xkxn-_AeSn,PDE2013_SUBST2_Quadro_2A_CA_Macroareas.pdf,PDF,OUTRO,01A_BRONZE_OFICIAL,DESCONHECIDO,SO_IDEIA,pdf
1bPi7-ihkERTDUqGO8W9mZSEzfngv3Cg3,PDE2013_SUBST2_Quadro_2A_CA_Macroareas_8c94de.pdf,PDF,OUTRO,99_LIXEIRA_DUPLICADOS,DESCONHECIDO,DESCARTE,pdf
1gdfp89xz65PoFWnIE56AgiHv1lu-LOw6,PDE2013_SUBST2_Quadro_2A_CA_Macroareas_ed5729.pdf,PDF,OUTRO,99_LIXEIRA_DUPLICADOS,DESCONHECIDO,DESCARTE,pdf
1iAEtxvLsj9WQEDy-MMgjs73n75rOyoLK,PDE2013_SUBST2_Quadro_2_CA_Eixos.pdf,PDF,OUTRO,01A_BRONZE_OFICIAL,DESCONHECIDO,SO_IDEIA,pdf
1UyixzANDCxMfZUb5FspwsCH1gAQZuV6_,PDE2013_SUBST2_Quadro_2_CA_Eixos_8527fa.pdf,PDF,OUTRO,99_LIXEIRA_DUPLICADOS,DESCONHECIDO,DESCARTE,pdf
1w3F4O-Ed1jvn0qmdchAFJfKd4CgmTzpM,PDE2013_SUBST2_Quadro_3_CA_ZEIS (1).pdf,PDF,OUTRO,01A_BRONZE_OFICIAL,DESCONHECIDO,DESCARTE,pdf
1pTJpRW4geo5as4jEI-_nnXTVvM7augL6,PDE2013_SUBST2_Quadro_3_CA_ZEIS.pdf,PDF,OUTRO,01A_BRONZE_OFICIAL,DESCONHECIDO,SO_IDEIA,pdf
10s0YQaBJ8zAoYfr-4MTqvIRHqQq3fKGg,PDE2013_SUBST2_Quadro_3_CA_ZEIS_a853d9.pdf,PDF,OUTRO,99_LIXEIRA_DUPLICADOS,DESCONHECIDO,DESCARTE,pdf
1EDPV0dKUBiqqtUaFLXqSTVMRH0vMWtMR,PDE2013_SUBST2_Quadro_4_percentuais_ZEIS.pdf,PDF,OUTRO,01A_BRONZE_OFICIAL,DESCONHECIDO,SO_IDEIA,pdf
1vu8QwvTv5NCzy3Qnc_EBpIn0c7y3A2AN,PDE2013_SUBST2_Quadro_4_percentuais_ZEIS_db9941.pdf,PDF,OUTRO,99_LIXEIRA_DUPLICADOS,DESCONHECIDO,DESCARTE,pdf
1UQnxa9mlI2KQlzGxs-BKeA6RiydiYaCn,PDE2013_SUBST2_Quadro_5_ Fator_interesse_social_Fs (1).pdf,PDF,OUTRO,01A_BRONZE_OFICIAL,DESCONHECIDO,DESCARTE,pdf
1PK1L0_b0B5mQFkVeIvVFwZ2wsNTDANaH,PDE2013_SUBST2_Quadro_5_ Fator_interesse_social_Fs.pdf,PDF,OUTRO,01A_BRONZE_OFICIAL,DESCONHECIDO,SO_IDEIA,pdf
1aOYhy-SuMYP-1mIB1veMbrAg6tz9GQ-Z,PDE2013_SUBST2_Quadro_5_ Fator_interesse_social_Fs_646149.pdf,PDF,OUTRO,99_LIXEIRA_DUPLICADOS,DESCONHECIDO,DESCARTE,pdf
1IACz8pRNjM0BxymUr0uCf_gEJm9_tKx8,PDE2013_SUBST2_Quadro_6_Fator_planejamento_Fp.pdf,PDF,OUTRO,01A_BRONZE_OFICIAL,DESCONHECIDO,SO_IDEIA,pdf
1C2BD7p3gK5yU-zBjdkhVorDCTL5IceyO,PDE2013_SUBST2_Quadro_7_Parques_municipais_existentes_propostos.pdf,PDF,OUTRO,01A_BRONZE_OFICIAL,DESCONHECIDO,SO_IDEIA,pdf
1LDTIMQa_-lEH1EyG_4bN1nTbu0Ym3JKK,PDE2013_SUBST2_Quadro_8_Residuos_solidos.pdf,PDF,OUTRO,01A_BRONZE_OFICIAL,DESCONHECIDO,SO_IDEIA,pdf
17YYVSZxFMEIH0RZY7tgeRGWgysH2oAJ8,PDE2013_SUBST2_Quadro_9_viario-estrutural (1).pdf,PDF,OUTRO,99_LIXEIRA_DUPLICADOS,DESCONHECIDO,DESCARTE,pdf
1G_rYfZ4Dg8B4NpS9cwl5tVxK_U4i0cxn,PDE2013_SUBST2_Quadro_9_viario-estrutural_8f9def.pdf,PDF,OUTRO,99_LIXEIRA_DUPLICADOS,DESCONHECIDO,DESCARTE,pdf
1UofdD_vYwnzEePUgqBzT1AShCVXszR_h,PDE_2014_BASE (1).pdf,PDF,OUTRO,01A_BRONZE_OFICIAL,NOSSO,DESCARTE,pdf
1sKhEdEgS_ZPl5jNgCrqs4pBgDOCrPGRZ,PDE_2014_BASE (2).pdf,PDF,OUTRO,01A_BRONZE_OFICIAL,NOSSO,DESCARTE,pdf
1-jThMeFTzIKB7vdVgT1D9OwNmoMZKabw,PDE_2014_BASE.pdf,PDF,OUTRO,01A_BRONZE_OFICIAL,NOSSO,SO_IDEIA,pdf
12tZwVxvJIYgdUtD6Ql-d5Qx9g-Inb8f4,PDE_2014_BASE_aaf988.pdf,PDF,OUTRO,99_LIXEIRA_DUPLICADOS,NOSSO,DESCARTE,pdf
1XTv7atYb3WxB26Hdt9wu706on4ZcrTW7,PLANTAS_1271f6.pdf,PDF,OUTRO,99_LIXEIRA_DUPLICADOS,DESCONHECIDO,DESCARTE,pdf
1nSop7kBk0xQCbEjOQhpeRnWzDqDawC1B,Portal de Serviços e-SAJ2_ff6a04.pdf,PDF,OUTRO,99_LIXEIRA_DUPLICADOS,DESCONHECIDO,DESCARTE,pdf
1A920UonLagMYro03ZzInw4eSxu3X1InK,Portal de Serviços e-SAJ3_7a944a.pdf,PDF,OUTRO,99_LIXEIRA_DUPLICADOS,DESCONHECIDO,DESCARTE,pdf
1uPyvk2O7b_H6KbEbYBLUjHGYbrZaCPqj,QUADROS (1).pdf,PDF,OUTRO,01A_BRONZE_OFICIAL,DESCONHECIDO,DESCARTE,pdf
1_geVK4d-OMb3EG8n19JqHzeBPNi7wUV9,QUADROS.pdf,PDF,OUTRO,01A_BRONZE_OFICIAL,DESCONHECIDO,SO_IDEIA,pdf
18RLJBRyQKu3VM-qHg9zTzlT4dfeXB2Js,Quadro 1 – Conceitos e definições.pdf,PDF,OUTRO,01A_BRONZE_OFICIAL,DESCONHECIDO,SO_IDEIA,pdf
1VCQvF8UbGymPK-uGdw1A5kH0i1VQLUJf,Quadro 3B - Composição da pontuação da Quota Ambiental (1).pdf,PDF,OUTRO,01A_BRONZE_OFICIAL,DESCONHECIDO,DESCARTE,pdf
1H5r35vju1oD5g07ulBYRWJLu6H3ei67a,Quadro 3B - Composição da pontuação da Quota Ambiental.pdf,PDF,OUTRO,01A_BRONZE_OFICIAL,DESCONHECIDO,SO_IDEIA,pdf
1gXPjPgSAZx-ZSZxiw9a_UkHj6Fcx_B2I,Quadro 3B - Composição da pontuação da Quota Ambiental_069995.pdf,PDF,OUTRO,99_LIXEIRA_DUPLICADOS,DESCONHECIDO,DESCARTE,pdf
1mZiMysZzgOBiZEjaeExxBP_5ut6qUTYa,Quadro 6 – Obras de drenagem urbana previstas (1).pdf,PDF,OUTRO,01A_BRONZE_OFICIAL,DESCONHECIDO,DESCARTE,pdf
16UWlzlED0qa9cbY1cw8N36j9ASzupKZp,Quadro 6 – Obras de drenagem urbana previstas.pdf,PDF,OUTRO,01A_BRONZE_OFICIAL,DESCONHECIDO,SO_IDEIA,pdf
1pJ9gSPqiwyBhxvDuPf3TZdsAsKQ-7e9V,Quadro 6 – Obras de drenagem urbana previstas_09fb2d.pdf,PDF,OUTRO,99_LIXEIRA_DUPLICADOS,DESCONHECIDO,DESCARTE,pdf
15LsxWD4eLJF12jhpGmJnESKyJgqnaAb8,Re0716RegulamentacaoProcedimentosRegistroBensImateriaisPDF_1457716829_9ac63f.pdf,PDF,OUTRO,99_LIXEIRA_DUPLICADOS,DESCONHECIDO,DESCARTE,pdf
1TYDjvCQAfZ37TY_6oC5DZK_E8uyZTM0q,Resolucao 01_22 CONPRESP.pdf,PDF,OUTRO,01A_BRONZE_OFICIAL,OFICIAL,DESCARTE,pdf
1ALHmuhM9WUgg4AUEIW7ly_ZslRfjZTXP,Resolucao 07-23_Mancha dos Bombeiros (1).pdf,PDF,OUTRO,99_LIXEIRA_DUPLICADOS,DESCONHECIDO,DESCARTE,pdf
1R8QoUrRO5fdyG3JIBacOHumAfb5QYIQO,Resolucao 07-23_Mancha dos Bombeiros (2).pdf,PDF,OUTRO,01A_BRONZE_OFICIAL,DESCONHECIDO,DESCARTE,pdf
1TIXgs45oph2Zr0kkBnZzd0IDCfNItCKP,Resolucao 07-23_Mancha dos Bombeiros.pdf,PDF,OUTRO,01A_BRONZE_OFICIAL,DESCONHECIDO,SO_IDEIA,pdf
1OxuuUZsNuLwA1buiQMpDkwWl4AhKx-y2,Resolucao 07-23_Mancha dos Bombeiros_ecbe77.pdf,PDF,OUTRO,99_LIXEIRA_DUPLICADOS,DESCONHECIDO,DESCARTE,pdf
1nMIGisq7FNahysugbzJsT7fmBmoQe5hI,Resolucao 07-23_Quadro I.pdf,PDF,OUTRO,01A_BRONZE_OFICIAL,DESCONHECIDO,SO_IDEIA,pdf
1RolPLKY_kh7GtvuYmOLX8E9J9EAS87aF,Resolucao 07-23_Quadro II (1).pdf,PDF,OUTRO,01A_BRONZE_OFICIAL,DESCONHECIDO,DESCARTE,pdf
1pfcqVfPjvskdt_1X1zeG5KAcLKzTpe0W,Resolucao 07-23_Quadro II.pdf,PDF,OUTRO,01A_BRONZE_OFICIAL,DESCONHECIDO,SO_IDEIA,pdf
1opl-Zm9OGzHrTLzFb2jzE-StI0wX8FAj,Resolucao 07-23_Quadro III (1).pdf,PDF,OUTRO,99_LIXEIRA_DUPLICADOS,DESCONHECIDO,DESCARTE,pdf
1Ih8Tjr1ZA7Sk0ZlLHdPziiLWHvR6U0Pl,Resolucao 07-23_Quadro III (2).pdf,PDF,OUTRO,01A_BRONZE_OFICIAL,DESCONHECIDO,DESCARTE,pdf
1xoCLFmIFSOQimJB9WWwOoxaqP_1U-1vh,Resolucao 07-23_Quadro III.pdf,PDF,OUTRO,01A_BRONZE_OFICIAL,DESCONHECIDO,SO_IDEIA,pdf
1-H9UyBIcL5NWQMFSJ2yz3CFmMrv9AzYj,Resolucao 07-23_Quadro III_c80e0b.pdf,PDF,OUTRO,99_LIXEIRA_DUPLICADOS,DESCONHECIDO,DESCARTE,pdf
1c8m0IyycorOdeE0sFWcl3phS6jX55E4M,cartilha_doacao_area_parhis_7e1b77.pdf,PDF,OUTRO,99_LIXEIRA_DUPLICADOS,DESCONHECIDO,DESCARTE,pdf
16sMDui774KMU7irZbNVTSm7ikTBhNT47,re0118tombamentoquadrilateropinheirospredinhoshipicapdf_1549040068_9ad959.pdf,PDF,OUTRO,99_LIXEIRA_DUPLICADOS,DESCONHECIDO,DESCARTE,pdf
1OuWUe5RO8iCRYgn9QYVKgSYFlvOelYI6,re0120aptcomplexodroswaldoteixeiraduartecanindepdf_1580403993_dde01d.pdf,PDF,OUTRO,99_LIXEIRA_DUPLICADOS,DESCONHECIDO,DESCARTE,pdf
1ttKszvto-v_OXNJm9smReLOIV1bf3-b6,re0320exclusaoedestherwiltonpaesdealmeidares3792pdf_1600964301_33823b.pdf,PDF,OUTRO,99_LIXEIRA_DUPLICADOS,DESCONHECIDO,DESCARTE,pdf
1nZt9musn_eoCgLc_Pkl060mbySNxh2TU,re1019tombamentoetatheodoroaugustoramospdf_1569519957_0bc2b5.pdf,PDF,OUTRO,99_LIXEIRA_DUPLICADOS,DESCONHECIDO,DESCARTE,pdf
1oqYbuuLiXEMxE-R2-euGOs-ddfJwwqQM,re1219aptconjuntovilasoperariasmigliarianexo2ve_1568922998_06a0e2.pdf,PDF,OUTRO,99_LIXEIRA_DUPLICADOS,DESCONHECIDO,DESCARTE,pdf
134-ozbpkmZOnN4_X_E2JOrqqjQD1_-dj,tabela_2025_Retificado_em_12-02-25 (1)_269fcc.pdf,PDF,OUTRO,99_LIXEIRA_DUPLICADOS,DESCONHECIDO,DESCARTE,pdf
1cUbuxh1_SAsQbWs5UR-tShRsFZrXn6ih,05-23 - ZEPEC- APC - Espaco Itau de cinema Augusta(1)_83fc94.pdf,PDF,TDC,99_LIXEIRA_DUPLICADOS,DESCONHECIDO,DESCARTE,pdf
1aA23PsV7wImhBAUpKAuF0BxNc-8Rpqi0,11-25 - Enquandramento como  ZEPEC-APC do Santa Marina Atlético Clube - Página_93211a.pdf,PDF,TDC,99_LIXEIRA_DUPLICADOS,DESCONHECIDO,DESCARTE,pdf
1qFqQsritdUOn7ioJYn5DuJPGvbX9TTbf,FUNDURB_Balanco_Financeiro_Consolidado_01JAN_2026_e12dc2.pdf,PDF,TDC,99_LIXEIRA_DUPLICADOS,DESCONHECIDO,DESCARTE,pdf
1P-MMHfVpF5fNFHP8b-6EaGxrP6b17e5Z,OUAguaBranca31dez18_EstoqueConsumidoOutorga_193ba5.pdf,PDF,TDC,99_LIXEIRA_DUPLICADOS,DESCONHECIDO,DESCARTE,pdf
15zK77HPkLwpvmRcv1n1UvgVVkVWCp3j6,fila_tdc_5porcento_fundurb_dez_2025-pdf_b7f15c.pdf,PDF,TDC,99_LIXEIRA_DUPLICADOS,DESCONHECIDO,DESCARTE,pdf
1mp-koMhu3_66SXLN-dPZDqWA4Sqql2Sy,re2316aptimoveisindicadospelapopulacaozepecrepdf_1561649853_268f0a.pdf,PDF,TDC,99_LIXEIRA_DUPLICADOS,DESCONHECIDO,DESCARTE,pdf
1UAYAqzkF1TGN28p5FUHMvwONq384k328,re2316aptimoveisindicadospelapopulacaozepecrepdf_1561649853_bef227.pdf,PDF,TDC,99_LIXEIRA_DUPLICADOS,DESCONHECIDO,DESCARTE,pdf
