sql_mestre,classe,achou,area_m2,props
0090160031,PROVAVEL_DESCARTE_SQL_MORTO,nao,,quadra respondeu; lote ausente (2 formatos de filtro)
0090160032,PROVAVEL_DESCARTE_SQL_MORTO,nao,,quadra respondeu; lote ausente (2 formatos de filtro)
0090160017,PROVAVEL_DESCARTE_SQL_MORTO,nao,,quadra respondeu; lote ausente (2 formatos de filtro)
0090211482,PROVAVEL_DESCARTE_SQL_MORTO,nao,,quadra respondeu; lote ausente (2 formatos de filtro)
0030450043,RECUPERAVEL,sim,14022.00,{"cd_identificador":1962262;"cd_identificador_original_lote":8821255;"cd_setor_fiscal":"003";"cd_tipo_quadra":"F";"tx_tipo_quadra":"FISCAL";"cd_quadra_fiscal":"045";"cd_subquadra_fiscal":null;"cd_condominio":"00";"cd_tipo_lote":"F";"tx_tipo_lote":"FISCAL";"cd_lote":"0043";"cd_situacao":1;"cd_digito_sql":"7";"cd_logradouro":"142131";"nm_logradouro_completo":"R DA MOOCA";"cd_numero_porta":"775";"tx_
0030450044,RECUPERAVEL,sim,720.00,{"cd_identificador":2044770;"cd_identificador_original_lote":8821254;"cd_setor_fiscal":"003";"cd_tipo_quadra":"F";"tx_tipo_quadra":"FISCAL";"cd_quadra_fiscal":"045";"cd_subquadra_fiscal":null;"cd_condominio":"00";"cd_tipo_lote":"F";"tx_tipo_lote":"FISCAL";"cd_lote":"0044";"cd_situacao":1;"cd_digito_sql":"5";"cd_logradouro":"142131";"nm_logradouro_completo":"R DA MOOCA";"cd_numero_porta":"699";"tx_
0401990202,PROVAVEL_DESCARTE_SQL_MORTO,nao,,quadra respondeu; lote ausente (2 formatos de filtro)
0401990207,PROVAVEL_DESCARTE_SQL_MORTO,nao,,quadra respondeu; lote ausente (2 formatos de filtro)
0230740001,PROVAVEL_DESCARTE_SQL_MORTO,nao,,quadra respondeu; lote ausente (2 formatos de filtro)
0330210417,PROVAVEL_DESCARTE_SQL_MORTO,nao,,quadra respondeu; lote ausente (2 formatos de filtro)
0412720008,PROVAVEL_DESCARTE_SQL_MORTO,nao,,quadra respondeu; lote ausente (2 formatos de filtro)
0412720009,PROVAVEL_DESCARTE_SQL_MORTO,nao,,quadra respondeu; lote ausente (2 formatos de filtro)
0150340053,PROVAVEL_DESCARTE_SQL_MORTO,nao,,quadra respondeu; lote ausente (2 formatos de filtro)
0150340000,RECUPERAVEL,sim,565.00,{"cd_identificador":1964707;"cd_identificador_original_lote":8840424;"cd_setor_fiscal":"015";"cd_tipo_quadra":"F";"tx_tipo_quadra":"FISCAL";"cd_quadra_fiscal":"034";"cd_subquadra_fiscal":null;"cd_condominio":"01";"cd_tipo_lote":"F";"tx_tipo_lote":"FISCAL";"cd_lote":"0000";"cd_situacao":1;"cd_digito_sql":null;"cd_logradouro":"023507";"nm_logradouro_completo":"R ARTUR DE AZEVEDO";"cd_numero_porta":"
0010580049,PROVAVEL_DESCARTE_SQL_MORTO,nao,,quadra respondeu; lote ausente (2 formatos de filtro)
0010580000,RECUPERAVEL,sim,198.00,{"cd_identificador":1959801;"cd_identificador_original_lote":8800205;"cd_setor_fiscal":"001";"cd_tipo_quadra":"F";"tx_tipo_quadra":"FISCAL";"cd_quadra_fiscal":"058";"cd_subquadra_fiscal":null;"cd_condominio":"02";"cd_tipo_lote":"F";"tx_tipo_lote":"FISCAL";"cd_lote":"0000";"cd_situacao":1;"cd_digito_sql":null;"cd_logradouro":"176338";"nm_logradouro_completo":"R CAP SALOMAO";"cd_numero_porta":"63 65
0050170048,PROVAVEL_DESCARTE_SQL_MORTO,nao,,quadra respondeu; lote ausente (2 formatos de filtro)
0080814249,PROVAVEL_DESCARTE_SQL_MORTO,nao,,quadra respondeu; lote ausente (2 formatos de filtro)
0080810000,RECUPERAVEL,sim,256.00,{"cd_identificador":1958126;"cd_identificador_original_lote":8832347;"cd_setor_fiscal":"008";"cd_tipo_quadra":"F";"tx_tipo_quadra":"FISCAL";"cd_quadra_fiscal":"081";"cd_subquadra_fiscal":null;"cd_condominio":"04";"cd_tipo_lote":"F";"tx_tipo_lote":"FISCAL";"cd_lote":"0000";"cd_situacao":1;"cd_digito_sql":null;"cd_logradouro":"025950";"nm_logradouro_completo":"R AURORA";"cd_numero_porta":"288 292";"
0060070015,PROVAVEL_DESCARTE_SQL_MORTO,nao,,quadra respondeu; lote ausente (2 formatos de filtro)
0060070000,RECUPERAVEL,sim,1014.00,{"cd_identificador":1957757;"cd_identificador_original_lote":8801827;"cd_setor_fiscal":"006";"cd_tipo_quadra":"F";"tx_tipo_quadra":"FISCAL";"cd_quadra_fiscal":"007";"cd_subquadra_fiscal":null;"cd_condominio":"03";"cd_tipo_lote":"F";"tx_tipo_lote":"FISCAL";"cd_lote":"0000";"cd_situacao":1;"cd_digito_sql":null;"cd_logradouro":"121320";"nm_logradouro_completo":"AV S LUIS";"cd_numero_porta":"59 71 83"
0080160023,PROVAVEL_DESCARTE_SQL_MORTO,nao,,quadra respondeu; lote ausente (2 formatos de filtro)
0040113883,PROVAVEL_DESCARTE_SQL_MORTO,nao,,quadra respondeu; lote ausente (2 formatos de filtro)
0010853786,PROVAVEL_DESCARTE_SQL_MORTO,nao,,quadra respondeu; lote ausente (2 formatos de filtro)
0030060000,PROVAVEL_DESCARTE_SQL_MORTO,nao,,quadra respondeu; lote ausente (2 formatos de filtro)
0090510021,PROVAVEL_DESCARTE_SQL_MORTO,nao,,quadra respondeu; lote ausente (2 formatos de filtro)
0090150031,PROVAVEL_DESCARTE_SQL_MORTO,nao,,quadra respondeu; lote ausente (2 formatos de filtro)
0090150032,PROVAVEL_DESCARTE_SQL_MORTO,nao,,quadra respondeu; lote ausente (2 formatos de filtro)
0090190000,RECUPERAVEL,sim,675.00,{"cd_identificador":1977571;"cd_identificador_original_lote":8795714;"cd_setor_fiscal":"009";"cd_tipo_quadra":"F";"tx_tipo_quadra":"FISCAL";"cd_quadra_fiscal":"019";"cd_subquadra_fiscal":null;"cd_condominio":"07";"cd_tipo_lote":"F";"tx_tipo_lote":"FISCAL";"cd_lote":"0000";"cd_situacao":1;"cd_digito_sql":null;"cd_logradouro":"105481";"nm_logradouro_completo":"AL JOAQUIM EUGENIO DE LIMA";"cd_numero_
1672260527,PROVAVEL_DESCARTE_SQL_MORTO,nao,,quadra respondeu; lote ausente (2 formatos de filtro)
0430470002,PROVAVEL_DESCARTE_SQL_MORTO,nao,,quadra respondeu; lote ausente (2 formatos de filtro)
0400900013,PROVAVEL_DESCARTE_SQL_MORTO,nao,,quadra respondeu; lote ausente (2 formatos de filtro)
0500084586,PROVAVEL_DESCARTE_SQL_MORTO,nao,,quadra respondeu; lote ausente (2 formatos de filtro)
2990140177,PROVAVEL_DESCARTE_SQL_MORTO,nao,,quadra respondeu; lote ausente (2 formatos de filtro)
2990140000,PROVAVEL_DESCARTE_SQL_MORTO,sim,1140.00,{"cd_identificador":6783622;"cd_identificador_original_lote":10643998;"cd_setor_fiscal":"299";"cd_tipo_quadra":"F";"tx_tipo_quadra":"FISCAL";"cd_quadra_fiscal":"014";"cd_subquadra_fiscal":null;"cd_condominio":"05";"cd_tipo_lote":"F";"tx_tipo_lote":"FISCAL";"cd_lote":"0000";"cd_situacao":1;"cd_digito_sql":null;"cd_logradouro":"088382";"nm_logradouro_completo":"AV HORACIO LAFER";"cd_numero_porta":"6
0160090028,PROVAVEL_DESCARTE_SQL_MORTO,nao,,quadra respondeu; lote ausente (2 formatos de filtro)
0160090006,PROVAVEL_DESCARTE_SQL_MORTO,nao,,quadra respondeu; lote ausente (2 formatos de filtro)
0160090026,PROVAVEL_DESCARTE_SQL_MORTO,nao,,quadra respondeu; lote ausente (2 formatos de filtro)
0100691220,PROVAVEL_DESCARTE_SQL_MORTO,nao,,quadra respondeu; lote ausente (2 formatos de filtro)
0100690001,NAO_VENDAVEL_LEI,sim,5368.84,{"cd_identificador":2212316;"cd_identificador_original_lote":8914499;"cd_setor_fiscal":"010";"cd_tipo_quadra":"F";"tx_tipo_quadra":"FISCAL";"cd_quadra_fiscal":"069";"cd_subquadra_fiscal":null;"cd_condominio":"00";"cd_tipo_lote":"EL";"tx_tipo_lote":"ESPACO LIVRE";"cd_lote":"0001";"cd_situacao":1;"cd_digito_sql":null;"cd_logradouro":null;"nm_logradouro_completo":null;"cd_numero_porta":null;"tx_compl
0080210843,PROVAVEL_DESCARTE_SQL_MORTO,nao,,quadra respondeu; lote ausente (2 formatos de filtro)
0080210842,PROVAVEL_DESCARTE_SQL_MORTO,nao,,quadra respondeu; lote ausente (2 formatos de filtro)
0080210844,PROVAVEL_DESCARTE_SQL_MORTO,nao,,quadra respondeu; lote ausente (2 formatos de filtro)
0784310000,PROVAVEL_DESCARTE_SQL_MORTO,nao,,quadra respondeu; lote ausente (2 formatos de filtro)
0220060134,PROVAVEL_DESCARTE_SQL_MORTO,nao,,quadra respondeu; lote ausente (2 formatos de filtro)
0220060000,RECUPERAVEL,sim,9845.00,{"cd_identificador":6817366;"cd_identificador_original_lote":10676880;"cd_setor_fiscal":"022";"cd_tipo_quadra":"F";"tx_tipo_quadra":"FISCAL";"cd_quadra_fiscal":"006";"cd_subquadra_fiscal":null;"cd_condominio":"03";"cd_tipo_lote":"F";"tx_tipo_lote":"FISCAL";"cd_lote":"0000";"cd_situacao":1;"cd_digito_sql":null;"cd_logradouro":"074918";"nm_logradouro_completo":"AV FRANCISCO MATARAZZO";"cd_numero_por
0210120069,PROVAVEL_DESCARTE_SQL_MORTO,nao,,quadra respondeu; lote ausente (2 formatos de filtro)
1970330113,RECUPERAVEL,sim,32800.00,{"cd_identificador":7018342;"cd_identificador_original_lote":10800944;"cd_setor_fiscal":"197";"cd_tipo_quadra":"F";"tx_tipo_quadra":"FISCAL";"cd_quadra_fiscal":"033";"cd_subquadra_fiscal":null;"cd_condominio":"00";"cd_tipo_lote":"F";"tx_tipo_lote":"FISCAL";"cd_lote":"0113";"cd_situacao":1;"cd_digito_sql":"3";"cd_logradouro":"134171";"nm_logradouro_completo":"AV STA MARINA";"cd_numero_porta":"394";
0090170041,PROVAVEL_DESCARTE_SQL_MORTO,nao,,quadra respondeu; lote ausente (2 formatos de filtro)
0090170040,PROVAVEL_DESCARTE_SQL_MORTO,nao,,quadra respondeu; lote ausente (2 formatos de filtro)
0090170043,PROVAVEL_DESCARTE_SQL_MORTO,nao,,quadra respondeu; lote ausente (2 formatos de filtro)
0090170042,PROVAVEL_DESCARTE_SQL_MORTO,nao,,quadra respondeu; lote ausente (2 formatos de filtro)
0090170000,RECUPERAVEL,sim,409.00,{"cd_identificador":1960139;"cd_identificador_original_lote":8793812;"cd_setor_fiscal":"009";"cd_tipo_quadra":"F";"tx_tipo_quadra":"FISCAL";"cd_quadra_fiscal":"017";"cd_subquadra_fiscal":null;"cd_condominio":"10";"cd_tipo_lote":"F";"tx_tipo_lote":"FISCAL";"cd_lote":"0000";"cd_situacao":1;"cd_digito_sql":null;"cd_logradouro":"172375";"nm_logradouro_completo":"R ROCHA";"cd_numero_porta":"248";"tx_co
0090700000,RECUPERAVEL,sim,1500.00,{"cd_identificador":1959935;"cd_identificador_original_lote":8794670;"cd_setor_fiscal":"009";"cd_tipo_quadra":"F";"tx_tipo_quadra":"FISCAL";"cd_quadra_fiscal":"070";"cd_subquadra_fiscal":null;"cd_condominio":"06";"cd_tipo_lote":"F";"tx_tipo_lote":"FISCAL";"cd_lote":"0000";"cd_situacao":1;"cd_digito_sql":null;"cd_logradouro":"136190";"nm_logradouro_completo":"R MARTINIANO DE CARVALHO";"cd_numero_po
0090230033,PROVAVEL_DESCARTE_SQL_MORTO,nao,,quadra respondeu; lote ausente (2 formatos de filtro)
0330080002,RECUPERAVEL,sim,795.01,{"cd_identificador":2049058;"cd_identificador_original_lote":8805599;"cd_setor_fiscal":"033";"cd_tipo_quadra":"F";"tx_tipo_quadra":"FISCAL";"cd_quadra_fiscal":"008";"cd_subquadra_fiscal":null;"cd_condominio":"00";"cd_tipo_lote":"V";"tx_tipo_lote":"Via de Acesso";"cd_lote":"0002";"cd_situacao":1;"cd_digito_sql":null;"cd_logradouro":null;"nm_logradouro_completo":null;"cd_numero_porta":null;"tx_compl
0330080000,RECUPERAVEL,sim,225.00,{"cd_identificador":2015392;"cd_identificador_original_lote":8804309;"cd_setor_fiscal":"033";"cd_tipo_quadra":"F";"tx_tipo_quadra":"FISCAL";"cd_quadra_fiscal":"008";"cd_subquadra_fiscal":null;"cd_condominio":"06";"cd_tipo_lote":"F";"tx_tipo_lote":"FISCAL";"cd_lote":"0000";"cd_situacao":1;"cd_digito_sql":null;"cd_logradouro":"042447";"nm_logradouro_completo":"R MAEST CARDIM";"cd_numero_porta":"108 
0330050000,RECUPERAVEL,sim,345.00,{"cd_identificador":1977537;"cd_identificador_original_lote":8803177;"cd_setor_fiscal":"033";"cd_tipo_quadra":"F";"tx_tipo_quadra":"FISCAL";"cd_quadra_fiscal":"005";"cd_subquadra_fiscal":null;"cd_condominio":"02";"cd_tipo_lote":"F";"tx_tipo_lote":"FISCAL";"cd_lote":"0000";"cd_situacao":1;"cd_digito_sql":null;"cd_logradouro":"136190";"nm_logradouro_completo":"R MARTINIANO DE CARVALHO";"cd_numero_po
0330010000,RECUPERAVEL,sim,378.00,{"cd_identificador":1999317;"cd_identificador_original_lote":8805704;"cd_setor_fiscal":"033";"cd_tipo_quadra":"F";"tx_tipo_quadra":"FISCAL";"cd_quadra_fiscal":"001";"cd_subquadra_fiscal":null;"cd_condominio":"03";"cd_tipo_lote":"F";"tx_tipo_lote":"FISCAL";"cd_lote":"0000";"cd_situacao":1;"cd_digito_sql":null;"cd_logradouro":"035122";"nm_logradouro_completo":"R DOS BOROROS";"cd_numero_porta":"46";"
0100990000,RECUPERAVEL,sim,2908.00,{"cd_identificador":7230768;"cd_identificador_original_lote":10917978;"cd_setor_fiscal":"010";"cd_tipo_quadra":"F";"tx_tipo_quadra":"FISCAL";"cd_quadra_fiscal":"099";"cd_subquadra_fiscal":null;"cd_condominio":"06";"cd_tipo_lote":"F";"tx_tipo_lote":"FISCAL";"cd_lote":"0000";"cd_situacao":1;"cd_digito_sql":null;"cd_logradouro":"041203";"nm_logradouro_completo":"R FREI CANECA";"cd_numero_porta":"1355
0090710000,RECUPERAVEL,sim,700.00,{"cd_identificador":1960724;"cd_identificador_original_lote":8793567;"cd_setor_fiscal":"009";"cd_tipo_quadra":"F";"tx_tipo_quadra":"FISCAL";"cd_quadra_fiscal":"071";"cd_subquadra_fiscal":null;"cd_condominio":"03";"cd_tipo_lote":"F";"tx_tipo_lote":"FISCAL";"cd_lote":"0000";"cd_situacao":1;"cd_digito_sql":null;"cd_logradouro":"136190";"nm_logradouro_completo":"R MARTINIANO DE CARVALHO";"cd_numero_po
0090420000,RECUPERAVEL,sim,445.00,{"cd_identificador":2014614;"cd_identificador_original_lote":8794229;"cd_setor_fiscal":"009";"cd_tipo_quadra":"F";"tx_tipo_quadra":"FISCAL";"cd_quadra_fiscal":"042";"cd_subquadra_fiscal":null;"cd_condominio":"04";"cd_tipo_lote":"F";"tx_tipo_lote":"FISCAL";"cd_lote":"0000";"cd_situacao":1;"cd_digito_sql":null;"cd_logradouro":"072850";"nm_logradouro_completo":"R FORTALEZA";"cd_numero_porta":"35 45";
0090970000,RECUPERAVEL,sim,1065.00,{"cd_identificador":4794235;"cd_identificador_original_lote":9917599;"cd_setor_fiscal":"009";"cd_tipo_quadra":"F";"tx_tipo_quadra":"FISCAL";"cd_quadra_fiscal":"097";"cd_subquadra_fiscal":null;"cd_condominio":"08";"cd_tipo_lote":"F";"tx_tipo_lote":"FISCAL";"cd_lote":"0000";"cd_situacao":1;"cd_digito_sql":null;"cd_logradouro":"196134";"nm_logradouro_completo":"R S VICENTE";"cd_numero_porta":"248";"t
0090260000,RECUPERAVEL,sim,800.00,{"cd_identificador":1983711;"cd_identificador_original_lote":8793739;"cd_setor_fiscal":"009";"cd_tipo_quadra":"F";"tx_tipo_quadra":"FISCAL";"cd_quadra_fiscal":"026";"cd_subquadra_fiscal":null;"cd_condominio":"08";"cd_tipo_lote":"F";"tx_tipo_lote":"FISCAL";"cd_lote":"0000";"cd_situacao":1;"cd_digito_sql":null;"cd_logradouro":"088714";"nm_logradouro_completo":"R HUMAITA";"cd_numero_porta":"349";"tx_
0090390000,RECUPERAVEL,sim,1734.00,{"cd_identificador":1959060;"cd_identificador_original_lote":8794877;"cd_setor_fiscal":"009";"cd_tipo_quadra":"F";"tx_tipo_quadra":"FISCAL";"cd_quadra_fiscal":"039";"cd_subquadra_fiscal":null;"cd_condominio":"01";"cd_tipo_lote":"F";"tx_tipo_lote":"FISCAL";"cd_lote":"0000";"cd_situacao":1;"cd_digito_sql":null;"cd_logradouro":"121657";"nm_logradouro_completo":"AV BRIG LUIS ANTONIO";"cd_numero_porta"
0090670000,RECUPERAVEL,sim,620.00,{"cd_identificador":1962009;"cd_identificador_original_lote":8795224;"cd_setor_fiscal":"009";"cd_tipo_quadra":"F";"tx_tipo_quadra":"FISCAL";"cd_quadra_fiscal":"067";"cd_subquadra_fiscal":null;"cd_condominio":"02";"cd_tipo_lote":"F";"tx_tipo_lote":"FISCAL";"cd_lote":"0000";"cd_situacao":1;"cd_digito_sql":null;"cd_logradouro":"191540";"nm_logradouro_completo":"R TREZE DE MAIO";"cd_numero_porta":"142
0090530000,RECUPERAVEL,sim,1000.00,{"cd_identificador":1990111;"cd_identificador_original_lote":8796046;"cd_setor_fiscal":"009";"cd_tipo_quadra":"F";"tx_tipo_quadra":"FISCAL";"cd_quadra_fiscal":"053";"cd_subquadra_fiscal":null;"cd_condominio":"07";"cd_tipo_lote":"F";"tx_tipo_lote":"FISCAL";"cd_lote":"0000";"cd_situacao":1;"cd_digito_sql":null;"cd_logradouro":"006947";"nm_logradouro_completo":"R DR ALFREDO ELLIS";"cd_numero_porta":"
0090640000,RECUPERAVEL,sim,1076.00,{"cd_identificador":1984056;"cd_identificador_original_lote":8794383;"cd_setor_fiscal":"009";"cd_tipo_quadra":"F";"tx_tipo_quadra":"FISCAL";"cd_quadra_fiscal":"064";"cd_subquadra_fiscal":null;"cd_condominio":"03";"cd_tipo_lote":"F";"tx_tipo_lote":"FISCAL";"cd_lote":"0000";"cd_situacao":1;"cd_digito_sql":null;"cd_logradouro":"043478";"nm_logradouro_completo":"R S CARLOS DO PINHAL";"cd_numero_porta"
0090040000,RECUPERAVEL,sim,197.00,{"cd_identificador":1984086;"cd_identificador_original_lote":8795405;"cd_setor_fiscal":"009";"cd_tipo_quadra":"F";"tx_tipo_quadra":"FISCAL";"cd_quadra_fiscal":"004";"cd_subquadra_fiscal":null;"cd_condominio":"02";"cd_tipo_lote":"F";"tx_tipo_lote":"FISCAL";"cd_lote":"0000";"cd_situacao":1;"cd_digito_sql":null;"cd_logradouro":"121789";"nm_logradouro_completo":"R DR LUIS BARRETO";"cd_numero_porta":"1
0090480000,RECUPERAVEL,sim,3948.00,{"cd_identificador":1989199;"cd_identificador_original_lote":8794669;"cd_setor_fiscal":"009";"cd_tipo_quadra":"F";"tx_tipo_quadra":"FISCAL";"cd_quadra_fiscal":"048";"cd_subquadra_fiscal":null;"cd_condominio":"04";"cd_tipo_lote":"F";"tx_tipo_lote":"FISCAL";"cd_lote":"0000";"cd_situacao":1;"cd_digito_sql":null;"cd_logradouro":"156566";"nm_logradouro_completo":"AV PAULISTA";"cd_numero_porta":"854";"t
0090410000,RECUPERAVEL,sim,1454.00,{"cd_identificador":1988771;"cd_identificador_original_lote":8794918;"cd_setor_fiscal":"009";"cd_tipo_quadra":"F";"tx_tipo_quadra":"FISCAL";"cd_quadra_fiscal":"041";"cd_subquadra_fiscal":null;"cd_condominio":"04";"cd_tipo_lote":"F";"tx_tipo_lote":"FISCAL";"cd_lote":"0000";"cd_situacao":1;"cd_digito_sql":null;"cd_logradouro":"121657";"nm_logradouro_completo":"AV BRIG LUIS ANTONIO";"cd_numero_porta"
0090010000,RECUPERAVEL,sim,139.00,{"cd_identificador":1978763;"cd_identificador_original_lote":8795955;"cd_setor_fiscal":"009";"cd_tipo_quadra":"F";"tx_tipo_quadra":"FISCAL";"cd_quadra_fiscal":"001";"cd_subquadra_fiscal":null;"cd_condominio":"05";"cd_tipo_lote":"F";"tx_tipo_lote":"FISCAL";"cd_lote":"0000";"cd_situacao":1;"cd_digito_sql":null;"cd_logradouro":"177156";"nm_logradouro_completo":"R SAMUEL DAS NEVES";"cd_numero_porta":"
0090050000,RECUPERAVEL,sim,254.00,{"cd_identificador":1988535;"cd_identificador_original_lote":8794752;"cd_setor_fiscal":"009";"cd_tipo_quadra":"F";"tx_tipo_quadra":"FISCAL";"cd_quadra_fiscal":"005";"cd_subquadra_fiscal":null;"cd_condominio":"03";"cd_tipo_lote":"F";"tx_tipo_lote":"FISCAL";"cd_lote":"0000";"cd_situacao":1;"cd_digito_sql":null;"cd_logradouro":"175170";"nm_logradouro_completo":"R RUI BARBOSA";"cd_numero_porta":"172 1
0090650000,RECUPERAVEL,sim,614.00,{"cd_identificador":1964466;"cd_identificador_original_lote":8796381;"cd_setor_fiscal":"009";"cd_tipo_quadra":"F";"tx_tipo_quadra":"FISCAL";"cd_quadra_fiscal":"065";"cd_subquadra_fiscal":null;"cd_condominio":"03";"cd_tipo_lote":"F";"tx_tipo_lote":"FISCAL";"cd_lote":"0000";"cd_situacao":1;"cd_digito_sql":null;"cd_logradouro":"121657";"nm_logradouro_completo":"AV BRIG LUIS ANTONIO";"cd_numero_porta"
0090320000,RECUPERAVEL,sim,1122.00,{"cd_identificador":1977308;"cd_identificador_original_lote":8794359;"cd_setor_fiscal":"009";"cd_tipo_quadra":"F";"tx_tipo_quadra":"FISCAL";"cd_quadra_fiscal":"032";"cd_subquadra_fiscal":null;"cd_condominio":"05";"cd_tipo_lote":"F";"tx_tipo_lote":"FISCAL";"cd_lote":"0000";"cd_situacao":1;"cd_digito_sql":null;"cd_logradouro":"121657";"nm_logradouro_completo":"AV BRIG LUIS ANTONIO";"cd_numero_porta"
0060430000,RECUPERAVEL,sim,140.00,{"cd_identificador":2042475;"cd_identificador_original_lote":8802710;"cd_setor_fiscal":"006";"cd_tipo_quadra":"F";"tx_tipo_quadra":"FISCAL";"cd_quadra_fiscal":"043";"cd_subquadra_fiscal":null;"cd_condominio":"05";"cd_tipo_lote":"F";"tx_tipo_lote":"FISCAL";"cd_lote":"0000";"cd_situacao":1;"cd_digito_sql":null;"cd_logradouro":"121789";"nm_logradouro_completo":"R DR LUIS BARRETO";"cd_numero_porta":"1
0260350000,RECUPERAVEL,sim,109.00,{"cd_identificador":6809327;"cd_identificador_original_lote":10668892;"cd_setor_fiscal":"026";"cd_tipo_quadra":"F";"tx_tipo_quadra":"FISCAL";"cd_quadra_fiscal":"035";"cd_subquadra_fiscal":null;"cd_condominio":"03";"cd_tipo_lote":"F";"tx_tipo_lote":"FISCAL";"cd_lote":"0000";"cd_situacao":1;"cd_digito_sql":null;"cd_logradouro":"176133";"nm_logradouro_completo":"R SALDANHA MARINHO";"cd_numero_porta":
0260250002,RECUPERAVEL,sim,395.95,{"cd_identificador":1992641;"cd_identificador_original_lote":8898901;"cd_setor_fiscal":"026";"cd_tipo_quadra":"F";"tx_tipo_quadra":"FISCAL";"cd_quadra_fiscal":"025";"cd_subquadra_fiscal":null;"cd_condominio":"00";"cd_tipo_lote":"V";"tx_tipo_lote":"Via de Acesso";"cd_lote":"0002";"cd_situacao":1;"cd_digito_sql":null;"cd_logradouro":null;"nm_logradouro_completo":null;"cd_numero_porta":null;"tx_compl
0020160000,RECUPERAVEL,sim,739.00,{"cd_identificador":2736957;"cd_identificador_original_lote":9162969;"cd_setor_fiscal":"002";"cd_tipo_quadra":"F";"tx_tipo_quadra":"FISCAL";"cd_quadra_fiscal":"016";"cd_subquadra_fiscal":null;"cd_condominio":"01";"cd_tipo_lote":"F";"tx_tipo_lote":"FISCAL";"cd_lote":"0000";"cd_situacao":1;"cd_digito_sql":null;"cd_logradouro":"041467";"nm_logradouro_completo":"R DA CANTAREIRA";"cd_numero_porta":"864
0010180000,PROVAVEL_DESCARTE_SQL_MORTO,nao,,quadra respondeu; lote ausente (2 formatos de filtro)
0180310000,RECUPERAVEL,sim,378.00,{"cd_identificador":1961186;"cd_identificador_original_lote":8848256;"cd_setor_fiscal":"018";"cd_tipo_quadra":"F";"tx_tipo_quadra":"FISCAL";"cd_quadra_fiscal":"031";"cd_subquadra_fiscal":null;"cd_condominio":"03";"cd_tipo_lote":"F";"tx_tipo_lote":"FISCAL";"cd_lote":"0000";"cd_situacao":1;"cd_digito_sql":null;"cd_logradouro":"010294";"nm_logradouro_completo":"R AMAZONAS";"cd_numero_porta":"168 174"
0190700029,PROVAVEL_DESCARTE_SQL_MORTO,nao,,quadra respondeu; lote ausente (2 formatos de filtro)
0270850000,PROVAVEL_DESCARTE_SQL_MORTO,nao,,quadra respondeu; lote ausente (2 formatos de filtro)
0250800000,RECUPERAVEL,sim,625.00,{"cd_identificador":2025825;"cd_identificador_original_lote":8855393;"cd_setor_fiscal":"025";"cd_tipo_quadra":"F";"tx_tipo_quadra":"FISCAL";"cd_quadra_fiscal":"080";"cd_subquadra_fiscal":null;"cd_condominio":"01";"cd_tipo_lote":"F";"tx_tipo_lote":"FISCAL";"cd_lote":"0000";"cd_situacao":1;"cd_digito_sql":null;"cd_logradouro":"150533";"nm_logradouro_completo":"R ORIENTE";"cd_numero_porta":"70 76 80"
0280460000,RECUPERAVEL,sim,4017.00,{"cd_identificador":2183345;"cd_identificador_original_lote":8925914;"cd_setor_fiscal":"028";"cd_tipo_quadra":"F";"tx_tipo_quadra":"FISCAL";"cd_quadra_fiscal":"046";"cd_subquadra_fiscal":null;"cd_condominio":"01";"cd_tipo_lote":"F";"tx_tipo_lote":"FISCAL";"cd_lote":"0000";"cd_situacao":1;"cd_digito_sql":null;"cd_logradouro":"069825";"nm_logradouro_completo":"R MONS JOAO FELIPO";"cd_numero_porta":"
0825170000,PROVAVEL_DESCARTE_SQL_MORTO,nao,,quadra respondeu; lote ausente (2 formatos de filtro)
0040340000,RECUPERAVEL,sim,1404.00,{"cd_identificador":2183029;"cd_identificador_original_lote":8918532;"cd_setor_fiscal":"004";"cd_tipo_quadra":"F";"tx_tipo_quadra":"FISCAL";"cd_quadra_fiscal":"034";"cd_subquadra_fiscal":null;"cd_condominio":"12";"cd_tipo_lote":"F";"tx_tipo_lote":"FISCAL";"cd_lote":"0000";"cd_situacao":1;"cd_digito_sql":null;"cd_logradouro":"057886";"nm_logradouro_completo":"R PROF DEMOSTENES BATISTA F. MARQUES";"
0040330000,RECUPERAVEL,sim,1352.00,{"cd_identificador":2146251;"cd_identificador_original_lote":8920408;"cd_setor_fiscal":"004";"cd_tipo_quadra":"F";"tx_tipo_quadra":"FISCAL";"cd_quadra_fiscal":"033";"cd_subquadra_fiscal":null;"cd_condominio":"01";"cd_tipo_lote":"F";"tx_tipo_lote":"FISCAL";"cd_lote":"0000";"cd_situacao":1;"cd_digito_sql":null;"cd_logradouro":"057886";"nm_logradouro_completo":"R PROF DEMOSTENES BATISTA F. MARQUES";"
0040350000,RECUPERAVEL,sim,1852.00,{"cd_identificador":2142265;"cd_identificador_original_lote":8920205;"cd_setor_fiscal":"004";"cd_tipo_quadra":"F";"tx_tipo_quadra":"FISCAL";"cd_quadra_fiscal":"035";"cd_subquadra_fiscal":null;"cd_condominio":"01";"cd_tipo_lote":"F";"tx_tipo_lote":"FISCAL";"cd_lote":"0000";"cd_situacao":1;"cd_digito_sql":null;"cd_logradouro":"173711";"nm_logradouro_completo":"R DOM ROMUALDO DE SEIXAS";"cd_numero_po
0040540000,RECUPERAVEL,sim,1828.00,{"cd_identificador":2171923;"cd_identificador_original_lote":8920000;"cd_setor_fiscal":"004";"cd_tipo_quadra":"F";"tx_tipo_quadra":"FISCAL";"cd_quadra_fiscal":"054";"cd_subquadra_fiscal":null;"cd_condominio":"03";"cd_tipo_lote":"F";"tx_tipo_lote":"FISCAL";"cd_lote":"0000";"cd_situacao":1;"cd_digito_sql":null;"cd_logradouro":"057886";"nm_logradouro_completo":"R PROF DEMOSTENES BATISTA F. MARQUES";"
1620350000,RECUPERAVEL,sim,14958.00,{"cd_identificador":3452474;"cd_identificador_original_lote":9443080;"cd_setor_fiscal":"162";"cd_tipo_quadra":"F";"tx_tipo_quadra":"FISCAL";"cd_quadra_fiscal":"035";"cd_subquadra_fiscal":null;"cd_condominio":"01";"cd_tipo_lote":"F";"tx_tipo_lote":"FISCAL";"cd_lote":"0000";"cd_situacao":1;"cd_digito_sql":null;"cd_logradouro":"160423";"nm_logradouro_completo":"PC ALM PENA BOTTO";"cd_numero_porta":"5
0111010000,RECUPERAVEL,sim,670.00,{"cd_identificador":2162525;"cd_identificador_original_lote":8915286;"cd_setor_fiscal":"011";"cd_tipo_quadra":"F";"tx_tipo_quadra":"FISCAL";"cd_quadra_fiscal":"101";"cd_subquadra_fiscal":null;"cd_condominio":"15";"cd_tipo_lote":"F";"tx_tipo_lote":"FISCAL";"cd_lote":"0000";"cd_situacao":1;"cd_digito_sql":null;"cd_logradouro":"128694";"nm_logradouro_completo":"R MARANHAO";"cd_numero_porta":"685";"tx
0200940000,RECUPERAVEL,sim,358.00,{"cd_identificador":2734631;"cd_identificador_original_lote":9173857;"cd_setor_fiscal":"020";"cd_tipo_quadra":"F";"tx_tipo_quadra":"FISCAL";"cd_quadra_fiscal":"094";"cd_subquadra_fiscal":null;"cd_condominio":"10";"cd_tipo_lote":"F";"tx_tipo_lote":"FISCAL";"cd_lote":"0000";"cd_situacao":1;"cd_digito_sql":null;"cd_logradouro":"005347";"nm_logradouro_completo":"R DR ALBUQUERQUE LINS";"cd_numero_porta
0200950000,RECUPERAVEL,sim,2505.00,{"cd_identificador":2741642;"cd_identificador_original_lote":9173975;"cd_setor_fiscal":"020";"cd_tipo_quadra":"F";"tx_tipo_quadra":"FISCAL";"cd_quadra_fiscal":"095";"cd_subquadra_fiscal":null;"cd_condominio":"04";"cd_tipo_lote":"F";"tx_tipo_lote":"FISCAL";"cd_lote":"0000";"cd_situacao":1;"cd_digito_sql":null;"cd_logradouro":"087718";"nm_logradouro_completo":"AV HIGIENOPOLIS";"cd_numero_porta":"578
0111000000,RECUPERAVEL,sim,680.00,{"cd_identificador":2147215;"cd_identificador_original_lote":8915634;"cd_setor_fiscal":"011";"cd_tipo_quadra":"F";"tx_tipo_quadra":"FISCAL";"cd_quadra_fiscal":"100";"cd_subquadra_fiscal":null;"cd_condominio":"06";"cd_tipo_lote":"F";"tx_tipo_lote":"FISCAL";"cd_lote":"0000";"cd_situacao":1;"cd_digito_sql":null;"cd_logradouro":"027227";"nm_logradouro_completo":"R BAHIA";"cd_numero_porta":"116";"tx_co
0111230000,RECUPERAVEL,sim,2351.00,{"cd_identificador":2151542;"cd_identificador_original_lote":8914720;"cd_setor_fiscal":"011";"cd_tipo_quadra":"F";"tx_tipo_quadra":"FISCAL";"cd_quadra_fiscal":"123";"cd_subquadra_fiscal":null;"cd_condominio":"03";"cd_tipo_lote":"F";"tx_tipo_lote":"FISCAL";"cd_lote":"0000";"cd_situacao":1;"cd_digito_sql":null;"cd_logradouro":"180408";"nm_logradouro_completo":"R SERGIPE";"cd_numero_porta":"605";"tx_
0111140150,PROVAVEL_DESCARTE_SQL_MORTO,nao,,quadra respondeu; lote ausente (2 formatos de filtro)
0111140000,RECUPERAVEL,sim,322.00,{"cd_identificador":6785936;"cd_identificador_original_lote":10644846;"cd_setor_fiscal":"011";"cd_tipo_quadra":"F";"tx_tipo_quadra":"FISCAL";"cd_quadra_fiscal":"114";"cd_subquadra_fiscal":null;"cd_condominio":"06";"cd_tipo_lote":"F";"tx_tipo_lote":"FISCAL";"cd_lote":"0000";"cd_situacao":1;"cd_digito_sql":null;"cd_logradouro":"004260";"nm_logradouro_completo":"R ALAGOAS";"cd_numero_porta":"664";"tx
0111140138,PROVAVEL_DESCARTE_SQL_MORTO,nao,,quadra respondeu; lote ausente (2 formatos de filtro)
0110990000,RECUPERAVEL,sim,520.00,{"cd_identificador":2188000;"cd_identificador_original_lote":8914707;"cd_setor_fiscal":"011";"cd_tipo_quadra":"F";"tx_tipo_quadra":"FISCAL";"cd_quadra_fiscal":"099";"cd_subquadra_fiscal":null;"cd_condominio":"03";"cd_tipo_lote":"F";"tx_tipo_lote":"FISCAL";"cd_lote":"0000";"cd_situacao":1;"cd_digito_sql":null;"cd_logradouro":"162043";"nm_logradouro_completo":"R PIAUI";"cd_numero_porta":"1121";"tx_c
0100370000,RECUPERAVEL,sim,481.00,{"cd_identificador":2143330;"cd_identificador_original_lote":8912256;"cd_setor_fiscal":"010";"cd_tipo_quadra":"F";"tx_tipo_quadra":"FISCAL";"cd_quadra_fiscal":"037";"cd_subquadra_fiscal":null;"cd_condominio":"05";"cd_tipo_lote":"F";"tx_tipo_lote":"FISCAL";"cd_lote":"0000";"cd_situacao":1;"cd_digito_sql":null;"cd_logradouro":"052450";"nm_logradouro_completo":"R DA CONSOLACAO";"cd_numero_porta":"226
0100020000,RECUPERAVEL,sim,1031.00,{"cd_identificador":2147412;"cd_identificador_original_lote":8914372;"cd_setor_fiscal":"010";"cd_tipo_quadra":"F";"tx_tipo_quadra":"FISCAL";"cd_quadra_fiscal":"002";"cd_subquadra_fiscal":null;"cd_condominio":"02";"cd_tipo_lote":"F";"tx_tipo_lote":"FISCAL";"cd_lote":"0000";"cd_situacao":1;"cd_digito_sql":null;"cd_logradouro":"128694";"nm_logradouro_completo":"R MARANHAO";"cd_numero_porta":"192";"tx
0100160000,RECUPERAVEL,sim,1045.00,{"cd_identificador":2216737;"cd_identificador_original_lote":8914264;"cd_setor_fiscal":"010";"cd_tipo_quadra":"F";"tx_tipo_quadra":"FISCAL";"cd_quadra_fiscal":"016";"cd_subquadra_fiscal":null;"cd_condominio":"11";"cd_tipo_lote":"F";"tx_tipo_lote":"FISCAL";"cd_lote":"0000";"cd_situacao":1;"cd_digito_sql":null;"cd_logradouro":"175579";"nm_logradouro_completo":"R SABARA";"cd_numero_porta":"538";"tx_c
0100030000,RECUPERAVEL,sim,606.00,{"cd_identificador":2170003;"cd_identificador_original_lote":8914366;"cd_setor_fiscal":"010";"cd_tipo_quadra":"F";"tx_tipo_quadra":"FISCAL";"cd_quadra_fiscal":"003";"cd_subquadra_fiscal":null;"cd_condominio":"04";"cd_tipo_lote":"F";"tx_tipo_lote":"FISCAL";"cd_lote":"0000";"cd_situacao":1;"cd_digito_sql":null;"cd_logradouro":"087718";"nm_logradouro_completo":"AV HIGIENOPOLIS";"cd_numero_porta":"147
0050160000,RECUPERAVEL,sim,515.00,{"cd_identificador":6822365;"cd_identificador_original_lote":8890980;"cd_setor_fiscal":"005";"cd_tipo_quadra":"F";"tx_tipo_quadra":"FISCAL";"cd_quadra_fiscal":"016";"cd_subquadra_fiscal":null;"cd_condominio":"02";"cd_tipo_lote":"F";"tx_tipo_lote":"FISCAL";"cd_lote":"0000";"cd_situacao":1;"cd_digito_sql":null;"cd_logradouro":"023981";"nm_logradouro_completo":"R ASDRUBAL DO NASCIMENTO";"cd_numero_po
0060240000,RECUPERAVEL,sim,391.00,{"cd_identificador":1967097;"cd_identificador_original_lote":8801615;"cd_setor_fiscal":"006";"cd_tipo_quadra":"F";"tx_tipo_quadra":"FISCAL";"cd_quadra_fiscal":"024";"cd_subquadra_fiscal":null;"cd_condominio":"06";"cd_tipo_lote":"F";"tx_tipo_lote":"FISCAL";"cd_lote":"0000";"cd_situacao":1;"cd_digito_sql":null;"cd_logradouro":"129518";"nm_logradouro_completo":"R MARCONI";"cd_numero_porta":"128 138 1
0060100000,RECUPERAVEL,sim,844.00,{"cd_identificador":1992672;"cd_identificador_original_lote":8801773;"cd_setor_fiscal":"006";"cd_tipo_quadra":"F";"tx_tipo_quadra":"FISCAL";"cd_quadra_fiscal":"010";"cd_subquadra_fiscal":null;"cd_condominio":"06";"cd_tipo_lote":"F";"tx_tipo_lote":"FISCAL";"cd_lote":"0000";"cd_situacao":1;"cd_digito_sql":null;"cd_logradouro":"197599";"nm_logradouro_completo":"R VINTE E QUATRO DE MAIO";"cd_numero_po
0010570000,RECUPERAVEL,sim,199.00,{"cd_identificador":1964902;"cd_identificador_original_lote":8800473;"cd_setor_fiscal":"001";"cd_tipo_quadra":"F";"tx_tipo_quadra":"FISCAL";"cd_quadra_fiscal":"057";"cd_subquadra_fiscal":null;"cd_condominio":"02";"cd_tipo_lote":"F";"tx_tipo_lote":"FISCAL";"cd_lote":"0000";"cd_situacao":1;"cd_digito_sql":null;"cd_logradouro":"179868";"nm_logradouro_completo":"R DO SEMINARIO";"cd_numero_porta":"161 
0060390000,RECUPERAVEL,sim,284.00,{"cd_identificador":6786270;"cd_identificador_original_lote":10644789;"cd_setor_fiscal":"006";"cd_tipo_quadra":"F";"tx_tipo_quadra":"FISCAL";"cd_quadra_fiscal":"039";"cd_subquadra_fiscal":null;"cd_condominio":"05";"cd_tipo_lote":"F";"tx_tipo_lote":"FISCAL";"cd_lote":"0000";"cd_situacao":1;"cd_digito_sql":null;"cd_logradouro":"059854";"nm_logradouro_completo":"R S DOMINGOS";"cd_numero_porta":"186 1
0060150000,RECUPERAVEL,sim,1392.00,{"cd_identificador":1959064;"cd_identificador_original_lote":8801908;"cd_setor_fiscal":"006";"cd_tipo_quadra":"F";"tx_tipo_quadra":"FISCAL";"cd_quadra_fiscal":"015";"cd_subquadra_fiscal":null;"cd_condominio":"09";"cd_tipo_lote":"F";"tx_tipo_lote":"FISCAL";"cd_lote":"0000";"cd_situacao":1;"cd_digito_sql":null;"cd_logradouro":"095435";"nm_logradouro_completo":"R BR DE ITAPETININGA";"cd_numero_porta"
0010530000,RECUPERAVEL,sim,2163.00,{"cd_identificador":6771442;"cd_identificador_original_lote":10625088;"cd_setor_fiscal":"001";"cd_tipo_quadra":"F";"tx_tipo_quadra":"FISCAL";"cd_quadra_fiscal":"053";"cd_subquadra_fiscal":null;"cd_condominio":"06";"cd_tipo_lote":"F";"tx_tipo_lote":"FISCAL";"cd_lote":"0000";"cd_situacao":1;"cd_digito_sql":null;"cd_logradouro":"016675";"nm_logradouro_completo":"R ANTONIO DE GODOI";"cd_numero_porta":
0010530026,PROVAVEL_DESCARTE_SQL_MORTO,nao,,quadra respondeu; lote ausente (2 formatos de filtro)
0010530036,PROVAVEL_DESCARTE_SQL_MORTO,nao,,quadra respondeu; lote ausente (2 formatos de filtro)
0010530025,PROVAVEL_DESCARTE_SQL_MORTO,nao,,quadra respondeu; lote ausente (2 formatos de filtro)
0060380000,RECUPERAVEL,sim,324.00,{"cd_identificador":1987793;"cd_identificador_original_lote":8801752;"cd_setor_fiscal":"006";"cd_tipo_quadra":"F";"tx_tipo_quadra":"FISCAL";"cd_quadra_fiscal":"038";"cd_subquadra_fiscal":null;"cd_condominio":"01";"cd_tipo_lote":"F";"tx_tipo_lote":"FISCAL";"cd_lote":"0000";"cd_situacao":1;"cd_digito_sql":null;"cd_logradouro":"015210";"nm_logradouro_completo":"R STO ANTONIO";"cd_numero_porta":"561 5
0080900028,PROVAVEL_DESCARTE_SQL_MORTO,nao,,quadra respondeu; lote ausente (2 formatos de filtro)
0080900027,PROVAVEL_DESCARTE_SQL_MORTO,nao,,quadra respondeu; lote ausente (2 formatos de filtro)
0080900029,PROVAVEL_DESCARTE_SQL_MORTO,nao,,quadra respondeu; lote ausente (2 formatos de filtro)
0080900032,PROVAVEL_DESCARTE_SQL_MORTO,nao,,quadra respondeu; lote ausente (2 formatos de filtro)
0080900008,PROVAVEL_DESCARTE_SQL_MORTO,nao,,quadra respondeu; lote ausente (2 formatos de filtro)
0080900041,PROVAVEL_DESCARTE_SQL_MORTO,nao,,quadra respondeu; lote ausente (2 formatos de filtro)
0080900017,PROVAVEL_DESCARTE_SQL_MORTO,nao,,quadra respondeu; lote ausente (2 formatos de filtro)
0080900043,PROVAVEL_DESCARTE_SQL_MORTO,nao,,quadra respondeu; lote ausente (2 formatos de filtro)
0080900031,PROVAVEL_DESCARTE_SQL_MORTO,nao,,quadra respondeu; lote ausente (2 formatos de filtro)
0080900007,PROVAVEL_DESCARTE_SQL_MORTO,nao,,quadra respondeu; lote ausente (2 formatos de filtro)
0080900011,PROVAVEL_DESCARTE_SQL_MORTO,nao,,quadra respondeu; lote ausente (2 formatos de filtro)
0080900006,PROVAVEL_DESCARTE_SQL_MORTO,nao,,quadra respondeu; lote ausente (2 formatos de filtro)
0080900030,PROVAVEL_DESCARTE_SQL_MORTO,nao,,quadra respondeu; lote ausente (2 formatos de filtro)
0070620000,RECUPERAVEL,sim,411.00,{"cd_identificador":7430037;"cd_identificador_original_lote":10971702;"cd_setor_fiscal":"007";"cd_tipo_quadra":"F";"tx_tipo_quadra":"FISCAL";"cd_quadra_fiscal":"062";"cd_subquadra_fiscal":null;"cd_condominio":"10";"cd_tipo_lote":"F";"tx_tipo_lote":"FISCAL";"cd_lote":"0000";"cd_situacao":1;"cd_digito_sql":null;"cd_logradouro":"025950";"nm_logradouro_completo":"R AURORA";"cd_numero_porta":"904 914";
0080930000,RECUPERAVEL,sim,366.00,{"cd_identificador":2013033;"cd_identificador_original_lote":8832389;"cd_setor_fiscal":"008";"cd_tipo_quadra":"F";"tx_tipo_quadra":"FISCAL";"cd_quadra_fiscal":"093";"cd_subquadra_fiscal":null;"cd_condominio":"01";"cd_tipo_lote":"F";"tx_tipo_lote":"FISCAL";"cd_lote":"0000";"cd_situacao":1;"cd_digito_sql":null;"cd_logradouro":"092762";"nm_logradouro_completo":"AV IPIRANGA";"cd_numero_porta":"1119 11
0080930059,PROVAVEL_DESCARTE_SQL_MORTO,nao,,quadra respondeu; lote ausente (2 formatos de filtro)
0010440000,RECUPERAVEL,sim,259.00,{"cd_identificador":1976912;"cd_identificador_original_lote":8801053;"cd_setor_fiscal":"001";"cd_tipo_quadra":"F";"tx_tipo_quadra":"FISCAL";"cd_quadra_fiscal":"044";"cd_subquadra_fiscal":null;"cd_condominio":"04";"cd_tipo_lote":"F";"tx_tipo_lote":"FISCAL";"cd_lote":"0000";"cd_situacao":1;"cd_digito_sql":null;"cd_logradouro":"092762";"nm_logradouro_completo":"AV IPIRANGA";"cd_numero_porta":"1202 12
0010440050,PROVAVEL_DESCARTE_SQL_MORTO,nao,,quadra respondeu; lote ausente (2 formatos de filtro)
0010440051,PROVAVEL_DESCARTE_SQL_MORTO,nao,,quadra respondeu; lote ausente (2 formatos de filtro)
0080650000,RECUPERAVEL,sim,624.00,{"cd_identificador":2028578;"cd_identificador_original_lote":8831652;"cd_setor_fiscal":"008";"cd_tipo_quadra":"F";"tx_tipo_quadra":"FISCAL";"cd_quadra_fiscal":"065";"cd_subquadra_fiscal":null;"cd_condominio":"02";"cd_tipo_lote":"F";"tx_tipo_lote":"FISCAL";"cd_lote":"0000";"cd_situacao":1;"cd_digito_sql":null;"cd_logradouro":"151416";"nm_logradouro_completo":"R GAL OSORIO";"cd_numero_porta":"289 29
0080880000,RECUPERAVEL,sim,605.00,{"cd_identificador":1986837;"cd_identificador_original_lote":8831029;"cd_setor_fiscal":"008";"cd_tipo_quadra":"F";"tx_tipo_quadra":"FISCAL";"cd_quadra_fiscal":"088";"cd_subquadra_fiscal":null;"cd_condominio":"04";"cd_tipo_lote":"F";"tx_tipo_lote":"FISCAL";"cd_lote":"0000";"cd_situacao":1;"cd_digito_sql":null;"cd_logradouro":"025950";"nm_logradouro_completo":"R AURORA";"cd_numero_porta":"291";"tx_c
0010190037,PROVAVEL_DESCARTE_SQL_MORTO,nao,,quadra respondeu; lote ausente (2 formatos de filtro)
0080940000,RECUPERAVEL,sim,446.00,{"cd_identificador":1981372;"cd_identificador_original_lote":8831376;"cd_setor_fiscal":"008";"cd_tipo_quadra":"F";"tx_tipo_quadra":"FISCAL";"cd_quadra_fiscal":"094";"cd_subquadra_fiscal":null;"cd_condominio":"04";"cd_tipo_lote":"F";"tx_tipo_lote":"FISCAL";"cd_lote":"0000";"cd_situacao":1;"cd_digito_sql":null;"cd_logradouro":"092762";"nm_logradouro_completo":"AV IPIRANGA";"cd_numero_porta":"1263 12
0080940122,PROVAVEL_DESCARTE_SQL_MORTO,nao,,quadra respondeu; lote ausente (2 formatos de filtro)
0010360000,RECUPERAVEL,sim,468.00,{"cd_identificador":1981204;"cd_identificador_original_lote":8800897;"cd_setor_fiscal":"001";"cd_tipo_quadra":"F";"tx_tipo_quadra":"FISCAL";"cd_quadra_fiscal":"036";"cd_subquadra_fiscal":null;"cd_condominio":"02";"cd_tipo_lote":"F";"tx_tipo_lote":"FISCAL";"cd_lote":"0000";"cd_situacao":1;"cd_digito_sql":null;"cd_logradouro":"031780";"nm_logradouro_completo":"R BENEFICENCIA PORTUGUESA";"cd_numero_p
0010270000,RECUPERAVEL,sim,1221.00,{"cd_identificador":1963694;"cd_identificador_original_lote":8799794;"cd_setor_fiscal":"001";"cd_tipo_quadra":"F";"tx_tipo_quadra":"FISCAL";"cd_quadra_fiscal":"027";"cd_subquadra_fiscal":null;"cd_condominio":"03";"cd_tipo_lote":"F";"tx_tipo_lote":"FISCAL";"cd_lote":"0000";"cd_situacao":1;"cd_digito_sql":null;"cd_logradouro":"167258";"nm_logradouro_completo":"AV SEN QUEIROS";"cd_numero_porta":"101"
0080730000,RECUPERAVEL,sim,581.00,{"cd_identificador":1965827;"cd_identificador_original_lote":8832291;"cd_setor_fiscal":"008";"cd_tipo_quadra":"F";"tx_tipo_quadra":"FISCAL";"cd_quadra_fiscal":"073";"cd_subquadra_fiscal":null;"cd_condominio":"02";"cd_tipo_lote":"F";"tx_tipo_lote":"FISCAL";"cd_lote":"0000";"cd_situacao":1;"cd_digito_sql":null;"cd_logradouro":"198471";"nm_logradouro_completo":"R VITORIA";"cd_numero_porta":"334 340 3
0080730124,PROVAVEL_DESCARTE_SQL_MORTO,nao,,quadra respondeu; lote ausente (2 formatos de filtro)
0080890000,RECUPERAVEL,sim,306.00,{"cd_identificador":1989277;"cd_identificador_original_lote":8831338;"cd_setor_fiscal":"008";"cd_tipo_quadra":"F";"tx_tipo_quadra":"FISCAL";"cd_quadra_fiscal":"089";"cd_subquadra_fiscal":null;"cd_condominio":"05";"cd_tipo_lote":"F";"tx_tipo_lote":"FISCAL";"cd_lote":"0000";"cd_situacao":1;"cd_digito_sql":null;"cd_logradouro":"062855";"nm_logradouro_completo":"R STA IFIGENIA";"cd_numero_porta":"256 
0010460000,RECUPERAVEL,sim,516.00,{"cd_identificador":1966063;"cd_identificador_original_lote":8801078;"cd_setor_fiscal":"001";"cd_tipo_quadra":"F";"tx_tipo_quadra":"FISCAL";"cd_quadra_fiscal":"046";"cd_subquadra_fiscal":null;"cd_condominio":"03";"cd_tipo_lote":"F";"tx_tipo_lote":"FISCAL";"cd_lote":"0000";"cd_situacao":1;"cd_digito_sql":null;"cd_logradouro":"190179";"nm_logradouro_completo":"R BRIG TOBIAS";"cd_numero_porta":"51 55
0080590000,RECUPERAVEL,sim,477.00,{"cd_identificador":2008972;"cd_identificador_original_lote":8833226;"cd_setor_fiscal":"008";"cd_tipo_quadra":"F";"tx_tipo_quadra":"FISCAL";"cd_quadra_fiscal":"059";"cd_subquadra_fiscal":null;"cd_condominio":"02";"cd_tipo_lote":"F";"tx_tipo_lote":"FISCAL";"cd_lote":"0000";"cd_situacao":1;"cd_digito_sql":null;"cd_logradouro":"113468";"nm_logradouro_completo":"PC JULIO PRESTES";"cd_numero_porta":"30
0080830000,RECUPERAVEL,sim,665.00,{"cd_identificador":2029301;"cd_identificador_original_lote":8831306;"cd_setor_fiscal":"008";"cd_tipo_quadra":"F";"tx_tipo_quadra":"FISCAL";"cd_quadra_fiscal":"083";"cd_subquadra_fiscal":null;"cd_condominio":"01";"cd_tipo_lote":"F";"tx_tipo_lote":"FISCAL";"cd_lote":"0000";"cd_situacao":1;"cd_digito_sql":null;"cd_logradouro":"025950";"nm_logradouro_completo":"R AURORA";"cd_numero_porta":"66 72 78";
0070700000,RECUPERAVEL,sim,1436.00,{"cd_identificador":6772071;"cd_identificador_original_lote":10627195;"cd_setor_fiscal":"007";"cd_tipo_quadra":"F";"tx_tipo_quadra":"FISCAL";"cd_quadra_fiscal":"070";"cd_subquadra_fiscal":null;"cd_condominio":"08";"cd_tipo_lote":"F";"tx_tipo_lote":"FISCAL";"cd_lote":"0000";"cd_situacao":1;"cd_digito_sql":null;"cd_logradouro":"032310";"nm_logradouro_completo":"R BENTO FREITAS";"cd_numero_porta":"18
0050350000,RECUPERAVEL,sim,1312.00,{"cd_identificador":5390229;"cd_identificador_original_lote":10125870;"cd_setor_fiscal":"005";"cd_tipo_quadra":"F";"tx_tipo_quadra":"FISCAL";"cd_quadra_fiscal":"035";"cd_subquadra_fiscal":null;"cd_condominio":"10";"cd_tipo_lote":"F";"tx_tipo_lote":"FISCAL";"cd_lote":"0000";"cd_situacao":1;"cd_digito_sql":null;"cd_logradouro":"121657";"nm_logradouro_completo":"AV BRIG LUIS ANTONIO";"cd_numero_porta
0010450000,RECUPERAVEL,sim,1930.00,{"cd_identificador":2018129;"cd_identificador_original_lote":8801069;"cd_setor_fiscal":"001";"cd_tipo_quadra":"F";"tx_tipo_quadra":"FISCAL";"cd_quadra_fiscal":"045";"cd_subquadra_fiscal":null;"cd_condominio":"02";"cd_tipo_lote":"F";"tx_tipo_lote":"FISCAL";"cd_lote":"0000";"cd_situacao":1;"cd_digito_sql":null;"cd_logradouro":"190179";"nm_logradouro_completo":"R BRIG TOBIAS";"cd_numero_porta":"47 24
0060160000,RECUPERAVEL,sim,513.00,{"cd_identificador":1983839;"cd_identificador_original_lote":8801489;"cd_setor_fiscal":"006";"cd_tipo_quadra":"F";"tx_tipo_quadra":"FISCAL";"cd_quadra_fiscal":"016";"cd_subquadra_fiscal":null;"cd_condominio":"05";"cd_tipo_lote":"F";"tx_tipo_lote":"FISCAL";"cd_lote":"0000";"cd_situacao":1;"cd_digito_sql":null;"cd_logradouro":"095435";"nm_logradouro_completo":"R BR DE ITAPETININGA";"cd_numero_porta"
0060230000,RECUPERAVEL,sim,430.00,{"cd_identificador":1976061;"cd_identificador_original_lote":8801579;"cd_setor_fiscal":"006";"cd_tipo_quadra":"F";"tx_tipo_quadra":"FISCAL";"cd_quadra_fiscal":"023";"cd_subquadra_fiscal":null;"cd_condominio":"10";"cd_tipo_lote":"F";"tx_tipo_lote":"FISCAL";"cd_lote":"0000";"cd_situacao":1;"cd_digito_sql":null;"cd_logradouro":"199966";"nm_logradouro_completo":"R CEL XAVIER DE TOLEDO";"cd_numero_port
0060250000,RECUPERAVEL,sim,351.00,{"cd_identificador":1964214;"cd_identificador_original_lote":8802074;"cd_setor_fiscal":"006";"cd_tipo_quadra":"F";"tx_tipo_quadra":"FISCAL";"cd_quadra_fiscal":"025";"cd_subquadra_fiscal":null;"cd_condominio":"07";"cd_tipo_lote":"F";"tx_tipo_lote":"FISCAL";"cd_lote":"0000";"cd_situacao":1;"cd_digito_sql":null;"cd_logradouro":"199966";"nm_logradouro_completo":"R CEL XAVIER DE TOLEDO";"cd_numero_port
0070520000,RECUPERAVEL,sim,671.00,{"cd_identificador":1979258;"cd_identificador_original_lote":8829702;"cd_setor_fiscal":"007";"cd_tipo_quadra":"F";"tx_tipo_quadra":"FISCAL";"cd_quadra_fiscal":"052";"cd_subquadra_fiscal":null;"cd_condominio":"05";"cd_tipo_lote":"F";"tx_tipo_lote":"FISCAL";"cd_lote":"0000";"cd_situacao":1;"cd_digito_sql":null;"cd_logradouro":"101010";"nm_logradouro_completo":"AV S JOAO";"cd_numero_porta":"1105 1113
0050240000,RECUPERAVEL,sim,759.00,{"cd_identificador":6770549;"cd_identificador_original_lote":10574241;"cd_setor_fiscal":"005";"cd_tipo_quadra":"F";"tx_tipo_quadra":"FISCAL";"cd_quadra_fiscal":"024";"cd_subquadra_fiscal":null;"cd_condominio":"09";"cd_tipo_lote":"F";"tx_tipo_lote":"FISCAL";"cd_lote":"0000";"cd_situacao":1;"cd_digito_sql":null;"cd_logradouro":"073296";"nm_logradouro_completo":"R FRANCISCA MIQUELINA";"cd_numero_port
0060550000,RECUPERAVEL,sim,104.00,{"cd_identificador":1958414;"cd_identificador_original_lote":8802123;"cd_setor_fiscal":"006";"cd_tipo_quadra":"F";"tx_tipo_quadra":"FISCAL";"cd_quadra_fiscal":"055";"cd_subquadra_fiscal":null;"cd_condominio":"04";"cd_tipo_lote":"F";"tx_tipo_lote":"FISCAL";"cd_lote":"0000";"cd_situacao":1;"cd_digito_sql":null;"cd_logradouro":"099775";"nm_logradouro_completo":"R JARDIM HELOISA";"cd_numero_porta":"43
0060640000,RECUPERAVEL,sim,2382.00,{"cd_identificador":1962036;"cd_identificador_original_lote":8801603;"cd_setor_fiscal":"006";"cd_tipo_quadra":"F";"tx_tipo_quadra":"FISCAL";"cd_quadra_fiscal":"064";"cd_subquadra_fiscal":null;"cd_condominio":"04";"cd_tipo_lote":"F";"tx_tipo_lote":"FISCAL";"cd_lote":"0000";"cd_situacao":1;"cd_digito_sql":null;"cd_logradouro":"121320";"nm_logradouro_completo":"AV S LUIS";"cd_numero_porta":"30 50 72"
0060320000,RECUPERAVEL,sim,904.00,{"cd_identificador":4794374;"cd_identificador_original_lote":9077945;"cd_setor_fiscal":"006";"cd_tipo_quadra":"F";"tx_tipo_quadra":"FISCAL";"cd_quadra_fiscal":"032";"cd_subquadra_fiscal":null;"cd_condominio":"08";"cd_tipo_lote":"F";"tx_tipo_lote":"FISCAL";"cd_lote":"0000";"cd_situacao":1;"cd_digito_sql":null;"cd_logradouro":"008800";"nm_logradouro_completo":"R ALVARO DE CARVALHO";"cd_numero_porta"
0060080000,RECUPERAVEL,sim,263.00,{"cd_identificador":6827993;"cd_identificador_original_lote":8802004;"cd_setor_fiscal":"006";"cd_tipo_quadra":"F";"tx_tipo_quadra":"FISCAL";"cd_quadra_fiscal":"008";"cd_subquadra_fiscal":null;"cd_condominio":"11";"cd_tipo_lote":"F";"tx_tipo_lote":"FISCAL";"cd_lote":"0000";"cd_situacao":1;"cd_digito_sql":null;"cd_logradouro":"181080";"nm_logradouro_completo":"R SETE DE ABRIL";"cd_numero_porta":"412
0050230000,RECUPERAVEL,sim,1151.00,{"cd_identificador":4794121;"cd_identificador_original_lote":9917295;"cd_setor_fiscal":"005";"cd_tipo_quadra":"F";"tx_tipo_quadra":"FISCAL";"cd_quadra_fiscal":"023";"cd_subquadra_fiscal":null;"cd_condominio":"11";"cd_tipo_lote":"F";"tx_tipo_lote":"FISCAL";"cd_lote":"0000";"cd_situacao":1;"cd_digito_sql":null;"cd_logradouro":"078530";"nm_logradouro_completo":"R GENEBRA";"cd_numero_porta":"197";"tx_
0070860000,RECUPERAVEL,sim,1261.00,{"cd_identificador":6785294;"cd_identificador_original_lote":10644801;"cd_setor_fiscal":"007";"cd_tipo_quadra":"F";"tx_tipo_quadra":"FISCAL";"cd_quadra_fiscal":"086";"cd_subquadra_fiscal":null;"cd_condominio":"07";"cd_tipo_lote":"F";"tx_tipo_lote":"FISCAL";"cd_lote":"0000";"cd_situacao":1;"cd_digito_sql":null;"cd_logradouro":"181021";"nm_logradouro_completo":"R MAJ SERTORIO";"cd_numero_porta":"114
0070850000,RECUPERAVEL,sim,1090.00,{"cd_identificador":1980923;"cd_identificador_original_lote":8830690;"cd_setor_fiscal":"007";"cd_tipo_quadra":"F";"tx_tipo_quadra":"FISCAL";"cd_quadra_fiscal":"085";"cd_subquadra_fiscal":null;"cd_condominio":"02";"cd_tipo_lote":"F";"tx_tipo_lote":"FISCAL";"cd_lote":"0000";"cd_situacao":1;"cd_digito_sql":null;"cd_logradouro":"170003";"nm_logradouro_completo":"PC DA REPUBLICA";"cd_numero_porta":"167
0060270000,RECUPERAVEL,sim,1172.00,{"cd_identificador":1983153;"cd_identificador_original_lote":8801530;"cd_setor_fiscal":"006";"cd_tipo_quadra":"F";"tx_tipo_quadra":"FISCAL";"cd_quadra_fiscal":"027";"cd_subquadra_fiscal":null;"cd_condominio":"03";"cd_tipo_lote":"F";"tx_tipo_lote":"FISCAL";"cd_lote":"0000";"cd_situacao":1;"cd_digito_sql":null;"cd_logradouro":"072818";"nm_logradouro_completo":"R FORMOSA";"cd_numero_porta":"367";"tx_
0080530000,RECUPERAVEL,sim,772.00,{"cd_identificador":1984572;"cd_identificador_original_lote":8831218;"cd_setor_fiscal":"008";"cd_tipo_quadra":"F";"tx_tipo_quadra":"FISCAL";"cd_quadra_fiscal":"053";"cd_subquadra_fiscal":null;"cd_condominio":"01";"cd_tipo_lote":"F";"tx_tipo_lote":"FISCAL";"cd_lote":"0000";"cd_situacao":1;"cd_digito_sql":null;"cd_logradouro":"101010";"nm_logradouro_completo":"AV S JOAO";"cd_numero_porta":"1240 1254
0060090000,RECUPERAVEL,sim,530.00,{"cd_identificador":1989789;"cd_identificador_original_lote":8801562;"cd_setor_fiscal":"006";"cd_tipo_quadra":"F";"tx_tipo_quadra":"FISCAL";"cd_quadra_fiscal":"009";"cd_subquadra_fiscal":null;"cd_condominio":"03";"cd_tipo_lote":"F";"tx_tipo_lote":"FISCAL";"cd_lote":"0000";"cd_situacao":1;"cd_digito_sql":null;"cd_logradouro":"197599";"nm_logradouro_completo":"R VINTE E QUATRO DE MAIO";"cd_numero_po
0070870000,RECUPERAVEL,sim,1770.00,{"cd_identificador":6772079;"cd_identificador_original_lote":10627196;"cd_setor_fiscal":"007";"cd_tipo_quadra":"F";"tx_tipo_quadra":"FISCAL";"cd_quadra_fiscal":"087";"cd_subquadra_fiscal":null;"cd_condominio":"08";"cd_tipo_lote":"F";"tx_tipo_lote":"FISCAL";"cd_lote":"0000";"cd_situacao":1;"cd_digito_sql":null;"cd_logradouro":"021156";"nm_logradouro_completo":"R ARAUJO";"cd_numero_porta":"141";"tx_
0060170000,RECUPERAVEL,sim,351.00,{"cd_identificador":1982603;"cd_identificador_original_lote":8801927;"cd_setor_fiscal":"006";"cd_tipo_quadra":"F";"tx_tipo_quadra":"FISCAL";"cd_quadra_fiscal":"017";"cd_subquadra_fiscal":null;"cd_condominio":"07";"cd_tipo_lote":"F";"tx_tipo_lote":"FISCAL";"cd_lote":"0000";"cd_situacao":1;"cd_digito_sql":null;"cd_logradouro":"054950";"nm_logradouro_completo":"R CONS CRISPINIANO";"cd_numero_porta":"
0060060000,RECUPERAVEL,sim,751.00,{"cd_identificador":1993872;"cd_identificador_original_lote":8801468;"cd_setor_fiscal":"006";"cd_tipo_quadra":"F";"tx_tipo_quadra":"FISCAL";"cd_quadra_fiscal":"006";"cd_subquadra_fiscal":null;"cd_condominio":"01";"cd_tipo_lote":"F";"tx_tipo_lote":"FISCAL";"cd_lote":"0000";"cd_situacao":1;"cd_digito_sql":null;"cd_logradouro":"170003";"nm_logradouro_completo":"PC DA REPUBLICA";"cd_numero_porta":"64 
0070690000,RECUPERAVEL,sim,652.00,{"cd_identificador":1993662;"cd_identificador_original_lote":8830273;"cd_setor_fiscal":"007";"cd_tipo_quadra":"F";"tx_tipo_quadra":"FISCAL";"cd_quadra_fiscal":"069";"cd_subquadra_fiscal":null;"cd_condominio":"02";"cd_tipo_lote":"F";"tx_tipo_lote":"FISCAL";"cd_lote":"0000";"cd_situacao":1;"cd_digito_sql":null;"cd_logradouro":"099694";"nm_logradouro_completo":"R GAL JARDIM";"cd_numero_porta":"138";"
0050340000,RECUPERAVEL,sim,410.00,{"cd_identificador":1962059;"cd_identificador_original_lote":8890706;"cd_setor_fiscal":"005";"cd_tipo_quadra":"F";"tx_tipo_quadra":"FISCAL";"cd_quadra_fiscal":"034";"cd_subquadra_fiscal":null;"cd_condominio":"06";"cd_tipo_lote":"F";"tx_tipo_lote":"FISCAL";"cd_lote":"0000";"cd_situacao":1;"cd_digito_sql":null;"cd_logradouro":"073296";"nm_logradouro_completo":"R FRANCISCA MIQUELINA";"cd_numero_porta
0060510000,RECUPERAVEL,sim,1107.00,{"cd_identificador":1957933;"cd_identificador_original_lote":8802171;"cd_setor_fiscal":"006";"cd_tipo_quadra":"F";"tx_tipo_quadra":"FISCAL";"cd_quadra_fiscal":"051";"cd_subquadra_fiscal":null;"cd_condominio":"11";"cd_tipo_lote":"F";"tx_tipo_lote":"FISCAL";"cd_lote":"0000";"cd_situacao":1;"cd_digito_sql":null;"cd_logradouro":"010030";"nm_logradouro_completo":"R STO AMARO";"cd_numero_porta":"300";"t
0060530000,RECUPERAVEL,sim,309.00,{"cd_identificador":1979941;"cd_identificador_original_lote":8802065;"cd_setor_fiscal":"006";"cd_tipo_quadra":"F";"tx_tipo_quadra":"FISCAL";"cd_quadra_fiscal":"053";"cd_subquadra_fiscal":null;"cd_condominio":"08";"cd_tipo_lote":"F";"tx_tipo_lote":"FISCAL";"cd_lote":"0000";"cd_situacao":1;"cd_digito_sql":null;"cd_logradouro":"078530";"nm_logradouro_completo":"R GENEBRA";"cd_numero_porta":"170 172";
0070710000,RECUPERAVEL,sim,1771.00,{"cd_identificador":4794336;"cd_identificador_original_lote":9918050;"cd_setor_fiscal":"007";"cd_tipo_quadra":"F";"tx_tipo_quadra":"FISCAL";"cd_quadra_fiscal":"071";"cd_subquadra_fiscal":null;"cd_condominio":"05";"cd_tipo_lote":"F";"tx_tipo_lote":"FISCAL";"cd_lote":"0000";"cd_situacao":1;"cd_digito_sql":null;"cd_logradouro":"170003";"nm_logradouro_completo":"PC DA REPUBLICA";"cd_numero_porta":"411
0070720000,RECUPERAVEL,sim,335.00,{"cd_identificador":2014452;"cd_identificador_original_lote":8829266;"cd_setor_fiscal":"007";"cd_tipo_quadra":"F";"tx_tipo_quadra":"FISCAL";"cd_quadra_fiscal":"072";"cd_subquadra_fiscal":null;"cd_condominio":"05";"cd_tipo_lote":"F";"tx_tipo_lote":"FISCAL";"cd_lote":"0000";"cd_situacao":1;"cd_digito_sql":null;"cd_logradouro":"170003";"nm_logradouro_completo":"PC DA REPUBLICA";"cd_numero_porta":"469
0010480000,RECUPERAVEL,sim,496.00,{"cd_identificador":2029511;"cd_identificador_original_lote":8801009;"cd_setor_fiscal":"001";"cd_tipo_quadra":"F";"tx_tipo_quadra":"FISCAL";"cd_quadra_fiscal":"048";"cd_subquadra_fiscal":null;"cd_condominio":"03";"cd_tipo_lote":"F";"tx_tipo_lote":"FISCAL";"cd_lote":"0000";"cd_situacao":1;"cd_digito_sql":null;"cd_logradouro":"165930";"nm_logradouro_completo":"AV PRESTES MAIA";"cd_numero_porta":"297
0060630000,RECUPERAVEL,sim,1080.00,{"cd_identificador":2028245;"cd_identificador_original_lote":8802888;"cd_setor_fiscal":"006";"cd_tipo_quadra":"F";"tx_tipo_quadra":"FISCAL";"cd_quadra_fiscal":"063";"cd_subquadra_fiscal":null;"cd_condominio":"01";"cd_tipo_lote":"F";"tx_tipo_lote":"FISCAL";"cd_lote":"0000";"cd_situacao":1;"cd_digito_sql":null;"cd_logradouro":"054666";"nm_logradouro_completo":"PC GAL CRAVEIRO LOPES";"cd_numero_porta
0080610000,RECUPERAVEL,sim,676.00,{"cd_identificador":1958559;"cd_identificador_original_lote":8832944;"cd_setor_fiscal":"008";"cd_tipo_quadra":"F";"tx_tipo_quadra":"FISCAL";"cd_quadra_fiscal":"061";"cd_subquadra_fiscal":null;"cd_condominio":"01";"cd_tipo_lote":"F";"tx_tipo_lote":"FISCAL";"cd_lote":"0000";"cd_situacao":1;"cd_digito_sql":null;"cd_logradouro":"118834";"nm_logradouro_completo":"AL BR DE LIMEIRA";"cd_numero_porta":"89
0010550161,PROVAVEL_DESCARTE_SQL_MORTO,nao,,quadra respondeu; lote ausente (2 formatos de filtro)
0060580000,RECUPERAVEL,sim,306.00,{"cd_identificador":1998280;"cd_identificador_original_lote":8802809;"cd_setor_fiscal":"006";"cd_tipo_quadra":"F";"tx_tipo_quadra":"FISCAL";"cd_quadra_fiscal":"058";"cd_subquadra_fiscal":null;"cd_condominio":"05";"cd_tipo_lote":"F";"tx_tipo_lote":"FISCAL";"cd_lote":"0000";"cd_situacao":1;"cd_digito_sql":null;"cd_logradouro":"073296";"nm_logradouro_completo":"R FRANCISCA MIQUELINA";"cd_numero_porta
0060360000,RECUPERAVEL,sim,297.00,{"cd_identificador":1961522;"cd_identificador_original_lote":8802023;"cd_setor_fiscal":"006";"cd_tipo_quadra":"F";"tx_tipo_quadra":"FISCAL";"cd_quadra_fiscal":"036";"cd_subquadra_fiscal":null;"cd_condominio":"06";"cd_tipo_lote":"F";"tx_tipo_lote":"FISCAL";"cd_lote":"0000";"cd_situacao":1;"cd_digito_sql":null;"cd_logradouro":"199966";"nm_logradouro_completo":"R CEL XAVIER DE TOLEDO";"cd_numero_port
0070750000,RECUPERAVEL,sim,198.00,{"cd_identificador":1997252;"cd_identificador_original_lote":8830192;"cd_setor_fiscal":"007";"cd_tipo_quadra":"F";"tx_tipo_quadra":"FISCAL";"cd_quadra_fiscal":"075";"cd_subquadra_fiscal":null;"cd_condominio":"04";"cd_tipo_lote":"F";"tx_tipo_lote":"FISCAL";"cd_lote":"0000";"cd_situacao":1;"cd_digito_sql":null;"cd_logradouro":"170003";"nm_logradouro_completo":"PC DA REPUBLICA";"cd_numero_porta":"100
0060560000,RECUPERAVEL,sim,369.00,{"cd_identificador":1958654;"cd_identificador_original_lote":8802659;"cd_setor_fiscal":"006";"cd_tipo_quadra":"F";"tx_tipo_quadra":"FISCAL";"cd_quadra_fiscal":"056";"cd_subquadra_fiscal":null;"cd_condominio":"07";"cd_tipo_lote":"F";"tx_tipo_lote":"FISCAL";"cd_lote":"0000";"cd_situacao":1;"cd_digito_sql":null;"cd_logradouro":"000582";"nm_logradouro_completo":"R ABOLICAO";"cd_numero_porta":"369 373"
0200620043,PROVAVEL_DESCARTE_SQL_MORTO,nao,,quadra respondeu; lote ausente (2 formatos de filtro)
0070010000,RECUPERAVEL,sim,335.00,{"cd_identificador":6785240;"cd_identificador_original_lote":10644794;"cd_setor_fiscal":"007";"cd_tipo_quadra":"F";"tx_tipo_quadra":"FISCAL";"cd_quadra_fiscal":"001";"cd_subquadra_fiscal":null;"cd_condominio":"06";"cd_tipo_lote":"F";"tx_tipo_lote":"FISCAL";"cd_lote":"0000";"cd_situacao":1;"cd_digito_sql":null;"cd_logradouro":"057975";"nm_logradouro_completo":"PC MAL DEODORO";"cd_numero_porta":"70 
0200520000,RECUPERAVEL,sim,525.00,{"cd_identificador":2731221;"cd_identificador_original_lote":9175964;"cd_setor_fiscal":"020";"cd_tipo_quadra":"F";"tx_tipo_quadra":"FISCAL";"cd_quadra_fiscal":"052";"cd_subquadra_fiscal":null;"cd_condominio":"05";"cd_tipo_lote":"F";"tx_tipo_lote":"FISCAL";"cd_lote":"0000";"cd_situacao":1;"cd_digito_sql":null;"cd_logradouro":"013560";"nm_logradouro_completo":"AV ANGELICA";"cd_numero_porta":"142";"t
0080130000,RECUPERAVEL,sim,990.00,{"cd_identificador":1960381;"cd_identificador_original_lote":8832527;"cd_setor_fiscal":"008";"cd_tipo_quadra":"F";"tx_tipo_quadra":"FISCAL";"cd_quadra_fiscal":"013";"cd_subquadra_fiscal":null;"cd_condominio":"01";"cd_tipo_lote":"F";"tx_tipo_lote":"FISCAL";"cd_lote":"0000";"cd_situacao":1;"cd_digito_sql":null;"cd_logradouro":"002160";"nm_logradouro_completo":"R ADOLFO GORDO";"cd_numero_porta":"100"
0070060000,RECUPERAVEL,sim,116.00,{"cd_identificador":1960276;"cd_identificador_original_lote":8829100;"cd_setor_fiscal":"007";"cd_tipo_quadra":"F";"tx_tipo_quadra":"FISCAL";"cd_quadra_fiscal":"006";"cd_subquadra_fiscal":null;"cd_condominio":"08";"cd_tipo_lote":"F";"tx_tipo_lote":"FISCAL";"cd_lote":"0000";"cd_situacao":1;"cd_digito_sql":null;"cd_logradouro":"101010";"nm_logradouro_completo":"AV S JOAO";"cd_numero_porta":"2057 2065
0200730000,RECUPERAVEL,sim,1200.00,{"cd_identificador":2768863;"cd_identificador_original_lote":9175331;"cd_setor_fiscal":"020";"cd_tipo_quadra":"F";"tx_tipo_quadra":"FISCAL";"cd_quadra_fiscal":"073";"cd_subquadra_fiscal":null;"cd_condominio":"07";"cd_tipo_lote":"F";"tx_tipo_lote":"FISCAL";"cd_lote":"0000";"cd_situacao":1;"cd_digito_sql":null;"cd_logradouro":"036749";"nm_logradouro_completo":"R CONS BROTERO";"cd_numero_porta":"1030
0070130000,RECUPERAVEL,sim,160.00,{"cd_identificador":1958471;"cd_identificador_original_lote":8829140;"cd_setor_fiscal":"007";"cd_tipo_quadra":"F";"tx_tipo_quadra":"FISCAL";"cd_quadra_fiscal":"013";"cd_subquadra_fiscal":null;"cd_condominio":"07";"cd_tipo_lote":"F";"tx_tipo_lote":"FISCAL";"cd_lote":"0000";"cd_situacao":1;"cd_digito_sql":null;"cd_logradouro":"101010";"nm_logradouro_completo":"AV S JOAO";"cd_numero_porta":"1851 1857
0080450000,RECUPERAVEL,sim,540.00,{"cd_identificador":1965072;"cd_identificador_original_lote":8833174;"cd_setor_fiscal":"008";"cd_tipo_quadra":"F";"tx_tipo_quadra":"FISCAL";"cd_quadra_fiscal":"045";"cd_subquadra_fiscal":null;"cd_condominio":"03";"cd_tipo_lote":"F";"tx_tipo_lote":"FISCAL";"cd_lote":"0000";"cd_situacao":1;"cd_digito_sql":null;"cd_logradouro":"144533";"nm_logradouro_completo":"R CONS NEBIAS";"cd_numero_porta":"719";
0200410000,RECUPERAVEL,sim,593.00,{"cd_identificador":2734689;"cd_identificador_original_lote":9175663;"cd_setor_fiscal":"020";"cd_tipo_quadra":"F";"tx_tipo_quadra":"FISCAL";"cd_quadra_fiscal":"041";"cd_subquadra_fiscal":null;"cd_condominio":"08";"cd_tipo_lote":"F";"tx_tipo_lote":"FISCAL";"cd_lote":"0000";"cd_situacao":1;"cd_digito_sql":null;"cd_logradouro":"028690";"nm_logradouro_completo":"R BARRA FUNDA";"cd_numero_porta":"265 2
0900130015,PROVAVEL_DESCARTE_SQL_MORTO,nao,,quadra respondeu; lote ausente (2 formatos de filtro)
0882590001,RECUPERAVEL,sim,12577.48,{"cd_identificador":4723588;"cd_identificador_original_lote":9736968;"cd_setor_fiscal":"088";"cd_tipo_quadra":"F";"tx_tipo_quadra":"FISCAL";"cd_quadra_fiscal":"259";"cd_subquadra_fiscal":null;"cd_condominio":"00";"cd_tipo_lote":"EL";"tx_tipo_lote":"ESPACO LIVRE";"cd_lote":"0001";"cd_situacao":1;"cd_digito_sql":null;"cd_logradouro":null;"nm_logradouro_completo":null;"cd_numero_porta":null;"tx_compl
1551910001,RECUPERAVEL,sim,2403.65,{"cd_identificador":6577951;"cd_identificador_original_lote":10457788;"cd_setor_fiscal":"155";"cd_tipo_quadra":"F";"tx_tipo_quadra":"FISCAL";"cd_quadra_fiscal":"191";"cd_subquadra_fiscal":null;"cd_condominio":"00";"cd_tipo_lote":"EL";"tx_tipo_lote":"ESPACO LIVRE";"cd_lote":"0001";"cd_situacao":1;"cd_digito_sql":null;"cd_logradouro":null;"nm_logradouro_completo":null;"cd_numero_porta":null;"tx_comp
0050440000,RECUPERAVEL,sim,423.00,{"cd_identificador":6822293;"cd_identificador_original_lote":10680211;"cd_setor_fiscal":"005";"cd_tipo_quadra":"F";"tx_tipo_quadra":"FISCAL";"cd_quadra_fiscal":"044";"cd_subquadra_fiscal":null;"cd_condominio":"04";"cd_tipo_lote":"F";"tx_tipo_lote":"FISCAL";"cd_lote":"0000";"cd_situacao":1;"cd_digito_sql":null;"cd_logradouro":"123889";"nm_logradouro_completo":"R STA LUZIA";"cd_numero_porta":"81 87 
0050440116,PROVAVEL_DESCARTE_SQL_MORTO,nao,,quadra respondeu; lote ausente (2 formatos de filtro)
0050220000,RECUPERAVEL,sim,500.00,{"cd_identificador":6771520;"cd_identificador_original_lote":10625089;"cd_setor_fiscal":"005";"cd_tipo_quadra":"F";"tx_tipo_quadra":"FISCAL";"cd_quadra_fiscal":"022";"cd_subquadra_fiscal":null;"cd_condominio":"06";"cd_tipo_lote":"F";"tx_tipo_lote":"FISCAL";"cd_lote":"0000";"cd_situacao":1;"cd_digito_sql":null;"cd_logradouro":"069337";"nm_logradouro_completo":"R SEN FEIJO";"cd_numero_porta":"19 29 
0050220021,PROVAVEL_DESCARTE_SQL_MORTO,nao,,quadra respondeu; lote ausente (2 formatos de filtro)
0050120000,RECUPERAVEL,sim,315.00,{"cd_identificador":1997042;"cd_identificador_original_lote":8890956;"cd_setor_fiscal":"005";"cd_tipo_quadra":"F";"tx_tipo_quadra":"FISCAL";"cd_quadra_fiscal":"012";"cd_subquadra_fiscal":null;"cd_condominio":"04";"cd_tipo_lote":"F";"tx_tipo_lote":"FISCAL";"cd_lote":"0000";"cd_situacao":1;"cd_digito_sql":null;"cd_logradouro":"175455";"nm_logradouro_completo":"PC DA SE";"cd_numero_porta":"20 28";"tx
0050190000,RECUPERAVEL,sim,135.00,{"cd_identificador":2020639;"cd_identificador_original_lote":8890544;"cd_setor_fiscal":"005";"cd_tipo_quadra":"F";"tx_tipo_quadra":"FISCAL";"cd_quadra_fiscal":"019";"cd_subquadra_fiscal":null;"cd_condominio":"03";"cd_tipo_lote":"F";"tx_tipo_lote":"FISCAL";"cd_lote":"0000";"cd_situacao":1;"cd_digito_sql":null;"cd_logradouro":"170259";"nm_logradouro_completo":"R RIACHUELO";"cd_numero_porta":"259 265
0010490670,RECUPERAVEL,sim,1586.00,{"cd_identificador":2033782;"cd_identificador_original_lote":8800991;"cd_setor_fiscal":"001";"cd_tipo_quadra":"F";"tx_tipo_quadra":"FISCAL";"cd_quadra_fiscal":"049";"cd_subquadra_fiscal":null;"cd_condominio":"00";"cd_tipo_lote":"F";"tx_tipo_lote":"FISCAL";"cd_lote":"0670";"cd_situacao":1;"cd_digito_sql":"7";"cd_logradouro":"072044";"nm_logradouro_completo":"R FLORENCIO DE ABREU";"cd_numero_porta":
0010490018,PROVAVEL_DESCARTE_SQL_MORTO,nao,,quadra respondeu; lote ausente (2 formatos de filtro)
0010490000,RECUPERAVEL,sim,1867.00,{"cd_identificador":1969154;"cd_identificador_original_lote":8800962;"cd_setor_fiscal":"001";"cd_tipo_quadra":"F";"tx_tipo_quadra":"FISCAL";"cd_quadra_fiscal":"049";"cd_subquadra_fiscal":null;"cd_condominio":"03";"cd_tipo_lote":"F";"tx_tipo_lote":"FISCAL";"cd_lote":"0000";"cd_situacao":1;"cd_digito_sql":null;"cd_logradouro":"072044";"nm_logradouro_completo":"R FLORENCIO DE ABREU";"cd_numero_porta"
0050210000,RECUPERAVEL,sim,197.00,{"cd_identificador":1958943;"cd_identificador_original_lote":8891006;"cd_setor_fiscal":"005";"cd_tipo_quadra":"F";"tx_tipo_quadra":"FISCAL";"cd_quadra_fiscal":"021";"cd_subquadra_fiscal":null;"cd_condominio":"04";"cd_tipo_lote":"F";"tx_tipo_lote":"FISCAL";"cd_lote":"0000";"cd_situacao":1;"cd_digito_sql":null;"cd_logradouro":"069337";"nm_logradouro_completo":"R SEN FEIJO";"cd_numero_porta":"34 40 4
0050150000,RECUPERAVEL,sim,109.00,{"cd_identificador":1990726;"cd_identificador_original_lote":8891559;"cd_setor_fiscal":"005";"cd_tipo_quadra":"F";"tx_tipo_quadra":"FISCAL";"cd_quadra_fiscal":"015";"cd_subquadra_fiscal":null;"cd_condominio":"02";"cd_tipo_lote":"F";"tx_tipo_lote":"FISCAL";"cd_lote":"0000";"cd_situacao":1;"cd_digito_sql":null;"cd_logradouro":"031895";"nm_logradouro_completo":"R BENJAMIM CONSTANT";"cd_numero_porta":
0010800000,RECUPERAVEL,sim,284.00,{"cd_identificador":1958432;"cd_identificador_original_lote":8800341;"cd_setor_fiscal":"001";"cd_tipo_quadra":"F";"tx_tipo_quadra":"FISCAL";"cd_quadra_fiscal":"080";"cd_subquadra_fiscal":null;"cd_condominio":"05";"cd_tipo_lote":"F";"tx_tipo_lote":"FISCAL";"cd_lote":"0000";"cd_situacao":1;"cd_digito_sql":null;"cd_logradouro":"118249";"nm_logradouro_completo":"R LIBERO BADARO";"cd_numero_porta":"386
0050200000,RECUPERAVEL,sim,127.00,{"cd_identificador":2480301;"cd_identificador_original_lote":9078014;"cd_setor_fiscal":"005";"cd_tipo_quadra":"F";"tx_tipo_quadra":"FISCAL";"cd_quadra_fiscal":"020";"cd_subquadra_fiscal":null;"cd_condominio":"07";"cd_tipo_lote":"F";"tx_tipo_lote":"FISCAL";"cd_lote":"0000";"cd_situacao":1;"cd_digito_sql":null;"cd_logradouro":"069337";"nm_logradouro_completo":"R SEN FEIJO";"cd_numero_porta":"115";"t
0020590000,RECUPERAVEL,sim,411.00,{"cd_identificador":6817222;"cd_identificador_original_lote":9164121;"cd_setor_fiscal":"002";"cd_tipo_quadra":"F";"tx_tipo_quadra":"FISCAL";"cd_quadra_fiscal":"059";"cd_subquadra_fiscal":null;"cd_condominio":"03";"cd_tipo_lote":"F";"tx_tipo_lote":"FISCAL";"cd_lote":"0000";"cd_situacao":1;"cd_digito_sql":null;"cd_logradouro":"172260";"nm_logradouro_completo":"R ROBERTO SIMONSEN";"cd_numero_porta":"
0020590055,NAO_VENDAVEL_LEI,nao,,quadra respondeu; lote ausente (2 formatos de filtro)
0030030000,RECUPERAVEL,sim,403.00,{"cd_identificador":2013443;"cd_identificador_original_lote":8820750;"cd_setor_fiscal":"003";"cd_tipo_quadra":"F";"tx_tipo_quadra":"FISCAL";"cd_quadra_fiscal":"003";"cd_subquadra_fiscal":null;"cd_condominio":"02";"cd_tipo_lote":"F";"tx_tipo_lote":"FISCAL";"cd_lote":"0000";"cd_situacao":1;"cd_digito_sql":null;"cd_logradouro":"044342";"nm_logradouro_completo":"R DOS CARMELITAS";"cd_numero_porta":"58
0020220094,PROVAVEL_DESCARTE_SQL_MORTO,nao,,quadra respondeu; lote ausente (2 formatos de filtro)
0050300000,RECUPERAVEL,sim,137.00,{"cd_identificador":1983741;"cd_identificador_original_lote":8890573;"cd_setor_fiscal":"005";"cd_tipo_quadra":"F";"tx_tipo_quadra":"FISCAL";"cd_quadra_fiscal":"030";"cd_subquadra_fiscal":null;"cd_condominio":"01";"cd_tipo_lote":"F";"tx_tipo_lote":"FISCAL";"cd_lote":"0000";"cd_situacao":1;"cd_digito_sql":null;"cd_logradouro":"181153";"nm_logradouro_completo":"LG SETE DE SETEMBRO";"cd_numero_porta":
0020740000,RECUPERAVEL,sim,279.00,{"cd_identificador":2792082;"cd_identificador_original_lote":9162734;"cd_setor_fiscal":"002";"cd_tipo_quadra":"F";"tx_tipo_quadra":"FISCAL";"cd_quadra_fiscal":"074";"cd_subquadra_fiscal":null;"cd_condominio":"01";"cd_tipo_lote":"F";"tx_tipo_lote":"FISCAL";"cd_lote":"0000";"cd_situacao":1;"cd_digito_sql":null;"cd_logradouro":"051110";"nm_logradouro_completo":"PC CLOVIS BEVILAQUA";"cd_numero_porta":
0010730000,RECUPERAVEL,sim,464.00,{"cd_identificador":6786172;"cd_identificador_original_lote":10644758;"cd_setor_fiscal":"001";"cd_tipo_quadra":"F";"tx_tipo_quadra":"FISCAL";"cd_quadra_fiscal":"073";"cd_subquadra_fiscal":null;"cd_condominio":"01";"cd_tipo_lote":"F";"tx_tipo_lote":"FISCAL";"cd_lote":"0000";"cd_situacao":1;"cd_digito_sql":null;"cd_logradouro":"038423";"nm_logradouro_completo":"LG DO CAFE";"cd_numero_porta":"4 14";"
0020600000,RECUPERAVEL,sim,238.00,{"cd_identificador":2739140;"cd_identificador_original_lote":9162538;"cd_setor_fiscal":"002";"cd_tipo_quadra":"F";"tx_tipo_quadra":"FISCAL";"cd_quadra_fiscal":"060";"cd_subquadra_fiscal":null;"cd_condominio":"01";"cd_tipo_lote":"F";"tx_tipo_lote":"FISCAL";"cd_lote":"0000";"cd_situacao":1;"cd_digito_sql":null;"cd_logradouro":"126500";"nm_logradouro_completo":"PC PDE MANUEL DA NOBREGA";"cd_numero_po
0050110000,RECUPERAVEL,sim,448.00,{"cd_identificador":1964914;"cd_identificador_original_lote":8891273;"cd_setor_fiscal":"005";"cd_tipo_quadra":"F";"tx_tipo_quadra":"FISCAL";"cd_quadra_fiscal":"011";"cd_subquadra_fiscal":null;"cd_condominio":"02";"cd_tipo_lote":"F";"tx_tipo_lote":"FISCAL";"cd_lote":"0000";"cd_situacao":1;"cd_digito_sql":null;"cd_logradouro":"157392";"nm_logradouro_completo":"R SEN PAULO EGIDIO";"cd_numero_porta":"
0010420000,RECUPERAVEL,sim,625.00,{"cd_identificador":1963481;"cd_identificador_original_lote":8801017;"cd_setor_fiscal":"001";"cd_tipo_quadra":"F";"tx_tipo_quadra":"FISCAL";"cd_quadra_fiscal":"042";"cd_subquadra_fiscal":null;"cd_condominio":"04";"cd_tipo_lote":"F";"tx_tipo_lote":"FISCAL";"cd_lote":"0000";"cd_situacao":1;"cd_digito_sql":null;"cd_logradouro":"167258";"nm_logradouro_completo":"AV SEN QUEIROS";"cd_numero_porta":"450 
0010840000,RECUPERAVEL,sim,948.00,{"cd_identificador":1967998;"cd_identificador_original_lote":8800005;"cd_setor_fiscal":"001";"cd_tipo_quadra":"F";"tx_tipo_quadra":"FISCAL";"cd_quadra_fiscal":"084";"cd_subquadra_fiscal":null;"cd_condominio":"01";"cd_tipo_lote":"F";"tx_tipo_lote":"FISCAL";"cd_lote":"0000";"cd_situacao":1;"cd_digito_sql":null;"cd_logradouro":"059447";"nm_logradouro_completo":"R DIREITA";"cd_numero_porta":"250 256";
0050140000,RECUPERAVEL,sim,252.00,{"cd_identificador":1987176;"cd_identificador_original_lote":8890971;"cd_setor_fiscal":"005";"cd_tipo_quadra":"F";"tx_tipo_quadra":"FISCAL";"cd_quadra_fiscal":"014";"cd_subquadra_fiscal":null;"cd_condominio":"02";"cd_tipo_lote":"F";"tx_tipo_lote":"FISCAL";"cd_lote":"0000";"cd_situacao":1;"cd_digito_sql":null;"cd_logradouro":"069337";"nm_logradouro_completo":"R SEN FEIJO";"cd_numero_porta":"154 158
0010720000,RECUPERAVEL,sim,2002.00,{"cd_identificador":1979292;"cd_identificador_original_lote":8800060;"cd_setor_fiscal":"001";"cd_tipo_quadra":"F";"tx_tipo_quadra":"FISCAL";"cd_quadra_fiscal":"072";"cd_subquadra_fiscal":null;"cd_condominio":"01";"cd_tipo_lote":"F";"tx_tipo_lote":"FISCAL";"cd_lote":"0000";"cd_situacao":1;"cd_digito_sql":null;"cd_logradouro":"118249";"nm_logradouro_completo":"R LIBERO BADARO";"cd_numero_porta":"504
0030040000,RECUPERAVEL,sim,708.00,{"cd_identificador":1977782;"cd_identificador_original_lote":8820779;"cd_setor_fiscal":"003";"cd_tipo_quadra":"F";"tx_tipo_quadra":"FISCAL";"cd_quadra_fiscal":"004";"cd_subquadra_fiscal":null;"cd_condominio":"01";"cd_tipo_lote":"F";"tx_tipo_lote":"FISCAL";"cd_lote":"0000";"cd_situacao":1;"cd_digito_sql":null;"cd_logradouro":"159840";"nm_logradouro_completo":"PQ DOM PEDRO II";"cd_numero_porta":"109
0010640000,RECUPERAVEL,sim,1245.00,{"cd_identificador":1982184;"cd_identificador_original_lote":8800273;"cd_setor_fiscal":"001";"cd_tipo_quadra":"F";"tx_tipo_quadra":"FISCAL";"cd_quadra_fiscal":"064";"cd_subquadra_fiscal":null;"cd_condominio":"02";"cd_tipo_lote":"F";"tx_tipo_lote":"FISCAL";"cd_lote":"0000";"cd_situacao":1;"cd_digito_sql":null;"cd_logradouro":"034037";"nm_logradouro_completo":"R BOA VISTA";"cd_numero_porta":"304 314
0010810000,RECUPERAVEL,sim,302.00,{"cd_identificador":1980061;"cd_identificador_original_lote":8800312;"cd_setor_fiscal":"001";"cd_tipo_quadra":"F";"tx_tipo_quadra":"FISCAL";"cd_quadra_fiscal":"081";"cd_subquadra_fiscal":null;"cd_condominio":"03";"cd_tipo_lote":"F";"tx_tipo_lote":"FISCAL";"cd_lote":"0000";"cd_situacao":1;"cd_digito_sql":null;"cd_logradouro":"008664";"nm_logradouro_completo":"R ALVARES PENTEADO";"cd_numero_porta":"
0050390000,RECUPERAVEL,sim,739.00,{"cd_identificador":1957856;"cd_identificador_original_lote":8891093;"cd_setor_fiscal":"005";"cd_tipo_quadra":"F";"tx_tipo_quadra":"FISCAL";"cd_quadra_fiscal":"039";"cd_subquadra_fiscal":null;"cd_condominio":"05";"cd_tipo_lote":"F";"tx_tipo_lote":"FISCAL";"cd_lote":"0000";"cd_situacao":1;"cd_digito_sql":null;"cd_logradouro":"118184";"nm_logradouro_completo":"AV DA LIBERDADE";"cd_numero_porta":"65 
0010680000,RECUPERAVEL,sim,652.00,{"cd_identificador":2001435;"cd_identificador_original_lote":8800437;"cd_setor_fiscal":"001";"cd_tipo_quadra":"F";"tx_tipo_quadra":"FISCAL";"cd_quadra_fiscal":"068";"cd_subquadra_fiscal":null;"cd_condominio":"01";"cd_tipo_lote":"F";"tx_tipo_lote":"FISCAL";"cd_lote":"0000";"cd_situacao":1;"cd_digito_sql":null;"cd_logradouro":"061360";"nm_logradouro_completo":"R BR DE DUPRAT";"cd_numero_porta":"218 
0050050005,PROVAVEL_DESCARTE_SQL_MORTO,nao,,quadra respondeu; lote ausente (2 formatos de filtro)
0050050000,RECUPERAVEL,sim,331.00,{"cd_identificador":2047084;"cd_identificador_original_lote":8891253;"cd_setor_fiscal":"005";"cd_tipo_quadra":"F";"tx_tipo_quadra":"FISCAL";"cd_quadra_fiscal":"005";"cd_subquadra_fiscal":null;"cd_condominio":"01";"cd_tipo_lote":"F";"tx_tipo_lote":"FISCAL";"cd_lote":"0000";"cd_situacao":1;"cd_digito_sql":null;"cd_logradouro":"108138";"nm_logradouro_completo":"R JOSE BONIFACIO";"cd_numero_porta":"16
0050100000,RECUPERAVEL,sim,343.00,{"cd_identificador":1963614;"cd_identificador_original_lote":8890951;"cd_setor_fiscal":"005";"cd_tipo_quadra":"F";"tx_tipo_quadra":"FISCAL";"cd_quadra_fiscal":"010";"cd_subquadra_fiscal":null;"cd_condominio":"02";"cd_tipo_lote":"F";"tx_tipo_lote":"FISCAL";"cd_lote":"0000";"cd_situacao":1;"cd_digito_sql":null;"cd_logradouro":"073350";"nm_logradouro_completo":"LG S FRANCISCO";"cd_numero_porta":"26 3
0050100003,RECUPERAVEL,sim,1064.23,{"cd_identificador":1997622;"cd_identificador_original_lote":8891230;"cd_setor_fiscal":"005";"cd_tipo_quadra":"QP";"tx_tipo_quadra":"QUADRA PUBLICA";"cd_quadra_fiscal":"010";"cd_subquadra_fiscal":null;"cd_condominio":"00";"cd_tipo_lote":"EL";"tx_tipo_lote":"ESPACO LIVRE";"cd_lote":"0003";"cd_situacao":1;"cd_digito_sql":null;"cd_logradouro":null;"nm_logradouro_completo":null;"cd_numero_porta":null;
0050010000,RECUPERAVEL,sim,2024.00,{"cd_identificador":2000318;"cd_identificador_original_lote":8891850;"cd_setor_fiscal":"005";"cd_tipo_quadra":"F";"tx_tipo_quadra":"FISCAL";"cd_quadra_fiscal":"001";"cd_subquadra_fiscal":null;"cd_condominio":"01";"cd_tipo_lote":"F";"tx_tipo_lote":"FISCAL";"cd_lote":"0000";"cd_situacao":1;"cd_digito_sql":null;"cd_logradouro":"156035";"nm_logradouro_completo":"PC DO PATRIARCA";"cd_numero_porta":"15"
0020700000,RECUPERAVEL,sim,375.00,{"cd_identificador":2740152;"cd_identificador_original_lote":9162849;"cd_setor_fiscal":"002";"cd_tipo_quadra":"F";"tx_tipo_quadra":"FISCAL";"cd_quadra_fiscal":"070";"cd_subquadra_fiscal":null;"cd_condominio":"06";"cd_tipo_lote":"F";"tx_tipo_lote":"FISCAL";"cd_lote":"0000";"cd_situacao":1;"cd_digito_sql":null;"cd_logradouro":"033871";"nm_logradouro_completo":"R DR BETTENCOURT RODRIGUES";"cd_numero_
0010830000,RECUPERAVEL,sim,300.00,{"cd_identificador":1991003;"cd_identificador_original_lote":8800360;"cd_setor_fiscal":"001";"cd_tipo_quadra":"F";"tx_tipo_quadra":"FISCAL";"cd_quadra_fiscal":"083";"cd_subquadra_fiscal":null;"cd_condominio":"03";"cd_tipo_lote":"F";"tx_tipo_lote":"FISCAL";"cd_lote":"0000";"cd_situacao":1;"cd_digito_sql":null;"cd_logradouro":"126500";"nm_logradouro_completo":"PC PDE MANUEL DA NOBREGA";"cd_numero_po
0010750000,RECUPERAVEL,sim,2556.00,{"cd_identificador":6775096;"cd_identificador_original_lote":10630400;"cd_setor_fiscal":"001";"cd_tipo_quadra":"F";"tx_tipo_quadra":"FISCAL";"cd_quadra_fiscal":"075";"cd_subquadra_fiscal":null;"cd_condominio":"12";"cd_tipo_lote":"F";"tx_tipo_lote":"FISCAL";"cd_lote":"0000";"cd_situacao":1;"cd_digito_sql":null;"cd_logradouro":"034037";"nm_logradouro_completo":"R BOA VISTA";"cd_numero_porta":"280";"
0050020000,RECUPERAVEL,sim,273.00,{"cd_identificador":1989951;"cd_identificador_original_lote":8890349;"cd_setor_fiscal":"005";"cd_tipo_quadra":"F";"tx_tipo_quadra":"FISCAL";"cd_quadra_fiscal":"002";"cd_subquadra_fiscal":null;"cd_condominio":"01";"cd_tipo_lote":"F";"tx_tipo_lote":"FISCAL";"cd_lote":"0000";"cd_situacao":1;"cd_digito_sql":null;"cd_logradouro":"118249";"nm_logradouro_completo":"R LIBERO BADARO";"cd_numero_porta":"101
0010510000,RECUPERAVEL,sim,1210.00,{"cd_identificador":2021843;"cd_identificador_original_lote":8799481;"cd_setor_fiscal":"001";"cd_tipo_quadra":"F";"tx_tipo_quadra":"FISCAL";"cd_quadra_fiscal":"051";"cd_subquadra_fiscal":null;"cd_condominio":"01";"cd_tipo_lote":"F";"tx_tipo_lote":"FISCAL";"cd_lote":"0000";"cd_situacao":1;"cd_digito_sql":null;"cd_logradouro":"043427";"nm_logradouro_completo":"R CARLOS DE SOUSA NAZARE";"cd_numero_po
0010400000,RECUPERAVEL,sim,1024.00,{"cd_identificador":2025286;"cd_identificador_original_lote":8801042;"cd_setor_fiscal":"001";"cd_tipo_quadra":"F";"tx_tipo_quadra":"FISCAL";"cd_quadra_fiscal":"040";"cd_subquadra_fiscal":null;"cd_condominio":"01";"cd_tipo_lote":"F";"tx_tipo_lote":"FISCAL";"cd_lote":"0000";"cd_situacao":1;"cd_digito_sql":null;"cd_logradouro":"072044";"nm_logradouro_completo":"R FLORENCIO DE ABREU";"cd_numero_porta"
0050280000,RECUPERAVEL,sim,170.00,{"cd_identificador":2028518;"cd_identificador_original_lote":8891053;"cd_setor_fiscal":"005";"cd_tipo_quadra":"F";"tx_tipo_quadra":"FISCAL";"cd_quadra_fiscal":"028";"cd_subquadra_fiscal":null;"cd_condominio":"01";"cd_tipo_lote":"F";"tx_tipo_lote":"FISCAL";"cd_lote":"0000";"cd_situacao":1;"cd_digito_sql":null;"cd_logradouro":"150223";"nm_logradouro_completo":"R ONZE DE AGOSTO";"cd_numero_porta":"46
0010790000,RECUPERAVEL,sim,1251.00,{"cd_identificador":2031264;"cd_identificador_original_lote":8800241;"cd_setor_fiscal":"001";"cd_tipo_quadra":"F";"tx_tipo_quadra":"FISCAL";"cd_quadra_fiscal":"079";"cd_subquadra_fiscal":null;"cd_condominio":"01";"cd_tipo_lote":"F";"tx_tipo_lote":"FISCAL";"cd_lote":"0000";"cd_situacao":1;"cd_digito_sql":null;"cd_logradouro":"118249";"nm_logradouro_completo":"R LIBERO BADARO";"cd_numero_porta":"283
0010770000,RECUPERAVEL,sim,1210.00,{"cd_identificador":2038570;"cd_identificador_original_lote":8800264;"cd_setor_fiscal":"001";"cd_tipo_quadra":"F";"tx_tipo_quadra":"FISCAL";"cd_quadra_fiscal":"077";"cd_subquadra_fiscal":null;"cd_condominio":"01";"cd_tipo_lote":"F";"tx_tipo_lote":"FISCAL";"cd_lote":"0000";"cd_situacao":1;"cd_digito_sql":null;"cd_logradouro":"159840";"nm_logradouro_completo":"PQ DOM PEDRO II";"cd_numero_porta":"266
0010710000,RECUPERAVEL,sim,636.00,{"cd_identificador":2037690;"cd_identificador_original_lote":8800032;"cd_setor_fiscal":"001";"cd_tipo_quadra":"F";"tx_tipo_quadra":"FISCAL";"cd_quadra_fiscal":"071";"cd_subquadra_fiscal":null;"cd_condominio":"03";"cd_tipo_lote":"F";"tx_tipo_lote":"FISCAL";"cd_lote":"0000";"cd_situacao":1;"cd_digito_sql":null;"cd_logradouro":"118249";"nm_logradouro_completo":"R LIBERO BADARO";"cd_numero_porta":"501
0010780000,RECUPERAVEL,sim,1275.00,{"cd_identificador":6846715;"cd_identificador_original_lote":10700126;"cd_setor_fiscal":"001";"cd_tipo_quadra":"F";"tx_tipo_quadra":"FISCAL";"cd_quadra_fiscal":"078";"cd_subquadra_fiscal":null;"cd_condominio":"01";"cd_tipo_lote":"F";"tx_tipo_lote":"FISCAL";"cd_lote":"0000";"cd_situacao":1;"cd_digito_sql":null;"cd_logradouro":"118249";"nm_logradouro_completo":"R LIBERO BADARO";"cd_numero_porta":"36
0050820000,RECUPERAVEL,sim,263.00,{"cd_identificador":6786232;"cd_identificador_original_lote":10644764;"cd_setor_fiscal":"005";"cd_tipo_quadra":"F";"tx_tipo_quadra":"FISCAL";"cd_quadra_fiscal":"082";"cd_subquadra_fiscal":null;"cd_condominio":"09";"cd_tipo_lote":"F";"tx_tipo_lote":"FISCAL";"cd_lote":"0000";"cd_situacao":1;"cd_digito_sql":null;"cd_logradouro":"043680";"nm_logradouro_completo":"PC CARLOS GOMES";"cd_numero_porta":"18
0010670000,RECUPERAVEL,sim,886.00,{"cd_identificador":1986201;"cd_identificador_original_lote":8800396;"cd_setor_fiscal":"001";"cd_tipo_quadra":"F";"tx_tipo_quadra":"FISCAL";"cd_quadra_fiscal":"067";"cd_subquadra_fiscal":null;"cd_condominio":"01";"cd_tipo_lote":"F";"tx_tipo_lote":"FISCAL";"cd_lote":"0000";"cd_situacao":1;"cd_digito_sql":null;"cd_logradouro":"029505";"nm_logradouro_completo":"R CAVLH BASILIO JAFET";"cd_numero_porta
0990460092,PROVAVEL_DESCARTE_SQL_MORTO,nao,,quadra respondeu; lote ausente (2 formatos de filtro)
0330350000,RECUPERAVEL,sim,370.00,{"cd_identificador":1966585;"cd_identificador_original_lote":8804123;"cd_setor_fiscal":"033";"cd_tipo_quadra":"F";"tx_tipo_quadra":"FISCAL";"cd_quadra_fiscal":"035";"cd_subquadra_fiscal":null;"cd_condominio":"01";"cd_tipo_lote":"F";"tx_tipo_lote":"FISCAL";"cd_lote":"0000";"cd_situacao":1;"cd_digito_sql":null;"cd_logradouro":"101486";"nm_logradouro_completo":"R S JOAO BATISTA";"cd_numero_porta":"37
0330390000,RECUPERAVEL,sim,819.00,{"cd_identificador":1963996;"cd_identificador_original_lote":8802986;"cd_setor_fiscal":"033";"cd_tipo_quadra":"F";"tx_tipo_quadra":"FISCAL";"cd_quadra_fiscal":"039";"cd_subquadra_fiscal":null;"cd_condominio":"16";"cd_tipo_lote":"F";"tx_tipo_lote":"FISCAL";"cd_lote":"0000";"cd_situacao":1;"cd_digito_sql":null;"cd_logradouro":"178969";"nm_logradouro_completo":"R SCUVERO";"cd_numero_porta":"40";"tx_c
0330390353,PROVAVEL_DESCARTE_SQL_MORTO,nao,,quadra respondeu; lote ausente (2 formatos de filtro)
0330230000,RECUPERAVEL,sim,2100.00,{"cd_identificador":1960479;"cd_identificador_original_lote":8803684;"cd_setor_fiscal":"033";"cd_tipo_quadra":"F";"tx_tipo_quadra":"FISCAL";"cd_quadra_fiscal":"023";"cd_subquadra_fiscal":null;"cd_condominio":"14";"cd_tipo_lote":"F";"tx_tipo_lote":"FISCAL";"cd_lote":"0000";"cd_situacao":1;"cd_digito_sql":null;"cd_logradouro":"105120";"nm_logradouro_completo":"R S JOAQUIM";"cd_numero_porta":"460";"t
0330170000,RECUPERAVEL,sim,382.00,{"cd_identificador":1986802;"cd_identificador_original_lote":8806515;"cd_setor_fiscal":"033";"cd_tipo_quadra":"F";"tx_tipo_quadra":"FISCAL";"cd_quadra_fiscal":"017";"cd_subquadra_fiscal":null;"cd_condominio":"01";"cd_tipo_lote":"F";"tx_tipo_lote":"FISCAL";"cd_lote":"0000";"cd_situacao":1;"cd_digito_sql":null;"cd_logradouro":"163473";"nm_logradouro_completo":"R PIRAPITINGUI";"cd_numero_porta":"179"
0330150000,RECUPERAVEL,sim,1377.00,{"cd_identificador":1998617;"cd_identificador_original_lote":8803559;"cd_setor_fiscal":"033";"cd_tipo_quadra":"F";"tx_tipo_quadra":"FISCAL";"cd_quadra_fiscal":"015";"cd_subquadra_fiscal":null;"cd_condominio":"03";"cd_tipo_lote":"F";"tx_tipo_lote":"FISCAL";"cd_lote":"0000";"cd_situacao":1;"cd_digito_sql":null;"cd_logradouro":"186180";"nm_logradouro_completo":"R TAMANDARE";"cd_numero_porta":"768 776
0330160000,RECUPERAVEL,sim,765.00,{"cd_identificador":4794347;"cd_identificador_original_lote":9917991;"cd_setor_fiscal":"033";"cd_tipo_quadra":"F";"tx_tipo_quadra":"FISCAL";"cd_quadra_fiscal":"016";"cd_subquadra_fiscal":null;"cd_condominio":"07";"cd_tipo_lote":"F";"tx_tipo_lote":"FISCAL";"cd_lote":"0000";"cd_situacao":1;"cd_digito_sql":null;"cd_logradouro":"183407";"nm_logradouro_completo":"R DR SIQUEIRA CAMPOS";"cd_numero_porta"
0050610000,RECUPERAVEL,sim,624.00,{"cd_identificador":2014961;"cd_identificador_original_lote":8891139;"cd_setor_fiscal":"005";"cd_tipo_quadra":"F";"tx_tipo_quadra":"FISCAL";"cd_quadra_fiscal":"061";"cd_subquadra_fiscal":null;"cd_condominio":"01";"cd_tipo_lote":"F";"tx_tipo_lote":"FISCAL";"cd_lote":"0000";"cd_situacao":1;"cd_digito_sql":null;"cd_logradouro":"164577";"nm_logradouro_completo":"LG DA POLVORA";"cd_numero_porta":"96";"
0330240000,RECUPERAVEL,sim,483.00,{"cd_identificador":1982567;"cd_identificador_original_lote":8805158;"cd_setor_fiscal":"033";"cd_tipo_quadra":"F";"tx_tipo_quadra":"FISCAL";"cd_quadra_fiscal":"024";"cd_subquadra_fiscal":null;"cd_condominio":"03";"cd_tipo_lote":"F";"tx_tipo_lote":"FISCAL";"cd_lote":"0000";"cd_situacao":1;"cd_digito_sql":null;"cd_logradouro":"076643";"nm_logradouro_completo":"R CONS FURTADO";"cd_numero_porta":"839 
0100040000,NAO_VENDAVEL_LEI,sim,865.00,{"cd_identificador":2175287;"cd_identificador_original_lote":8914001;"cd_setor_fiscal":"010";"cd_tipo_quadra":"F";"tx_tipo_quadra":"FISCAL";"cd_quadra_fiscal":"004";"cd_subquadra_fiscal":null;"cd_condominio":"03";"cd_tipo_lote":"F";"tx_tipo_lote":"FISCAL";"cd_lote":"0000";"cd_situacao":1;"cd_digito_sql":null;"cd_logradouro":"162043";"nm_logradouro_completo":"R PIAUI";"cd_numero_porta":"640";"tx_co
0361440000,NAO_VENDAVEL_LEI,nao,,quadra respondeu; lote ausente (2 formatos de filtro)
0050460000,NAO_VENDAVEL_LEI,sim,158.00,{"cd_identificador":6822258;"cd_identificador_original_lote":8892157;"cd_setor_fiscal":"005";"cd_tipo_quadra":"F";"tx_tipo_quadra":"FISCAL";"cd_quadra_fiscal":"046";"cd_subquadra_fiscal":null;"cd_condominio":"18";"cd_tipo_lote":"F";"tx_tipo_lote":"FISCAL";"cd_lote":"0000";"cd_situacao":1;"cd_digito_sql":null;"cd_logradouro":"190500";"nm_logradouro_completo":"R DR TOMAS DE LIMA";"cd_numero_porta":"
0642070000,NAO_VENDAVEL_LEI,nao,,quadra respondeu; lote ausente (2 formatos de filtro)
2070000000,PROVAVEL_DESCARTE_SQL_MORTO,inconclusivo,,quadra sem resposta nas 2 passadas
2030000000,PROVAVEL_DESCARTE_SQL_MORTO,inconclusivo,,quadra sem resposta nas 2 passadas
2020000000,PROVAVEL_DESCARTE_SQL_MORTO,inconclusivo,,quadra sem resposta nas 2 passadas
0340000000,PROVAVEL_DESCARTE_SQL_MORTO,inconclusivo,,quadra sem resposta nas 2 passadas
0110000000,PROVAVEL_DESCARTE_SQL_MORTO,inconclusivo,,quadra sem resposta nas 2 passadas
1580000000,PROVAVEL_DESCARTE_SQL_MORTO,inconclusivo,,quadra sem resposta nas 2 passadas
2699970000,PROVAVEL_DESCARTE_SQL_MORTO,inconclusivo,,quadra sem resposta nas 2 passadas
2690000000,PROVAVEL_DESCARTE_SQL_MORTO,inconclusivo,,quadra sem resposta nas 2 passadas
2790000000,PROVAVEL_DESCARTE_SQL_MORTO,inconclusivo,,quadra sem resposta nas 2 passadas
0110890001,RECUPERAVEL,inconclusivo,,quadra sem resposta nas 2 passadas
0401290064,PROVAVEL_DESCARTE_SQL_MORTO,inconclusivo,,quadra sem resposta nas 2 passadas
0401290000,RECUPERAVEL,inconclusivo,,quadra sem resposta nas 2 passadas
0400470000,PROVAVEL_DESCARTE_SQL_MORTO,inconclusivo,,quadra sem resposta nas 2 passadas
0400000000,PROVAVEL_DESCARTE_SQL_MORTO,inconclusivo,,quadra sem resposta nas 2 passadas
1142400020,PROVAVEL_DESCARTE_SQL_MORTO,inconclusivo,,quadra sem resposta nas 2 passadas
0895620001,RECUPERAVEL,inconclusivo,,quadra sem resposta nas 2 passadas
0822220000,PROVAVEL_DESCARTE_SQL_MORTO,inconclusivo,,quadra sem resposta nas 2 passadas
0821700000,PROVAVEL_DESCARTE_SQL_MORTO,inconclusivo,,quadra sem resposta nas 2 passadas
2079980000,PROVAVEL_DESCARTE_SQL_MORTO,inconclusivo,,quadra sem resposta nas 2 passadas
0100000000,PROVAVEL_DESCARTE_SQL_MORTO,inconclusivo,,quadra sem resposta nas 2 passadas
0130090000,RECUPERAVEL,inconclusivo,,quadra sem resposta nas 2 passadas
0100680000,RECUPERAVEL,inconclusivo,,quadra sem resposta nas 2 passadas
0100670000,RECUPERAVEL,inconclusivo,,quadra sem resposta nas 2 passadas
0130030001,RECUPERAVEL,inconclusivo,,quadra sem resposta nas 2 passadas
0130290000,RECUPERAVEL,inconclusivo,,quadra sem resposta nas 2 passadas
2301160000,PROVAVEL_DESCARTE_SQL_MORTO,inconclusivo,,quadra sem resposta nas 2 passadas
0230470000,RECUPERAVEL,inconclusivo,,quadra sem resposta nas 2 passadas
0230480099,PROVAVEL_DESCARTE_SQL_MORTO,inconclusivo,,quadra sem resposta nas 2 passadas
2989990000,PROVAVEL_DESCARTE_SQL_MORTO,inconclusivo,,quadra sem resposta nas 2 passadas
2979990000,PROVAVEL_DESCARTE_SQL_MORTO,inconclusivo,,quadra sem resposta nas 2 passadas
2869990000,PROVAVEL_DESCARTE_SQL_MORTO,inconclusivo,,quadra sem resposta nas 2 passadas
2859870000,PROVAVEL_DESCARTE_SQL_MORTO,inconclusivo,,quadra sem resposta nas 2 passadas
0360000000,PROVAVEL_DESCARTE_SQL_MORTO,inconclusivo,,quadra sem resposta nas 2 passadas
0360780000,PROVAVEL_DESCARTE_SQL_MORTO,inconclusivo,,quadra sem resposta nas 2 passadas
3000090033,PROVAVEL_DESCARTE_SQL_MORTO,inconclusivo,,quadra sem resposta nas 2 passadas
3000750001,PROVAVEL_DESCARTE_SQL_MORTO,inconclusivo,,quadra sem resposta nas 2 passadas
0280370000,RECUPERAVEL,inconclusivo,,quadra sem resposta nas 2 passadas
0311080000,RECUPERAVEL,inconclusivo,,quadra sem resposta nas 2 passadas
0310620000,RECUPERAVEL,inconclusivo,,quadra sem resposta nas 2 passadas
0311020000,RECUPERAVEL,inconclusivo,,quadra sem resposta nas 2 passadas
2820060000,PROVAVEL_DESCARTE_SQL_MORTO,inconclusivo,,quadra sem resposta nas 2 passadas
2769920000,PROVAVEL_DESCARTE_SQL_MORTO,inconclusivo,,quadra sem resposta nas 2 passadas
2829990000,PROVAVEL_DESCARTE_SQL_MORTO,inconclusivo,,quadra sem resposta nas 2 passadas
2779780000,PROVAVEL_DESCARTE_SQL_MORTO,inconclusivo,,quadra sem resposta nas 2 passadas
2879980000,PROVAVEL_DESCARTE_SQL_MORTO,inconclusivo,,quadra sem resposta nas 2 passadas
2919980000,PROVAVEL_DESCARTE_SQL_MORTO,inconclusivo,,quadra sem resposta nas 2 passadas
2749980000,PROVAVEL_DESCARTE_SQL_MORTO,inconclusivo,,quadra sem resposta nas 2 passadas
2879920000,PROVAVEL_DESCARTE_SQL_MORTO,inconclusivo,,quadra sem resposta nas 2 passadas
0170660035,PROVAVEL_DESCARTE_SQL_MORTO,inconclusivo,,quadra sem resposta nas 2 passadas
0170000000,PROVAVEL_DESCARTE_SQL_MORTO,inconclusivo,,quadra sem resposta nas 2 passadas
0611430000,RECUPERAVEL,inconclusivo,,quadra sem resposta nas 2 passadas
0610520001,RECUPERAVEL,inconclusivo,,quadra sem resposta nas 2 passadas
0610000000,PROVAVEL_DESCARTE_SQL_MORTO,inconclusivo,,quadra sem resposta nas 2 passadas
0210440042,PROVAVEL_DESCARTE_SQL_MORTO,inconclusivo,,quadra sem resposta nas 2 passadas
0210530000,RECUPERAVEL,inconclusivo,,quadra sem resposta nas 2 passadas
0210820000,RECUPERAVEL,inconclusivo,,quadra sem resposta nas 2 passadas
2110000000,PROVAVEL_DESCARTE_SQL_MORTO,inconclusivo,,quadra sem resposta nas 2 passadas
1870000000,PROVAVEL_DESCARTE_SQL_MORTO,inconclusivo,,quadra sem resposta nas 2 passadas
1870070001,PROVAVEL_DESCARTE_SQL_MORTO,inconclusivo,,quadra sem resposta nas 2 passadas
2059990000,PROVAVEL_DESCARTE_SQL_MORTO,inconclusivo,,quadra sem resposta nas 2 passadas
0150190000,RECUPERAVEL,inconclusivo,,quadra sem resposta nas 2 passadas
0150330000,RECUPERAVEL,inconclusivo,,quadra sem resposta nas 2 passadas
0150270000,RECUPERAVEL,inconclusivo,,quadra sem resposta nas 2 passadas
0150280000,RECUPERAVEL,inconclusivo,,quadra sem resposta nas 2 passadas
0150200000,RECUPERAVEL,inconclusivo,,quadra sem resposta nas 2 passadas
0150180000,RECUPERAVEL,inconclusivo,,quadra sem resposta nas 2 passadas
0150320000,RECUPERAVEL,inconclusivo,,quadra sem resposta nas 2 passadas
0150210000,RECUPERAVEL,inconclusivo,,quadra sem resposta nas 2 passadas
0150420000,RECUPERAVEL,inconclusivo,,quadra sem resposta nas 2 passadas
0150150000,RECUPERAVEL,inconclusivo,,quadra sem resposta nas 2 passadas
0150120000,RECUPERAVEL,inconclusivo,,quadra sem resposta nas 2 passadas
0782490000,RECUPERAVEL,inconclusivo,,quadra sem resposta nas 2 passadas
0780050000,PROVAVEL_DESCARTE_SQL_MORTO,inconclusivo,,quadra sem resposta nas 2 passadas
2010000000,PROVAVEL_DESCARTE_SQL_MORTO,inconclusivo,,quadra sem resposta nas 2 passadas
0050000000,PROVAVEL_DESCARTE_SQL_MORTO,inconclusivo,,quadra sem resposta nas 2 passadas
0070000000,PROVAVEL_DESCARTE_SQL_MORTO,inconclusivo,,quadra sem resposta nas 2 passadas
0502160000,PROVAVEL_DESCARTE_SQL_MORTO,inconclusivo,,quadra sem resposta nas 2 passadas
0200000000,PROVAVEL_DESCARTE_SQL_MORTO,inconclusivo,,quadra sem resposta nas 2 passadas
0180000000,PROVAVEL_DESCARTE_SQL_MORTO,inconclusivo,,quadra sem resposta nas 2 passadas
0870000000,PROVAVEL_DESCARTE_SQL_MORTO,inconclusivo,,quadra sem resposta nas 2 passadas
0880000000,PROVAVEL_DESCARTE_SQL_MORTO,inconclusivo,,quadra sem resposta nas 2 passadas
0020000000,PROVAVEL_DESCARTE_SQL_MORTO,inconclusivo,,quadra sem resposta nas 2 passadas
0010000000,PROVAVEL_DESCARTE_SQL_MORTO,inconclusivo,,quadra sem resposta nas 2 passadas
0030000000,PROVAVEL_DESCARTE_SQL_MORTO,inconclusivo,,quadra sem resposta nas 2 passadas
2229880000,PROVAVEL_DESCARTE_SQL_MORTO,inconclusivo,,quadra sem resposta nas 2 passadas
2209990000,PROVAVEL_DESCARTE_SQL_MORTO,inconclusivo,,quadra sem resposta nas 2 passadas
0690000000,PROVAVEL_DESCARTE_SQL_MORTO,inconclusivo,,quadra sem resposta nas 2 passadas
1310000000,PROVAVEL_DESCARTE_SQL_MORTO,inconclusivo,,quadra sem resposta nas 2 passadas
0641920000,RECUPERAVEL,inconclusivo,,quadra sem resposta nas 2 passadas
0380920000,PROVAVEL_DESCARTE_SQL_MORTO,inconclusivo,,quadra sem resposta nas 2 passadas
0370400000,RECUPERAVEL,inconclusivo,,quadra sem resposta nas 2 passadas
0421740000,RECUPERAVEL,inconclusivo,,quadra sem resposta nas 2 passadas
0421750000,RECUPERAVEL,inconclusivo,,quadra sem resposta nas 2 passadas
0421710000,RECUPERAVEL,inconclusivo,,quadra sem resposta nas 2 passadas
0421760000,RECUPERAVEL,inconclusivo,,quadra sem resposta nas 2 passadas
0421700000,RECUPERAVEL,inconclusivo,,quadra sem resposta nas 2 passadas
0421670000,RECUPERAVEL,inconclusivo,,quadra sem resposta nas 2 passadas
0421720001,PROVAVEL_DESCARTE_SQL_MORTO,inconclusivo,,quadra sem resposta nas 2 passadas
0421690000,RECUPERAVEL,inconclusivo,,quadra sem resposta nas 2 passadas
0421680000,RECUPERAVEL,inconclusivo,,quadra sem resposta nas 2 passadas
0380690000,RECUPERAVEL,inconclusivo,,quadra sem resposta nas 2 passadas
0381050000,RECUPERAVEL,inconclusivo,,quadra sem resposta nas 2 passadas
0381040000,RECUPERAVEL,inconclusivo,,quadra sem resposta nas 2 passadas
0381030000,RECUPERAVEL,inconclusivo,,quadra sem resposta nas 2 passadas
0360100000,RECUPERAVEL,inconclusivo,,quadra sem resposta nas 2 passadas
0380980000,RECUPERAVEL,inconclusivo,,quadra sem resposta nas 2 passadas
0370360647,PROVAVEL_DESCARTE_SQL_MORTO,inconclusivo,,quadra sem resposta nas 2 passadas
0370360000,RECUPERAVEL,inconclusivo,,quadra sem resposta nas 2 passadas
0370360113,PROVAVEL_DESCARTE_SQL_MORTO,inconclusivo,,quadra sem resposta nas 2 passadas
0370360110,PROVAVEL_DESCARTE_SQL_MORTO,inconclusivo,,quadra sem resposta nas 2 passadas
0370360111,PROVAVEL_DESCARTE_SQL_MORTO,inconclusivo,,quadra sem resposta nas 2 passadas
0370360112,PROVAVEL_DESCARTE_SQL_MORTO,inconclusivo,,quadra sem resposta nas 2 passadas
0370340000,RECUPERAVEL,inconclusivo,,quadra sem resposta nas 2 passadas
0370350005,PROVAVEL_DESCARTE_SQL_MORTO,inconclusivo,,quadra sem resposta nas 2 passadas
0370350006,PROVAVEL_DESCARTE_SQL_MORTO,inconclusivo,,quadra sem resposta nas 2 passadas
0370350015,PROVAVEL_DESCARTE_SQL_MORTO,inconclusivo,,quadra sem resposta nas 2 passadas
0370350000,RECUPERAVEL,inconclusivo,,quadra sem resposta nas 2 passadas
0370350016,PROVAVEL_DESCARTE_SQL_MORTO,inconclusivo,,quadra sem resposta nas 2 passadas
0370260000,RECUPERAVEL,inconclusivo,,quadra sem resposta nas 2 passadas
1230010000,PROVAVEL_DESCARTE_SQL_MORTO,inconclusivo,,quadra sem resposta nas 2 passadas
0320210000,RECUPERAVEL,inconclusivo,,quadra sem resposta nas 2 passadas
0090000000,NAO_VENDAVEL_LEI,inconclusivo,,quadra sem resposta nas 2 passadas
0010870000,NAO_VENDAVEL_LEI,inconclusivo,,quadra sem resposta nas 2 passadas
0893200001,NAO_VENDAVEL_LEI,inconclusivo,,quadra sem resposta nas 2 passadas
0110120000,NAO_VENDAVEL_LEI,inconclusivo,,quadra sem resposta nas 2 passadas
0000000000,NAO_VENDAVEL_LEI,inconclusivo,,quadra sem resposta nas 2 passadas
0060000000,NAO_VENDAVEL_LEI,inconclusivo,,quadra sem resposta nas 2 passadas
0950000000,NAO_VENDAVEL_LEI,inconclusivo,,quadra sem resposta nas 2 passadas
2519990000,NAO_VENDAVEL_LEI,inconclusivo,,quadra sem resposta nas 2 passadas
0620000000,NAO_VENDAVEL_LEI,inconclusivo,,quadra sem resposta nas 2 passadas
