sql_mestre,endereco,lote_geosampa,zona_ok,vedado_art124,classe_preliminar
0090160031,,nao,nao,nao,PROVAVEL_DESCARTE_SQL_MORTO
0090160032,,nao,nao,nao,PROVAVEL_DESCARTE_SQL_MORTO
0090211482,,nao,nao,nao,PROVAVEL_DESCARTE_SQL_MORTO
0030450043,,sim,sim,nao,RECUPERAVEL
0030450044,,sim,sim,nao,RECUPERAVEL
0401990202,,nao,sim,nao,PROVAVEL_DESCARTE_SQL_MORTO
0401990207,,nao,sim,nao,PROVAVEL_DESCARTE_SQL_MORTO
0230740001,,nao,sim,nao,PROVAVEL_DESCARTE_SQL_MORTO
0330210417,,nao,sim,nao,PROVAVEL_DESCARTE_SQL_MORTO
0412720008,,nao,nao,nao,PROVAVEL_DESCARTE_SQL_MORTO
0412720009,,nao,nao,nao,PROVAVEL_DESCARTE_SQL_MORTO
0150340053,,nao,nao,nao,PROVAVEL_DESCARTE_SQL_MORTO
0010580049,,nao,nao,nao,PROVAVEL_DESCARTE_SQL_MORTO
0050170048,,nao,nao,nao,PROVAVEL_DESCARTE_SQL_MORTO
0080814249,,nao,nao,nao,PROVAVEL_DESCARTE_SQL_MORTO
0060070015,,nao,sim,nao,PROVAVEL_DESCARTE_SQL_MORTO
0080160023,,nao,nao,nao,PROVAVEL_DESCARTE_SQL_MORTO
0040113883,,nao,nao,nao,PROVAVEL_DESCARTE_SQL_MORTO
0010853786,,nao,nao,nao,PROVAVEL_DESCARTE_SQL_MORTO
0030060000,,nao,nao,nao,PROVAVEL_DESCARTE_SQL_MORTO
0090510021,,nao,nao,nao,PROVAVEL_DESCARTE_SQL_MORTO
0090150031,,nao,sim,nao,PROVAVEL_DESCARTE_SQL_MORTO
0090150032,,nao,sim,nao,PROVAVEL_DESCARTE_SQL_MORTO
0090190000,,sim,sim,nao,RECUPERAVEL
1672260527,,nao,nao,nao,PROVAVEL_DESCARTE_SQL_MORTO
0430470002,,nao,nao,nao,PROVAVEL_DESCARTE_SQL_MORTO
0400900013,,nao,nao,nao,PROVAVEL_DESCARTE_SQL_MORTO
0500084586,,nao,nao,nao,PROVAVEL_DESCARTE_SQL_MORTO
2990140177,,nao,nao,nao,PROVAVEL_DESCARTE_SQL_MORTO
0160090028,,nao,sim,nao,PROVAVEL_DESCARTE_SQL_MORTO
0160090006,,nao,nao,nao,PROVAVEL_DESCARTE_SQL_MORTO
0160090026,,nao,nao,nao,PROVAVEL_DESCARTE_SQL_MORTO
0100691220,,nao,sim,nao,PROVAVEL_DESCARTE_SQL_MORTO
0080210843,,nao,nao,nao,PROVAVEL_DESCARTE_SQL_MORTO
0080210842,,nao,nao,nao,PROVAVEL_DESCARTE_SQL_MORTO
0080210844,,nao,nao,nao,PROVAVEL_DESCARTE_SQL_MORTO
0784310000,,nao,nao,nao,PROVAVEL_DESCARTE_SQL_MORTO
2070000000,,nao,nao,nao,PROVAVEL_DESCARTE_SQL_MORTO
2030000000,,nao,nao,nao,PROVAVEL_DESCARTE_SQL_MORTO
2020000000,,nao,nao,nao,PROVAVEL_DESCARTE_SQL_MORTO
0220060134,,nao,nao,nao,PROVAVEL_DESCARTE_SQL_MORTO
0220060000,,sim,sim,nao,RECUPERAVEL
0210120069,,nao,nao,nao,PROVAVEL_DESCARTE_SQL_MORTO
1970330113,,sim,nao,nao,RECUPERAVEL
0090170041,,nao,nao,nao,PROVAVEL_DESCARTE_SQL_MORTO
0090160017,,nao,nao,nao,PROVAVEL_DESCARTE_SQL_MORTO
0090170040,,nao,nao,nao,PROVAVEL_DESCARTE_SQL_MORTO
0090170043,,nao,nao,nao,PROVAVEL_DESCARTE_SQL_MORTO
0090170042,,nao,nao,nao,PROVAVEL_DESCARTE_SQL_MORTO
0090700000,,sim,sim,nao,RECUPERAVEL
0090170000,,sim,sim,nao,RECUPERAVEL
0090230033,,nao,nao,nao,PROVAVEL_DESCARTE_SQL_MORTO
0330080002,,sim,sim,nao,RECUPERAVEL
0330080000,,sim,sim,nao,RECUPERAVEL
0330050000,,sim,sim,nao,RECUPERAVEL
0330010000,,sim,sim,nao,RECUPERAVEL
0100990000,,sim,sim,nao,RECUPERAVEL
0090710000,,sim,sim,nao,RECUPERAVEL
0090420000,,sim,sim,nao,RECUPERAVEL
0090970000,,sim,sim,nao,RECUPERAVEL
0090260000,,sim,sim,nao,RECUPERAVEL
0090390000,,sim,sim,nao,RECUPERAVEL
0090670000,,sim,sim,nao,RECUPERAVEL
0090530000,,sim,sim,nao,RECUPERAVEL
0090640000,,sim,sim,nao,RECUPERAVEL
0090040000,,sim,sim,nao,RECUPERAVEL
0090480000,,sim,sim,nao,RECUPERAVEL
0090410000,,sim,sim,nao,RECUPERAVEL
0090010000,,sim,sim,nao,RECUPERAVEL
0090050000,,sim,sim,nao,RECUPERAVEL
0090650000,,sim,sim,nao,RECUPERAVEL
0090320000,,sim,sim,nao,RECUPERAVEL
0060430000,,sim,sim,nao,RECUPERAVEL
0260350000,,sim,sim,nao,RECUPERAVEL
0260250002,,sim,sim,nao,RECUPERAVEL
0020160000,,sim,sim,nao,RECUPERAVEL
0010180000,,nao,nao,nao,PROVAVEL_DESCARTE_SQL_MORTO
0180310000,,sim,sim,nao,RECUPERAVEL
0190700029,,nao,nao,nao,PROVAVEL_DESCARTE_SQL_MORTO
0270850000,,nao,nao,nao,PROVAVEL_DESCARTE_SQL_MORTO
0250800000,,sim,sim,nao,RECUPERAVEL
0280460000,,sim,sim,nao,RECUPERAVEL
0825170000,,nao,nao,nao,PROVAVEL_DESCARTE_SQL_MORTO
0040340000,,sim,sim,nao,RECUPERAVEL
0040330000,,sim,sim,nao,RECUPERAVEL
0040350000,,sim,sim,nao,RECUPERAVEL
0040540000,,sim,sim,nao,RECUPERAVEL
0340000000,,nao,nao,nao,PROVAVEL_DESCARTE_SQL_MORTO
1620350000,,sim,sim,nao,RECUPERAVEL
0110000000,,nao,nao,nao,PROVAVEL_DESCARTE_SQL_MORTO
0111010000,,sim,sim,nao,RECUPERAVEL
0200940000,,sim,sim,nao,RECUPERAVEL
0200950000,,sim,sim,nao,RECUPERAVEL
0111000000,,sim,nao,nao,RECUPERAVEL
0111230000,,sim,sim,nao,RECUPERAVEL
0111140150,,nao,sim,nao,PROVAVEL_DESCARTE_SQL_MORTO
0111140000,,sim,sim,nao,RECUPERAVEL
0110990000,,sim,sim,nao,RECUPERAVEL
0111140138,,nao,sim,nao,PROVAVEL_DESCARTE_SQL_MORTO
0100370000,,sim,sim,nao,RECUPERAVEL
0100020000,,sim,sim,nao,RECUPERAVEL
0100160000,,sim,nao,nao,RECUPERAVEL
0100030000,,sim,sim,nao,RECUPERAVEL
1580000000,,nao,nao,nao,PROVAVEL_DESCARTE_SQL_MORTO
2699970000,,nao,nao,nao,PROVAVEL_DESCARTE_SQL_MORTO
2690000000,,nao,nao,nao,PROVAVEL_DESCARTE_SQL_MORTO
2790000000,,nao,nao,nao,PROVAVEL_DESCARTE_SQL_MORTO
0110890001,,sim,sim,nao,RECUPERAVEL
0401290064,,nao,nao,nao,PROVAVEL_DESCARTE_SQL_MORTO
0400470000,,nao,nao,nao,PROVAVEL_DESCARTE_SQL_MORTO
0401290000,,sim,sim,nao,RECUPERAVEL
0400000000,,nao,nao,nao,PROVAVEL_DESCARTE_SQL_MORTO
2990140000,,nao,sim,nao,PROVAVEL_DESCARTE_SQL_MORTO
1142400020,,nao,sim,nao,PROVAVEL_DESCARTE_SQL_MORTO
0895620001,,sim,sim,nao,RECUPERAVEL
0822220000,,nao,nao,nao,PROVAVEL_DESCARTE_SQL_MORTO
0821700000,,nao,nao,nao,PROVAVEL_DESCARTE_SQL_MORTO
2079980000,,nao,nao,nao,PROVAVEL_DESCARTE_SQL_MORTO
0100000000,,nao,nao,nao,PROVAVEL_DESCARTE_SQL_MORTO
0130090000,,sim,sim,nao,RECUPERAVEL
0100680000,,sim,nao,nao,RECUPERAVEL
0100670000,,sim,sim,nao,RECUPERAVEL
0130030001,,sim,sim,nao,RECUPERAVEL
0130290000,,sim,sim,nao,RECUPERAVEL
2301160000,,nao,nao,nao,PROVAVEL_DESCARTE_SQL_MORTO
0230470000,,sim,sim,nao,RECUPERAVEL
0230480099,,nao,nao,nao,PROVAVEL_DESCARTE_SQL_MORTO
0990460092,,nao,sim,nao,PROVAVEL_DESCARTE_SQL_MORTO
0330350000,,sim,sim,nao,RECUPERAVEL
0330390000,,sim,sim,nao,RECUPERAVEL
0330230000,,sim,sim,nao,RECUPERAVEL
0330170000,,sim,sim,nao,RECUPERAVEL
0330390353,,nao,sim,nao,PROVAVEL_DESCARTE_SQL_MORTO
0330150000,,sim,sim,nao,RECUPERAVEL
0330160000,,sim,sim,nao,RECUPERAVEL
0050610000,,sim,sim,nao,RECUPERAVEL
0330240000,,sim,sim,nao,RECUPERAVEL
2989990000,,nao,nao,nao,PROVAVEL_DESCARTE_SQL_MORTO
2979990000,,nao,nao,nao,PROVAVEL_DESCARTE_SQL_MORTO
2869990000,,nao,nao,nao,PROVAVEL_DESCARTE_SQL_MORTO
2859870000,,nao,nao,nao,PROVAVEL_DESCARTE_SQL_MORTO
0360000000,,nao,nao,nao,PROVAVEL_DESCARTE_SQL_MORTO
0360780000,,nao,nao,nao,PROVAVEL_DESCARTE_SQL_MORTO
3000090033,,nao,nao,nao,PROVAVEL_DESCARTE_SQL_MORTO
3000750001,,nao,sim,nao,PROVAVEL_DESCARTE_SQL_MORTO
0280370000,,sim,sim,nao,RECUPERAVEL
0311080000,,sim,sim,nao,RECUPERAVEL
0310620000,,sim,nao,nao,RECUPERAVEL
0311020000,,sim,sim,nao,RECUPERAVEL
2820060000,,nao,nao,nao,PROVAVEL_DESCARTE_SQL_MORTO
2769920000,,nao,nao,nao,PROVAVEL_DESCARTE_SQL_MORTO
2829990000,,nao,nao,nao,PROVAVEL_DESCARTE_SQL_MORTO
2779780000,,nao,nao,nao,PROVAVEL_DESCARTE_SQL_MORTO
2879980000,,nao,nao,nao,PROVAVEL_DESCARTE_SQL_MORTO
2919980000,,nao,nao,nao,PROVAVEL_DESCARTE_SQL_MORTO
2749980000,,nao,nao,nao,PROVAVEL_DESCARTE_SQL_MORTO
2879920000,,nao,nao,nao,PROVAVEL_DESCARTE_SQL_MORTO
0170660035,,nao,nao,nao,PROVAVEL_DESCARTE_SQL_MORTO
0170000000,,nao,nao,nao,PROVAVEL_DESCARTE_SQL_MORTO
0611430000,,sim,sim,nao,RECUPERAVEL
0610520001,,sim,sim,nao,RECUPERAVEL
0610000000,,nao,nao,nao,PROVAVEL_DESCARTE_SQL_MORTO
0210440042,,nao,sim,nao,PROVAVEL_DESCARTE_SQL_MORTO
0210530000,,sim,sim,nao,RECUPERAVEL
0210820000,,sim,nao,nao,RECUPERAVEL
2110000000,,nao,nao,nao,PROVAVEL_DESCARTE_SQL_MORTO
1870000000,,nao,nao,nao,PROVAVEL_DESCARTE_SQL_MORTO
1870070001,,nao,nao,nao,PROVAVEL_DESCARTE_SQL_MORTO
2059990000,,nao,nao,nao,PROVAVEL_DESCARTE_SQL_MORTO
0150340000,,sim,nao,nao,RECUPERAVEL
0150190000,,sim,sim,nao,RECUPERAVEL
0150330000,,sim,sim,nao,RECUPERAVEL
0150270000,,sim,sim,nao,RECUPERAVEL
0150280000,,sim,sim,nao,RECUPERAVEL
0150200000,,sim,nao,nao,RECUPERAVEL
0150180000,,sim,sim,nao,RECUPERAVEL
0150320000,,sim,sim,nao,RECUPERAVEL
0150210000,,sim,sim,nao,RECUPERAVEL
0150420000,,sim,sim,nao,RECUPERAVEL
0150150000,,sim,sim,nao,RECUPERAVEL
0150120000,,sim,sim,nao,RECUPERAVEL
0782490000,,sim,sim,nao,RECUPERAVEL
0780050000,,nao,nao,nao,PROVAVEL_DESCARTE_SQL_MORTO
2010000000,,nao,nao,nao,PROVAVEL_DESCARTE_SQL_MORTO
0050000000,,nao,nao,nao,PROVAVEL_DESCARTE_SQL_MORTO
0050160000,,sim,sim,nao,RECUPERAVEL
0060240000,,sim,sim,nao,RECUPERAVEL
0060100000,,sim,sim,nao,RECUPERAVEL
0010570000,,sim,sim,nao,RECUPERAVEL
0060390000,,sim,sim,nao,RECUPERAVEL
0060150000,,sim,sim,nao,RECUPERAVEL
0010530000,,sim,sim,nao,RECUPERAVEL
0060380000,,sim,sim,nao,RECUPERAVEL
0070000000,,nao,nao,nao,PROVAVEL_DESCARTE_SQL_MORTO
0080900028,,nao,sim,nao,PROVAVEL_DESCARTE_SQL_MORTO
0080900027,,nao,sim,nao,PROVAVEL_DESCARTE_SQL_MORTO
0070620000,,sim,sim,nao,RECUPERAVEL
0080900029,,nao,sim,nao,PROVAVEL_DESCARTE_SQL_MORTO
0080930000,,sim,sim,nao,RECUPERAVEL
0080900032,,nao,sim,nao,PROVAVEL_DESCARTE_SQL_MORTO
0080900008,,nao,sim,nao,PROVAVEL_DESCARTE_SQL_MORTO
0080900041,,nao,sim,nao,PROVAVEL_DESCARTE_SQL_MORTO
0080900017,,nao,sim,nao,PROVAVEL_DESCARTE_SQL_MORTO
0080900043,,nao,sim,nao,PROVAVEL_DESCARTE_SQL_MORTO
0080900031,,nao,sim,nao,PROVAVEL_DESCARTE_SQL_MORTO
0010440000,,sim,sim,nao,RECUPERAVEL
0080810000,,sim,sim,nao,RECUPERAVEL
0010530026,,nao,sim,nao,PROVAVEL_DESCARTE_SQL_MORTO
0080650000,,sim,sim,nao,RECUPERAVEL
0080880000,,sim,sim,nao,RECUPERAVEL
0080930059,,nao,sim,nao,PROVAVEL_DESCARTE_SQL_MORTO
0080900007,,nao,sim,nao,PROVAVEL_DESCARTE_SQL_MORTO
0010190037,,nao,sim,nao,PROVAVEL_DESCARTE_SQL_MORTO
0010530036,,nao,sim,nao,PROVAVEL_DESCARTE_SQL_MORTO
0080940000,,sim,sim,nao,RECUPERAVEL
0010360000,,sim,sim,nao,RECUPERAVEL
0010270000,,sim,sim,nao,RECUPERAVEL
0010440050,,nao,sim,nao,PROVAVEL_DESCARTE_SQL_MORTO
0080730000,,sim,sim,nao,RECUPERAVEL
0080900011,,nao,sim,nao,PROVAVEL_DESCARTE_SQL_MORTO
0080890000,,sim,sim,nao,RECUPERAVEL
0010460000,,sim,sim,nao,RECUPERAVEL
0080730124,,nao,sim,nao,PROVAVEL_DESCARTE_SQL_MORTO
0080900006,,nao,sim,nao,PROVAVEL_DESCARTE_SQL_MORTO
0010440051,,nao,sim,nao,PROVAVEL_DESCARTE_SQL_MORTO
0080590000,,sim,sim,nao,RECUPERAVEL
0080940122,,nao,sim,nao,PROVAVEL_DESCARTE_SQL_MORTO
0080900030,,nao,sim,nao,PROVAVEL_DESCARTE_SQL_MORTO
0080830000,,sim,sim,nao,RECUPERAVEL
0010530025,,nao,sim,nao,PROVAVEL_DESCARTE_SQL_MORTO
0070700000,,sim,sim,nao,RECUPERAVEL
0050350000,,sim,sim,nao,RECUPERAVEL
0010450000,,sim,sim,nao,RECUPERAVEL
0060160000,,sim,sim,nao,RECUPERAVEL
0060230000,,sim,sim,nao,RECUPERAVEL
0060250000,,sim,sim,nao,RECUPERAVEL
0070520000,,sim,sim,nao,RECUPERAVEL
0050240000,,sim,sim,nao,RECUPERAVEL
0060070000,,sim,sim,nao,RECUPERAVEL
0060550000,,sim,sim,nao,RECUPERAVEL
0060640000,,sim,sim,nao,RECUPERAVEL
0060320000,,sim,sim,nao,RECUPERAVEL
0060080000,,sim,sim,nao,RECUPERAVEL
0050230000,,sim,sim,nao,RECUPERAVEL
0010580000,,sim,sim,nao,RECUPERAVEL
0070860000,,sim,sim,nao,RECUPERAVEL
0070850000,,sim,sim,nao,RECUPERAVEL
0060270000,,sim,sim,nao,RECUPERAVEL
0080530000,,sim,sim,nao,RECUPERAVEL
0060090000,,sim,sim,nao,RECUPERAVEL
0070870000,,sim,sim,nao,RECUPERAVEL
0060170000,,sim,sim,nao,RECUPERAVEL
0060060000,,sim,sim,nao,RECUPERAVEL
0070690000,,sim,sim,nao,RECUPERAVEL
0050340000,,sim,sim,nao,RECUPERAVEL
0060510000,,sim,sim,nao,RECUPERAVEL
0060530000,,sim,sim,nao,RECUPERAVEL
0070710000,,sim,sim,nao,RECUPERAVEL
0070720000,,sim,sim,nao,RECUPERAVEL
0010480000,,sim,sim,nao,RECUPERAVEL
0060630000,,sim,sim,nao,RECUPERAVEL
0080610000,,sim,sim,nao,RECUPERAVEL
0010550161,,nao,sim,nao,PROVAVEL_DESCARTE_SQL_MORTO
0060580000,,sim,sim,nao,RECUPERAVEL
0060360000,,sim,sim,nao,RECUPERAVEL
0070750000,,sim,sim,nao,RECUPERAVEL
0060560000,,sim,sim,nao,RECUPERAVEL
0502160000,,nao,nao,nao,PROVAVEL_DESCARTE_SQL_MORTO
0200620043,,nao,nao,nao,PROVAVEL_DESCARTE_SQL_MORTO
0200000000,,nao,nao,nao,PROVAVEL_DESCARTE_SQL_MORTO
0070010000,,sim,nao,nao,RECUPERAVEL
0200520000,,sim,sim,nao,RECUPERAVEL
0080130000,,sim,sim,nao,RECUPERAVEL
0070060000,,sim,nao,nao,RECUPERAVEL
0200730000,,sim,sim,nao,RECUPERAVEL
0070130000,,sim,sim,nao,RECUPERAVEL
0080450000,,sim,sim,nao,RECUPERAVEL
0200410000,,sim,sim,nao,RECUPERAVEL
0180000000,,nao,nao,nao,PROVAVEL_DESCARTE_SQL_MORTO
0870000000,,nao,nao,nao,PROVAVEL_DESCARTE_SQL_MORTO
0880000000,,nao,nao,nao,PROVAVEL_DESCARTE_SQL_MORTO
0900130015,,nao,sim,nao,PROVAVEL_DESCARTE_SQL_MORTO
0882590001,,sim,sim,nao,RECUPERAVEL
1551910001,,sim,sim,nao,RECUPERAVEL
0050440000,,sim,sim,nao,RECUPERAVEL
0050220000,,sim,sim,nao,RECUPERAVEL
0050220021,,nao,nao,nao,PROVAVEL_DESCARTE_SQL_MORTO
0050120000,,sim,sim,nao,RECUPERAVEL
0050190000,,sim,sim,nao,RECUPERAVEL
0010490670,,sim,sim,nao,RECUPERAVEL
0050210000,,sim,sim,nao,RECUPERAVEL
0050150000,,sim,sim,nao,RECUPERAVEL
0010800000,,sim,sim,nao,RECUPERAVEL
0050200000,,sim,sim,nao,RECUPERAVEL
0020000000,,nao,nao,nao,PROVAVEL_DESCARTE_SQL_MORTO
0010000000,,nao,nao,nao,PROVAVEL_DESCARTE_SQL_MORTO
0020590000,,sim,sim,nao,RECUPERAVEL
0030030000,,sim,sim,nao,RECUPERAVEL
0020220094,,nao,sim,nao,PROVAVEL_DESCARTE_SQL_MORTO
0050300000,,sim,sim,nao,RECUPERAVEL
0020740000,,sim,sim,nao,RECUPERAVEL
0010730000,,sim,sim,nao,RECUPERAVEL
0020600000,,sim,sim,nao,RECUPERAVEL
0050110000,,sim,sim,nao,RECUPERAVEL
0010420000,,sim,sim,nao,RECUPERAVEL
0010840000,,sim,sim,nao,RECUPERAVEL
0050140000,,sim,sim,nao,RECUPERAVEL
0010720000,,sim,sim,nao,RECUPERAVEL
0030040000,,sim,sim,nao,RECUPERAVEL
0010640000,,sim,sim,nao,RECUPERAVEL
0010810000,,sim,sim,nao,RECUPERAVEL
0050390000,,sim,sim,nao,RECUPERAVEL
0010680000,,sim,sim,nao,RECUPERAVEL
0050050005,,nao,nao,nao,PROVAVEL_DESCARTE_SQL_MORTO
0050100000,,sim,sim,nao,RECUPERAVEL
0050100003,,sim,sim,nao,RECUPERAVEL
0050010000,,sim,sim,nao,RECUPERAVEL
0020700000,,sim,sim,nao,RECUPERAVEL
0010830000,,sim,sim,nao,RECUPERAVEL
0010490018,,nao,nao,nao,PROVAVEL_DESCARTE_SQL_MORTO
0010750000,,sim,sim,nao,RECUPERAVEL
0050020000,,sim,sim,nao,RECUPERAVEL
0010510000,,sim,sim,nao,RECUPERAVEL
0010400000,,sim,sim,nao,RECUPERAVEL
0050280000,,sim,sim,nao,RECUPERAVEL
0010790000,,sim,sim,nao,RECUPERAVEL
0010490000,,sim,sim,nao,RECUPERAVEL
0010770000,,sim,sim,nao,RECUPERAVEL
0050050000,,sim,sim,nao,RECUPERAVEL
0010710000,,sim,sim,nao,RECUPERAVEL
0010780000,,sim,sim,nao,RECUPERAVEL
0050820000,,sim,sim,nao,RECUPERAVEL
0030000000,,nao,nao,nao,PROVAVEL_DESCARTE_SQL_MORTO
0010670000,,sim,sim,nao,RECUPERAVEL
2229880000,,nao,nao,nao,PROVAVEL_DESCARTE_SQL_MORTO
2209990000,,nao,nao,nao,PROVAVEL_DESCARTE_SQL_MORTO
0690000000,,nao,nao,nao,PROVAVEL_DESCARTE_SQL_MORTO
1310000000,,nao,nao,nao,PROVAVEL_DESCARTE_SQL_MORTO
0641920000,,sim,sim,nao,RECUPERAVEL
0380920000,,nao,nao,nao,PROVAVEL_DESCARTE_SQL_MORTO
0370400000,,sim,sim,nao,RECUPERAVEL
0421740000,,sim,sim,nao,RECUPERAVEL
0421750000,,sim,sim,nao,RECUPERAVEL
0421710000,,sim,sim,nao,RECUPERAVEL
0421760000,,sim,sim,nao,RECUPERAVEL
0421700000,,sim,sim,nao,RECUPERAVEL
0421670000,,sim,sim,nao,RECUPERAVEL
0421720001,,nao,sim,nao,PROVAVEL_DESCARTE_SQL_MORTO
0421690000,,sim,sim,nao,RECUPERAVEL
0421680000,,sim,sim,nao,RECUPERAVEL
0380690000,,sim,nao,nao,RECUPERAVEL
0381050000,,sim,nao,nao,RECUPERAVEL
0381040000,,sim,sim,nao,RECUPERAVEL
0381030000,,sim,sim,nao,RECUPERAVEL
0360100000,,sim,sim,nao,RECUPERAVEL
0380980000,,sim,sim,nao,RECUPERAVEL
0370360647,,nao,sim,nao,PROVAVEL_DESCARTE_SQL_MORTO
0370340000,,sim,nao,nao,RECUPERAVEL
0370350005,,nao,sim,nao,PROVAVEL_DESCARTE_SQL_MORTO
0370360000,,sim,sim,nao,RECUPERAVEL
0370350006,,nao,sim,nao,PROVAVEL_DESCARTE_SQL_MORTO
0370350015,,nao,sim,nao,PROVAVEL_DESCARTE_SQL_MORTO
0370360113,,nao,sim,nao,PROVAVEL_DESCARTE_SQL_MORTO
0370260000,,sim,sim,nao,RECUPERAVEL
0370350000,,sim,sim,nao,RECUPERAVEL
0370360110,,nao,sim,nao,PROVAVEL_DESCARTE_SQL_MORTO
0370360111,,nao,sim,nao,PROVAVEL_DESCARTE_SQL_MORTO
0370360112,,nao,sim,nao,PROVAVEL_DESCARTE_SQL_MORTO
0370350016,,nao,sim,nao,PROVAVEL_DESCARTE_SQL_MORTO
1230010000,,nao,nao,nao,PROVAVEL_DESCARTE_SQL_MORTO
0320210000,,sim,sim,nao,RECUPERAVEL
,,nao,nao,nao,PROVAVEL_DESCARTE_SQL_MORTO
,,nao,nao,nao,PROVAVEL_DESCARTE_SQL_MORTO
,,nao,nao,nao,PROVAVEL_DESCARTE_SQL_MORTO
,,nao,nao,nao,PROVAVEL_DESCARTE_SQL_MORTO
,,nao,nao,nao,PROVAVEL_DESCARTE_SQL_MORTO
,,nao,nao,nao,PROVAVEL_DESCARTE_SQL_MORTO
,,nao,nao,nao,PROVAVEL_DESCARTE_SQL_MORTO
,,nao,nao,nao,PROVAVEL_DESCARTE_SQL_MORTO
,,nao,nao,nao,PROVAVEL_DESCARTE_SQL_MORTO
,,nao,nao,nao,PROVAVEL_DESCARTE_SQL_MORTO
,,nao,nao,nao,PROVAVEL_DESCARTE_SQL_MORTO
,,nao,nao,nao,PROVAVEL_DESCARTE_SQL_MORTO
,,nao,nao,nao,PROVAVEL_DESCARTE_SQL_MORTO
,,nao,nao,nao,PROVAVEL_DESCARTE_SQL_MORTO
,,nao,nao,nao,PROVAVEL_DESCARTE_SQL_MORTO
,,nao,nao,nao,PROVAVEL_DESCARTE_SQL_MORTO
,,nao,nao,nao,PROVAVEL_DESCARTE_SQL_MORTO
,,nao,nao,nao,PROVAVEL_DESCARTE_SQL_MORTO
,,nao,nao,nao,PROVAVEL_DESCARTE_SQL_MORTO
,,nao,nao,nao,PROVAVEL_DESCARTE_SQL_MORTO
,,nao,nao,nao,PROVAVEL_DESCARTE_SQL_MORTO
,,nao,nao,nao,PROVAVEL_DESCARTE_SQL_MORTO
,,nao,nao,nao,PROVAVEL_DESCARTE_SQL_MORTO
,,nao,nao,nao,PROVAVEL_DESCARTE_SQL_MORTO
,,nao,nao,nao,PROVAVEL_DESCARTE_SQL_MORTO
,,nao,nao,nao,PROVAVEL_DESCARTE_SQL_MORTO
,,nao,nao,nao,PROVAVEL_DESCARTE_SQL_MORTO
,,nao,nao,nao,PROVAVEL_DESCARTE_SQL_MORTO
,,nao,nao,nao,PROVAVEL_DESCARTE_SQL_MORTO
,,nao,nao,nao,PROVAVEL_DESCARTE_SQL_MORTO
,,nao,nao,nao,PROVAVEL_DESCARTE_SQL_MORTO
,,nao,nao,nao,PROVAVEL_DESCARTE_SQL_MORTO
,,nao,nao,nao,PROVAVEL_DESCARTE_SQL_MORTO
,,nao,nao,nao,PROVAVEL_DESCARTE_SQL_MORTO
,,nao,nao,nao,PROVAVEL_DESCARTE_SQL_MORTO
,,nao,nao,nao,PROVAVEL_DESCARTE_SQL_MORTO
,,nao,nao,nao,PROVAVEL_DESCARTE_SQL_MORTO
,,nao,nao,nao,PROVAVEL_DESCARTE_SQL_MORTO
,,nao,nao,nao,PROVAVEL_DESCARTE_SQL_MORTO
,,nao,nao,nao,PROVAVEL_DESCARTE_SQL_MORTO
,,nao,nao,nao,PROVAVEL_DESCARTE_SQL_MORTO
,,nao,nao,nao,PROVAVEL_DESCARTE_SQL_MORTO
,,nao,nao,nao,PROVAVEL_DESCARTE_SQL_MORTO
,,nao,nao,nao,PROVAVEL_DESCARTE_SQL_MORTO
,,nao,nao,nao,PROVAVEL_DESCARTE_SQL_MORTO
,,nao,nao,nao,PROVAVEL_DESCARTE_SQL_MORTO
,,nao,nao,nao,PROVAVEL_DESCARTE_SQL_MORTO
,,nao,nao,nao,PROVAVEL_DESCARTE_SQL_MORTO
,,nao,nao,nao,PROVAVEL_DESCARTE_SQL_MORTO
,,nao,nao,nao,PROVAVEL_DESCARTE_SQL_MORTO
,,nao,nao,nao,PROVAVEL_DESCARTE_SQL_MORTO
,,nao,nao,nao,PROVAVEL_DESCARTE_SQL_MORTO
,,nao,nao,nao,PROVAVEL_DESCARTE_SQL_MORTO
,,nao,nao,nao,PROVAVEL_DESCARTE_SQL_MORTO
,,nao,nao,nao,PROVAVEL_DESCARTE_SQL_MORTO
,,nao,nao,nao,PROVAVEL_DESCARTE_SQL_MORTO
,,nao,nao,nao,PROVAVEL_DESCARTE_SQL_MORTO
,,nao,nao,nao,PROVAVEL_DESCARTE_SQL_MORTO
,,nao,nao,sim,NAO_VENDAVEL_LEI
,,nao,nao,sim,NAO_VENDAVEL_LEI
,,nao,nao,sim,NAO_VENDAVEL_LEI
,,nao,nao,sim,NAO_VENDAVEL_LEI
,,nao,nao,nao,PROVAVEL_DESCARTE_SQL_MORTO
,,nao,nao,nao,PROVAVEL_DESCARTE_SQL_MORTO
,,nao,nao,nao,PROVAVEL_DESCARTE_SQL_MORTO
,,nao,nao,nao,PROVAVEL_DESCARTE_SQL_MORTO
,,nao,nao,nao,PROVAVEL_DESCARTE_SQL_MORTO
0090000000,,nao,nao,sim,NAO_VENDAVEL_LEI
0010870000,,nao,nao,sim,NAO_VENDAVEL_LEI
0893200001,,nao,nao,sim,NAO_VENDAVEL_LEI
0110120000,,nao,nao,sim,NAO_VENDAVEL_LEI
0100040000,,sim,sim,sim,NAO_VENDAVEL_LEI
0000000000,,nao,nao,sim,NAO_VENDAVEL_LEI
0100690001,,sim,nao,sim,NAO_VENDAVEL_LEI
0361440000,,nao,nao,sim,NAO_VENDAVEL_LEI
0060000000,,nao,nao,sim,NAO_VENDAVEL_LEI
0950000000,,nao,nao,sim,NAO_VENDAVEL_LEI
2519990000,,nao,nao,sim,NAO_VENDAVEL_LEI
0050460000,,sim,sim,sim,NAO_VENDAVEL_LEI
0020590055,,nao,sim,sim,NAO_VENDAVEL_LEI
0620000000,,nao,nao,sim,NAO_VENDAVEL_LEI
0642070000,,nao,nao,sim,NAO_VENDAVEL_LEI
0050440116,,nao,nao,nao,PROVAVEL_DESCARTE_SQL_MORTO
,,nao,nao,nao,PROVAVEL_DESCARTE_SQL_MORTO
