origem,sq_ou_setor_quadra_lote_bruto,lote_bruto,endereco,distrito,n_processo,nome_bem
DECLARACAO_BIR,0001063,0005-9,"R Boa Vista, 293",Sé,6068.2023/0007467-7,
DECLARACAO_BIR,001062,00 11-9,"R Libero Badaró, 624 e 628",Sé,6068.2023/0005538-9,
DECLARACAO_BIR,006064,COND 16,"Av São Luiz, 84, 86 e 96",República,6068.2023/0003570-1,
CERTIDAO_BIR_CEDENTE,009015,COND 02,"Alameda Rio Claro, 190",Bela Vista,6068.2024/0007048-7,
CERTIDAO_BIR_CEDENTE,009015,COND 02,"Alameda Rio Claro, 190",Bela Vista,6068.2024/0012154-5,
CERTIDAO_BIR_CEDENTE,001023,Vila Inglesa,Rua Mauá - Vila Inglesa,Sé,6068.2024/0010644-9,
CERTIDAO_BIR_CEDENTE,001023,Vila Inglesa,Rua Mauá - Vila Inglesa,Sé,6068.2024/0010645-7,
CERTIDAO_BIR_CEDENTE,001023,Vila Inglesa,Rua Mauá - Vila Inglesa,Sé,6068.2024/0010659-7,
TOMBADO_CADASTRO,021/012/,,"AV FRANCISCO MATARAZZO, 455",BARRA FUNDA,1992-0.008.960-7,PARQUE ESTADUAL FERNANDO COSTA (ÁGUA BRANCA)
TOMBADO_CADASTRO,012/41/0039,0039,"AV POMPEIA, 1260",PERDIZES,2015-0.243.300-8,IGREJA NOSSA SENHORA DO ROSARIO DA POMPEIA
TOMBADO_CADASTRO,197/024/,,"AV DOUTOR NULLABRAÃO RIBEIRO, 313 C/ AV PRESIDENTE CASTELO BRANCO, S/N",BARRA FUNDA,2009-0.064.434-2 e 2017-0.144.142-6,FÓRUM CRIMINAL MÁRIO GUIMARÃES / FÓRUM DA BARRA FUNDA / OBRA DE FÁBIO PENTEADO E TERU TAMAKI / 1973 - ITEM 160 / EDIFICAÇÕES MODERNAS
TOMBADO_CADASTRO,209//,,"R STEFANO MAUSER, 661",PIRITUBA,2016-0.143.878-4,EDIFICAÇÃO À RUA STEFANO MAUSER / FUNDAÇÃO CENTRO DE ATENDIMENTO SOCIOEDUCACIONAL AO ADOLESCENTE / FUNDAÇÃO CASA-SP
TOMBADO_CADASTRO,209//,,"R STEFANO MAUSER, 661",PIRITUBA,2016-0.143.878-4,EDIFICAÇÃO À RUA STEFANO MAUSER / FUNDAÇÃO CENTRO DE ATENDIMENTO SOCIOEDUCACIONAL AO ADOLESCENTE / FUNDAÇÃO CASA-SP
TOMBADO_CADASTRO,209//,,"R STEFANO MAUSER, 661",PIRITUBA,2016-0.143.878-4,EDIFICAÇÃO À RUA STEFANO MAUSER / FUNDAÇÃO CENTRO DE ATENDIMENTO SOCIOEDUCACIONAL AO ADOLESCENTE / FUNDAÇÃO CASA-SP
TOMBADO_CADASTRO,209//,,"R STEFANO MAUSER, 661",PIRITUBA,2016-0.143.878-4,EDIFICAÇÃO À RUA STEFANO MAUSER / FUNDAÇÃO CENTRO DE ATENDIMENTO SOCIOEDUCACIONAL AO ADOLESCENTE / FUNDAÇÃO CASA-SP
TOMBADO_CADASTRO,209//,,"R STEFANO MAUSER, 661",PIRITUBA,2016-0.143.878-4,EDIFICAÇÃO À RUA STEFANO MAUSER / FUNDAÇÃO CENTRO DE ATENDIMENTO SOCIOEDUCACIONAL AO ADOLESCENTE / FUNDAÇÃO CASA-SP
TOMBADO_CADASTRO,209//,,"R STEFANO MAUSER, 661",PIRITUBA,2016-0.143.878-4,EDIFICAÇÃO À RUA STEFANO MAUSER / FUNDAÇÃO CENTRO DE ATENDIMENTO SOCIOEDUCACIONAL AO ADOLESCENTE / FUNDAÇÃO CASA-SP
TOMBADO_CADASTRO,209//,,"R STEFANO MAUSER, 661",PIRITUBA,2016-0.143.878-4,EDIFICAÇÃO À RUA STEFANO MAUSER / FUNDAÇÃO CENTRO DE ATENDIMENTO SOCIOEDUCACIONAL AO ADOLESCENTE / FUNDAÇÃO CASA-SP
TOMBADO_CADASTRO,209//,,"R STEFANO MAUSER, 661",PIRITUBA,2016-0.143.878-4,EDIFICAÇÃO À RUA STEFANO MAUSER / FUNDAÇÃO CENTRO DE ATENDIMENTO SOCIOEDUCACIONAL AO ADOLESCENTE / FUNDAÇÃO CASA-SP
TOMBADO_CADASTRO,209//,,"R STEFANO MAUSER, 661",PIRITUBA,2016-0.143.878-4,EDIFICAÇÃO À RUA STEFANO MAUSER / FUNDAÇÃO CENTRO DE ATENDIMENTO SOCIOEDUCACIONAL AO ADOLESCENTE / FUNDAÇÃO CASA-SP
TOMBADO_CADASTRO,209//,,"R STEFANO MAUSER, 661",PIRITUBA,2016-0.143.878-4,EDIFICAÇÃO À RUA STEFANO MAUSER / FUNDAÇÃO CENTRO DE ATENDIMENTO SOCIOEDUCACIONAL AO ADOLESCENTE / FUNDAÇÃO CASA-SP
TOMBADO_CADASTRO,082/517/,,"AV PROFESSOR MELLO DE MORAES, 2373",BUTANTÃ,2017-0.151.330-3,DEPARTAMENTO DE MINAS E DE PETRÓLEO DA UNIVERSIDADE DE SÃO PAULO / PROJETO DO ARQUITETO OSWALDO ARTHUR BRATKE
TOMBADO_CADASTRO,187/007/,,"R JOAQUIM ANTÔNIO ARRUDA, 218",PERUS,1989- 0.002.597-0; 2004-0.094.059-7,VILA TRIÂNGULO E FÁBRICA DE CIMENTO PERUS / BRITADOR (ITEM 5)
TOMBADO_CADASTRO,187/007/,,"R JOAQUIM ANTÔNIO ARRUDA, 218",PERUS,1989- 0.002.597-0; 2004-0.094.059-7,VILA TRIÂNGULO E FÁBRICA DE CIMENTO PERUS / BRITADOR (ITEM 5)
TOMBADO_CADASTRO,187/007/,,"R JOAQUIM ANTÔNIO ARRUDA, 218",PERUS,1989- 0.002.597-0; 2004-0.094.059-7,VILA TRIÂNGULO E FÁBRICA DE CIMENTO PERUS / CASARÃO DA FERROVIA
TOMBADO_CADASTRO,187/007/,,VL TRIÂNGULO,PERUS,1989- 0.002.597-0; 2004-0.094.059-7,VILA TRIÂNGULO E FÁBRICA DE CIMENTO PERUS
TOMBADO_CADASTRO,187/007/,,VL TRIÂNGULO,PERUS,1989- 0.002.597-0; 2004-0.094.059-7,VILA TRIÂNGULO E FÁBRICA DE CIMENTO PERUS
TOMBADO_CADASTRO,187/007/,,VL TRIÂNGULO,PERUS,1989- 0.002.597-0; 2004-0.094.059-7,VILA TRIÂNGULO E FÁBRICA DE CIMENTO PERUS
TOMBADO_CADASTRO,187/007/,,"R JOAQUIM ANTÔNIO ARRUDA, 218",PERUS,1989- 0.002.597-0; 2004-0.094.059-7,VILA TRIÂNGULO E FÁBRICA DE CIMENTO PERUS
TOMBADO_CADASTRO,187/007/,,"R JOAQUIM ANTÔNIO ARRUDA, 218",PERUS,1989- 0.002.597-0; 2004-0.094.059-7,VILA TRIÂNGULO E FÁBRICA DE CIMENTO PERUS / CASA DE TRÁFEGO (ITEM 14)
TOMBADO_CADASTRO,187/007/,,"R JOAQUIM ANTÔNIO ARRUDA, 218",PERUS,1989- 0.002.597-0; 2004-0.094.059-7,VILA TRIÂNGULO E FÁBRICA DE CIMENTO PERUS / BRITADOR (ITEM 5)
TOMBADO_CADASTRO,187/007/,,"R JOAQUIM ANTÔNIO ARRUDA, 218",PERUS,1989- 0.002.597-0; 2004-0.094.059-7,VILA TRIÂNGULO E FÁBRICA DE CIMENTO PERUS / DEPÓSITO DE CLINQUER (ITEM 21)
TOMBADO_CADASTRO,187/007/,,"R JOAQUIM ANTÔNIO ARRUDA, 218",PERUS,1989- 0.002.597-0,VILA TRIÂNGULO E FÁBRICA DE CIMENTO PERUS / REFEITÓRIO (ITEM 8)
TOMBADO_CADASTRO,187/007/,,"R JOAQUIM ANTÔNIO ARRUDA, 218",PERUS,1989- 0.002.597-0,VILA TRIÂNGULO E FÁBRICA DE CIMENTO PERUS / ESCRITÓRIO (ITEM 6)
TOMBADO_CADASTRO,187/007/,,"R JOAQUIM ANTÔNIO ARRUDA, 218",PERUS,1989- 0.002.597-0,VILA TRIÂNGULO E FÁBRICA DE CIMENTO PERUS / PORTARIA (ITEM 7)
TOMBADO_CADASTRO,011/108/,,"PC CHARLES MILLER, S/N C/ R DESEMBARGADOR PAULO PASSALÁQUA, S/N C/ R ITÁPOLIS, S/N C/ PC FAGUNDES VARELA, S/N C/ R CAPIVARI, S/N",CONSOLAÇÃO,1992-0.009.301-9; 1988-0.002.610-9,ESTÁDIO DO PACAEMBU / PRAÇA CHARLES MILLER
TOMBADO_CADASTRO,013//,,R ALVES GUIMARÃES C/ R CARDEAL ARCOVERDE,JARDIM PAULISTA,"6025.2022/0002288-3; 6025.2022/0002292-1;
6025.2022/0002647-1; 6025.2021/0027156-3 e 6025.2023/0000155-1","CONJUNTO DA ESCADARIA DA RUA ALVES GUIMARÃES (""ESCADARIA DAS BAILARINAS"")"
TOMBADO_CADASTRO,015//,,R DOUTOR PHIDIAS DE BARROS MONTEIRO,PINHEIROS,"6025.2022/0002288-3; 6025.2022/0002292-1;
6025.2022/0002647-1; 6025.2021/0027156-3 e 6025.2023/0000155-1",VILA CERQUEIRA CÉSAR / MANCHAS URBANAS DE CASARIO / MANCHA PASCOAL DEL GAIZO (D)
TOMBADO_CADASTRO,015//,,R PASCOAL DEL GAIZO,PINHEIROS,"6025.2022/0002288-3; 6025.2022/0002292-1;
6025.2022/0002647-1; 6025.2021/0027156-3 e 6025.2023/0000155-1",VILA CERQUEIRA CÉSAR / MANCHAS URBANAS DE CASARIO / MANCHA PASCOAL DEL GAIZO (D)
TOMBADO_CADASTRO,026/015/,,TV MARIA PARENTE MIGLIARI,BELÉM,6025.2019/0007640-6,"CONJUNTOS RESIDENCIAIS MOOCA / VILA MARIA PARENTE MIGLIARI
"
TOMBADO_CADASTRO,087//,,"AV DAS NAÇÕES UNIDAS, S/N C/ AV PADRE JOSÉ MARIA, S/N",SANTO AMARO,2009-0.064.434-2 e 2017-0.144.142-6,ESTAÇÃO FERROVIÁRIA SANTO AMARO / EDIFICAÇÕES MODERNAS INDICADAS COMO ZEPEC
TOMBADO_CADASTRO,005//,,,SÉ,2000-0.218.872-0 e 2007-0.209.235-1,PRAÇA JOÃO MENDES
TOMBADO_CADASTRO,013//,,R CRISTIANO VIANA C/ R CARDEAL ARCOVERDE,JARDIM PAULISTA,6025.2023/0000155-1 e 6025.2023/0036403-4,"VILA CERQUEIRA CÉSAR / MANCHAS URBANAS HETEROGÊNEAS / MANCHA ESCADARIA CRISTIANO VIANA (K) / ESCADARIA À RUA CRISTIANO VIANA (""ESCADÃO DA MARIELLE"")"
TOMBADO_CADASTRO,209//,,"R STEFANO MAUSER, 661",PIRITUBA,2016-0.143.878-4,CAPELA DE SANTA CRUZ DE PIRITUBA
TOMBADO_CADASTRO,301/074/,,"R MAJOR SYLVIO DE MAGALHÃES PADILHA, S/N",VILA ANDRADE,1990-0.003.695-0,CHÁCARA TANGARÁ - GLEBA C - PARQUE BURLE MARX
TOMBADO_CADASTRO,301/074/,,"R MAJOR SYLVIO DE MAGALHÃES PADILHA, S/N",VILA ANDRADE,1990-0.003.695-0,CHÁCARA TANGARÁ - GLEBA C - PARQUE BURLE MARX
TOMBADO_CADASTRO,301/072/,,"R MAJOR SYLVIO DE MAGALHÃES PADILHA, S/N",VILA ANDRADE,1990-0.003.695-0,CHÁCARA TANGARÁ - GLEBA A
TOMBADO_CADASTRO,301/073/,,"R MAJOR SYLVIO DE MAGALHÃES PADILHA, S/N",VILA ANDRADE,1990-0.003.695-0,CHÁCARA TANGARÁ - GLEBAS B
