sql_cedente,sq_cedente,lote_cedente,endereco_cedente,distrito_cedente,n_processo,n_declaracao,conservacao_art129,sql_receptor,sq_receptor,lote_receptor,endereco_receptor,distrito_receptor,n_certidao,ano_certidao,area_cedida_equivalente_m2,area_recebida_real_m2,data_publicacao,situacao,valor_pecuniario_rs,status_fundurb,base_periodo_fundurb_rs,fonte,sha256_fonte
2990140177,299014,0177-1,"Av Brigadeiro Faria Lima, 3477",Itaim Bibi,1995-0.017.263-1,-,-,2990140177,299014,0177-1,"Av Brigadeiro Faria Lima, 3477",Itaim Bibi,16/00-OU FL,2000,46098,46098,2000-09-20,DOCUMENTAL,,,,"DEUSO/SMUL — lista de Certidões de Transferência de Potencial Construtivo emitidas (Dec. 57.536/2016 Art. 12º), consolidação Agosto/2025",321f012aa6f6d2ea
0020590054,002059,0054-2,"Páteo do Colégio, 34",Sé,10-011.610-86-63,0001,-,0020730006,002073,0006 (atual 0013),R Roberto Simonsen,Sé,001/89,1989,3827.21,3827.21,1989-06-28,DOCUMENTAL,,,,"DEUSO/SMUL — lista de Certidões de Transferência de Potencial Construtivo emitidas (Dec. 57.536/2016 Art. 12º), consolidação Agosto/2025",321f012aa6f6d2ea
0010490235,001049,0235-3,"Largo São Bento, s/n",Sé,2016-0.232.665-3,0004/17 - 2a via,Atestado de Conservação 001/2016,0140500090,014050,"0090-2, 0496-7, 0086-4, 0085-6, 0084-8","R José Maria Lisboa, 745, 753, 757 / Av Nove de Julho, 3.123, 3.127 e 3.133",Jardim Paulista,008/17,2017,8107.37,6292,2017-12-14,DOCUMENTAL,,,,"DEUSO/SMUL — lista de Certidões de Transferência de Potencial Construtivo emitidas (Dec. 57.536/2016 Art. 12º), consolidação Agosto/2025",321f012aa6f6d2ea
0010490235,001049,0235-3,"Largo São Bento, s/n",Sé,2017-0.098.912-6,0004A/17,Atestado de Conservação 001/2016,0140390022,014039,"0022-1, 0023-1","Al Lorena, 870 e 878",Jardim Paulista,018/17,2017,1910.96,1511.79,2018-01-30,DOCUMENTAL,,,,"DEUSO/SMUL — lista de Certidões de Transferência de Potencial Construtivo emitidas (Dec. 57.536/2016 Art. 12º), consolidação Agosto/2025",321f012aa6f6d2ea
0010490235,001049,0235-3,"Largo São Bento, s/n",Sé,2017-0.155.948-6,0004B/17,Atestado de Conservação 001/2016,0360500012,036050,"0012-6, 0061-4, 0064-9","R Afonso de Freitas, 59/61 e 75/83",Vila Mariana,006/18,2018,4314.1400000000003,5537.23,2018-03-10,DOCUMENTAL,,,,"DEUSO/SMUL — lista de Certidões de Transferência de Potencial Construtivo emitidas (Dec. 57.536/2016 Art. 12º), consolidação Agosto/2025",321f012aa6f6d2ea
0010490235,001049,0235-3,"Largo São Bento, s/n",Sé,2015-0.169.394-4,0004C/18,Atestado de Conservação 001/2016,2990360011,299036,"001-1,0002-8,0003-6,0018-4,0019-2 e0020-6.","R Ministro Jesuíno Cardoso, 120, Itaim Bibi, Pinheiros",Itaim Bibi,011/18,2018,2127.37,1692.75,2018-05-16,DOCUMENTAL,,,,"DEUSO/SMUL — lista de Certidões de Transferência de Potencial Construtivo emitidas (Dec. 57.536/2016 Art. 12º), consolidação Agosto/2025",321f012aa6f6d2ea
0010490235,001049,0235-3,"Largo São Bento, s/n",Sé,2018-0.020.730-8,0004D/18,Atestado de Conservação 001/2016,0150440211,015044,0211-1,"R Cunha Gago, 444",Pinheiros,020/18,2018,3279.07,4392.97,2018-07-20,DOCUMENTAL,,,,"DEUSO/SMUL — lista de Certidões de Transferência de Potencial Construtivo emitidas (Dec. 57.536/2016 Art. 12º), consolidação Agosto/2025",321f012aa6f6d2ea
0010490235,001049,0235-3,"Largo São Bento, s/n",Sé,2018-0.037.953-2,0004E/18,Atestado de Conservação 001/2016,0090730362,009073,0362-5,"R Pamplona, 1004",Jardim Paulista,022/18,2018,4144.09,3057.51,2018-09-18,DOCUMENTAL,,,,"DEUSO/SMUL — lista de Certidões de Transferência de Potencial Construtivo emitidas (Dec. 57.536/2016 Art. 12º), consolidação Agosto/2025",321f012aa6f6d2ea
0010490235,001049,0235-3,"Largo São Bento, s/n",Sé,2018-0.064.423-6,0004F/18,Atestado de Conservação 001/2016,0860430014,086043,"0014-7, 0015-5, 0028-7, 0059-7 e 0060-0",R Otávio Tarquínio de Souza / R Sul / R Princesa Isabel,Campo Belo,003/19,2019,2101.46,2756.07,2019-01-16,DOCUMENTAL,,,,"DEUSO/SMUL — lista de Certidões de Transferência de Potencial Construtivo emitidas (Dec. 57.536/2016 Art. 12º), consolidação Agosto/2025",321f012aa6f6d2ea
0050030003,005003,0003-8,"Praça Patriarca, 49",Sé,7810.2018/0000558-2,0005/98,Termo de Compromisso 008/2018,0140180497,014018,0497-7,"Al Lorena, 1335",Jardim Paulista,028/18,2018,1632.8,779.01,2018-11-23,DOCUMENTAL,,,,"DEUSO/SMUL — lista de Certidões de Transferência de Potencial Construtivo emitidas (Dec. 57.536/2016 Art. 12º), consolidação Agosto/2025",321f012aa6f6d2ea
0080210843,008021,"0843, 0842, 0844","R Major Quedinho, 28, 44, 76",Santa Cecília,1998-0.084.005-2,0008,Termo de Compromisso nº 016-051/2001/EMURB/OUC,0720700018,072070,"0018-9, 0025-1, 0035-9, 0036-7, 0040-5, 0041-3, 0048-0, 0051-0, 0052-9, 0054-5, 0055-3, 0081-2, 0082-0","R Conselheiro Moreira de Barros, 1148 a 1218",Santana,002/03,2003,3367.14,3296.25,2003-04-15,DOCUMENTAL,,,,"DEUSO/SMUL — lista de Certidões de Transferência de Potencial Construtivo emitidas (Dec. 57.536/2016 Art. 12º), consolidação Agosto/2025",321f012aa6f6d2ea
0080530004,008053,0004,"Av São João, 1214, 1222, 1236, 1238",República,1998-0.093.770-6,0009,-,0420110416,042011,0416 a 0428,"R Afonso Celso, 171",Vila Mariana,003/01 SEMPLA,2001,2696.31,3580,2001-01-01,DOCUMENTAL,,,,"DEUSO/SMUL — lista de Certidões de Transferência de Potencial Construtivo emitidas (Dec. 57.536/2016 Art. 12º), consolidação Agosto/2025",321f012aa6f6d2ea
0070500009,007050,"0009, 0010, 0011","R Bento Freitas, 76, 86, 88",República,1998-0.241.812-9,0010,Termo de Compromisso nº 034-041/2001/EMURB/OUC,0450450090,045045,0090 a 0102,"Av Açocê, 562 / Al dos Anapurus, 500",Moema,004/01 SEMPLA,2001,2657.56,1600,2001-01-01,DOCUMENTAL,,,,"DEUSO/SMUL — lista de Certidões de Transferência de Potencial Construtivo emitidas (Dec. 57.536/2016 Art. 12º), consolidação Agosto/2025",321f012aa6f6d2ea
0010820014,001082,0014,"R Álvares Penteado, 112 / R da Quitanda, 18",Sé,1998-0.241.814-5,0011,-,0411500005,041150,"0005-8, 0006-6, 0007-4, 0008-2","Al dos Jurupis, 303 a 335",Moema,003/03,2003,2090.3000000000002,2566.71,2003-05-20,DOCUMENTAL,,,,"DEUSO/SMUL — lista de Certidões de Transferência de Potencial Construtivo emitidas (Dec. 57.536/2016 Art. 12º), consolidação Agosto/2025",321f012aa6f6d2ea
0050440116,005044,0116-5 (atual 0122-1),"R Conde de Sarzedas, 100",Sé,2002-0.048.049-5,0020,-,0050440116,005044,0116-5 (atual 0122-1),"R Conde de Sarzedas, 100",Sé,001/03,2003,19027,19027,2003-02-25,DOCUMENTAL,,,,"DEUSO/SMUL — lista de Certidões de Transferência de Potencial Construtivo emitidas (Dec. 57.536/2016 Art. 12º), consolidação Agosto/2025",321f012aa6f6d2ea
0330170013,033017,0013-6,"R Pirapitingui, 111",Liberdade,2009-0.230.658-4,0024A,-,0380190010,038019,"0010-1, 0011-8, 0031-2, 0032-0, 0033-9","R Apeninos, 429, 441, 451, 453 / R Gualaxos, 156, 166",Liberdade,003/09,2009,3117.78,1538,2009-08-28,DOCUMENTAL,,,,"DEUSO/SMUL — lista de Certidões de Transferência de Potencial Construtivo emitidas (Dec. 57.536/2016 Art. 12º), consolidação Agosto/2025",321f012aa6f6d2ea
0330170013,033017,0013-6,"R Pirapitingui, 111",Liberdade,2009-0.230.669-0,0024B,-,1030254805,103025,"4805-9, 4804-0,   4803-2, 4802-4, 4801-6, 4800-8","Av Guido Caloi, s/n",Jardim São Luís,005/09,2009,3346.3,9687.56,2009-12-08,DOCUMENTAL,,,,"DEUSO/SMUL — lista de Certidões de Transferência de Potencial Construtivo emitidas (Dec. 57.536/2016 Art. 12º), consolidação Agosto/2025",321f012aa6f6d2ea
0330170013,033017,0013-6,"R Pirapitingui, 111",Liberdade,2009-0.352.153-5,0024C,-,0691640008,069164,"0008-0, 0009-9, 0010-2, 0011-0, 0012-9, 0013-7, 0014-5, 0069-2, 0070-6","R Nunes Garcia, 114, 122 / R Conselheiro Saraiva, 207, 217, 223, 229, 241, 249, 253",Santana,002/10,2010,1310.67,1666,2010-03-18,DOCUMENTAL,,,,"DEUSO/SMUL — lista de Certidões de Transferência de Potencial Construtivo emitidas (Dec. 57.536/2016 Art. 12º), consolidação Agosto/2025",321f012aa6f6d2ea
0090190034,009019,0034-6,"R dos Franceses, 296",Bela Vista,2007-0.139.554-7,0025,-,0460110002,046011,"0002-1, 0031-3, 0072-0","R Visconde de Guaratiba, 301 / R Coronel Deraldo Jordão, 214, 218, 220, 228, 230, 234, 240",Cursino,001/08,2008,199.09,1246.32,2008-02-12,DOCUMENTAL,,,,"DEUSO/SMUL — lista de Certidões de Transferência de Potencial Construtivo emitidas (Dec. 57.536/2016 Art. 12º), consolidação Agosto/2025",321f012aa6f6d2ea
0090190034,009019,0034-6,"R dos Franceses, 296",Bela Vista,2008-0.115.978-0,0025A,-,0290100160,029010,"0160-2, 0161-0","R Prof Rodolfo São Tiago, 75",Belém,002/08,2008,1481.45,13340.49,2008-07-08,DOCUMENTAL,,,,"DEUSO/SMUL — lista de Certidões de Transferência de Potencial Construtivo emitidas (Dec. 57.536/2016 Art. 12º), consolidação Agosto/2025",321f012aa6f6d2ea
0090190034,009019,0034-6,"R dos Franceses, 296",Bela Vista,2008-0.210.871-3,0025B,-,0970090001,097009,0001-0,"Av Mofarrej, 1500",Vila Leopoldina,003/08,2008,944.16,4286.5,2008-08-16,DOCUMENTAL,,,,"DEUSO/SMUL — lista de Certidões de Transferência de Potencial Construtivo emitidas (Dec. 57.536/2016 Art. 12º), consolidação Agosto/2025",321f012aa6f6d2ea
0090190034,009019,0034-6,"R dos Franceses, 296",Bela Vista,2008-0.210.877-2,0025C,-,0970020010,097002,0010-8,"Av Mofarrej, 1130",Vila Leopoldina,004/08,2008,693.17,3147,2008-08-16,DOCUMENTAL,,,,"DEUSO/SMUL — lista de Certidões de Transferência de Potencial Construtivo emitidas (Dec. 57.536/2016 Art. 12º), consolidação Agosto/2025",321f012aa6f6d2ea
0070540001,007054,0001-8,"Av Higienópolis, 18",Consolação,2008-0.350.586-4,0026,-,0620800182,062080,0182-1,"R Coronel Gustavo Santiago, 251, 265, 281",Tatuapé,001/09,2009,1247.17,3195.74,2009-02-18,DOCUMENTAL,,,,"DEUSO/SMUL — lista de Certidões de Transferência de Potencial Construtivo emitidas (Dec. 57.536/2016 Art. 12º), consolidação Agosto/2025",321f012aa6f6d2ea
0070540001,007054,0001-8,"Av Higienópolis, 18",Consolação,2008-0.350.581-3,0026A,-,0621460006,062146,"0006-3, 0007-1, 0008-1, 0012-8, 0040-3, 0013-6, 0014-4","R Coronel Gustavo Santiago, 94",Tatuapé,002/09,2009,881.67,2246.75,2009-05-23,DOCUMENTAL,,,,"DEUSO/SMUL — lista de Certidões de Transferência de Potencial Construtivo emitidas (Dec. 57.536/2016 Art. 12º), consolidação Agosto/2025",321f012aa6f6d2ea
0070540001,007054,0001-8,"Av Higienópolis, 18",Consolação,2009-0.076.990-0,0026C,-,0980580009,098058,"0009-1, 0044-1, 0042-3, 0046-6, 0030-1, 0007-5, 0004-0, 0040-7, 0023-7, 0024-5, 0025-3, 0026-1, 0027-1, 0028-8, 0008-3","R Sacadura Cabral, 160, 186, 206 / R Gago Coutinho 363, 365, 379, 387/ R Guaricanga, 78",Lapa,004/10,2010,2977.95,3662.88,2010-05-15,DOCUMENTAL,,,,"DEUSO/SMUL — lista de Certidões de Transferência de Potencial Construtivo emitidas (Dec. 57.536/2016 Art. 12º), consolidação Agosto/2025",321f012aa6f6d2ea
0070540001,007054,0001-8,"Av Higienópolis, 18",Consolação,6068.2019/0004043-0,0026D,Termo de Compromisso 001/2018,0380840002,038084,"0002-1, 0003-1, 0019-6, 0020-1, 0021-8, 0022-6, 0023-4, 0024-2, 0025-0, 0035-8, 0036-6","R Carlos Petit, 205, 215 e 225 / R Joaquim Távora, 229 a 259",Vila Mariana,015/19,2019,"2.149,72",6238.74,2019-08-24,DOCUMENTAL,,,,"DEUSO/SMUL — lista de Certidões de Transferência de Potencial Construtivo emitidas (Dec. 57.536/2016 Art. 12º), consolidação Agosto/2025",321f012aa6f6d2ea
0070540001,007054,0001-8,"Av Higienópolis, 18",Consolação,6068.2018/0003180-4,0026E/18,Termo de Compromisso 001/2018,0210580021,021058,"0021-1, 0022-1, 0023-8, 0024-6, 0026-2, 0027-0, 0028-9, 0054-8, 0055-6, 0056-4, 0057-0, 0058-0, 0059-9, 0069-6","R Bartira, 996 a 1042 / R Apiacás, 285 a 269",Perdizes,032/18,2018,3265.07,8311.57,2019-01-23,DOCUMENTAL,,,,"DEUSO/SMUL — lista de Certidões de Transferência de Potencial Construtivo emitidas (Dec. 57.536/2016 Art. 12º), consolidação Agosto/2025",321f012aa6f6d2ea
0070540001,007054,0001-8,"Av Higienópolis, 18",Consolação,6068.2019/0001521-5,0026F/18,Termo de Compromisso 001/2018,0380720039,038072,"0039-8, 0040-1, 0041-1, 0042-8, 0043-6, 0044-4, 0045-2, 0046-0, 0047-9, 0048-7, 0049-5, 0050-9","R Gregório Serrão, 146, 152, 154, 160, 164, 166, 172, 182, 194, 204, 206, 214, 218, 232",Vila Mariana,007/19,2019,2260.4,8908.09,2019-06-26,DOCUMENTAL,,,,"DEUSO/SMUL — lista de Certidões de Transferência de Potencial Construtivo emitidas (Dec. 57.536/2016 Art. 12º), consolidação Agosto/2025",321f012aa6f6d2ea
0070540001,007054,0001-8,"Av Higienópolis, 18",Consolação,6066.2019/0006455-0,0026G/19,Termo de Compromisso 001/2018,0100230116,010023,"0116-5, 0117-3, 0058-4, 0057-6, 1534-4, 1346-5 e 0118-1","R da Consolação, 1559 a 1637 / R Bela Cintra, 306 a 314",Consolação,025/19,2019,4252.46,3834.84,2019-12-14,DOCUMENTAL,,,,"DEUSO/SMUL — lista de Certidões de Transferência de Potencial Construtivo emitidas (Dec. 57.536/2016 Art. 12º), consolidação Agosto/2025",321f012aa6f6d2ea
3060280040,306028,0040-1,"R Sóror Angélica, 364",Casa Verde,2009-0.363.850-5,0029,-,0874600001,087460,0001-1,"R Engenheiro Francisco Pitta, 702",Santo Amaro,001/09,2010,1663.14,1682.93,2010-03-02,DOCUMENTAL,,,,"DEUSO/SMUL — lista de Certidões de Transferência de Potencial Construtivo emitidas (Dec. 57.536/2016 Art. 12º), consolidação Agosto/2025",321f012aa6f6d2ea
0070540001,007054,0001-8,"Av Higienópolis, 18",Consolação,2009-0.273.045-9,0029,-,0472840224,047284,0224-1,"Al dos Tupinás, 33 / R José Líbero, 45",Saúde,006/09,2009,576.58000000000004,1424.16,2010-01-07,DOCUMENTAL,,,,"DEUSO/SMUL — lista de Certidões de Transferência de Potencial Construtivo emitidas (Dec. 57.536/2016 Art. 12º), consolidação Agosto/2025",321f012aa6f6d2ea
0401990208,040199,0208-9,"R Dr Mário Vicente, 1108",Ipiranga,2009-0.190.516-6,0030,-,0070050313,007005,"0313-7, 0314-5, 0315-3, 0316-1, 0317-1, 0318-8","Praça Marechal Deodoro, 13 / Av Angélica, 341",Santa Cecília,004/09,2009,2655.87,2223.84,2009-11-23,DOCUMENTAL,,,,"DEUSO/SMUL — lista de Certidões de Transferência de Potencial Construtivo emitidas (Dec. 57.536/2016 Art. 12º), consolidação Agosto/2025",321f012aa6f6d2ea
0401990208,040199,0208-9,"R Dr Mário Vicente, 1108",Ipiranga,2009-0.352.163-2,0030A,-,0100370068,010037,"0068-3, 0069-1, 0070-5, 0020-9, 0021-7, 0105-1","R da Consolação, 2232, 2238, 2240, 2244, 2246, Av Angélica, 2467, 2471, 2473, 2475, 2491",Consolação,003/10,2010,5180.45,2325,2010-03-30,DOCUMENTAL,,,,"DEUSO/SMUL — lista de Certidões de Transferência de Potencial Construtivo emitidas (Dec. 57.536/2016 Art. 12º), consolidação Agosto/2025",321f012aa6f6d2ea
0401990208,040199,0208-9,"R Dr Mário Vicente, 1108",Ipiranga,2010-0.139.825-0,0030B,-,0360030101,036003,"0101-2, 0102-0, 0103-9","Av Brigadeiro Luís Antonio, 2543, 2567, 2571",Vila Mariana,005/10,2010,3428.57,1440,2010-07-20,DOCUMENTAL,,,,"DEUSO/SMUL — lista de Certidões de Transferência de Potencial Construtivo emitidas (Dec. 57.536/2016 Art. 12º), consolidação Agosto/2025",321f012aa6f6d2ea
0401990208,040199,0208-9,"R Dr Mário Vicente, 1108",Ipiranga,2010-0.185.004-8,0030C,-,0280250025,028025,"0025-2, 0011-2","R Leocádia Cintra, 66 / R Orville Derby, 277",Mooca,006/10,2010,2465.04,4880.79,2010-08-27,DOCUMENTAL,,,,"DEUSO/SMUL — lista de Certidões de Transferência de Potencial Construtivo emitidas (Dec. 57.536/2016 Art. 12º), consolidação Agosto/2025",321f012aa6f6d2ea
0401990208,040199,0208-9,"R Dr Mário Vicente, 1108",Ipiranga,2010-0.260.522-5,0030D,-,0280630045,028063,0045-2,"R Borges de Figueiredo, 1325",Mooca,008/10,2010,4055.93,4657.43,2010-11-17,DOCUMENTAL,,,,"DEUSO/SMUL — lista de Certidões de Transferência de Potencial Construtivo emitidas (Dec. 57.536/2016 Art. 12º), consolidação Agosto/2025",321f012aa6f6d2ea
0401990208,040199,0208-9,"R Dr Mário Vicente, 1108",Ipiranga,2010-0.322.099-8,0030E,-,0980510060,098051,"0060-1, 0061-8","R John Harrison, 299, 323",Lapa,001/11,2011,1008.06,850,2011-02-01,DOCUMENTAL,,,,"DEUSO/SMUL — lista de Certidões de Transferência de Potencial Construtivo emitidas (Dec. 57.536/2016 Art. 12º), consolidação Agosto/2025",321f012aa6f6d2ea
0401990208,040199,0208-9,"R Dr Mário Vicente, 1108",Ipiranga,2011-0.031.287-7,0030F,-,0874710228,087471,0228-4,"Av Nações Unidas, 2003",Santo Amaro,004/11,2011,19202.439999999999,12984.69,2011-09-03,DOCUMENTAL,,,,"DEUSO/SMUL — lista de Certidões de Transferência de Potencial Construtivo emitidas (Dec. 57.536/2016 Art. 12º), consolidação Agosto/2025",321f012aa6f6d2ea
0401990208,040199,0208-9,"R Dr Mário Vicente, 1108",Ipiranga,2012-0.085.741-7,0030G,-,0330060175,033006,"0175-4, 0174-6","Av Liberdade, 978 a 992 / R Barão de Ijuí, 293 a 311",Liberdade,006/12,2012,7949.17,2022.27,2012-06-26,DOCUMENTAL,,,,"DEUSO/SMUL — lista de Certidões de Transferência de Potencial Construtivo emitidas (Dec. 57.536/2016 Art. 12º), consolidação Agosto/2025",321f012aa6f6d2ea
0860910003,086091,0003-0,"R Barão de Jaceguai, 1149 e 1151",Campo Belo,2010-0.157.677-9,0032,-,0090840001,009084,"0001-2, 0002-0, 0042-1, 0043-8, 0044-6, 0045-4, 0046-2","Al Campinas, 802, 816 / Al Itu, 01, 05, 09, 11, 15, 17",Jardim Paulista,007/10,2010,682.35,548,2010-09-24,DOCUMENTAL,,,,"DEUSO/SMUL — lista de Certidões de Transferência de Potencial Construtivo emitidas (Dec. 57.536/2016 Art. 12º), consolidação Agosto/2025",321f012aa6f6d2ea
0860910003,086091,0003-0,"R Barão de Jaceguai, 1149 e 1151",Campo Belo,2010-0.328.634-4,0032A,-,0090800052,009080,"0052-9, 0053-7","R Carlos Sampaio, 75 e 83",Bela Vista,002/11,2011,640.61,436.07,2011-02-12,DOCUMENTAL,,,,"DEUSO/SMUL — lista de Certidões de Transferência de Potencial Construtivo emitidas (Dec. 57.536/2016 Art. 12º), consolidação Agosto/2025",321f012aa6f6d2ea
0860910003,086091,0003-0,"R Barão de Jaceguai, 1149 e 1151",Campo Belo,2011-0.142.763-5,0032B,-,0090840008,009084,0008-9,"R Teixeira da Silva, 54",Jardim Paulista,003/11,2011,668.83,595,2011-07-27,DOCUMENTAL,,,,"DEUSO/SMUL — lista de Certidões de Transferência de Potencial Construtivo emitidas (Dec. 57.536/2016 Art. 12º), consolidação Agosto/2025",321f012aa6f6d2ea
0860910003,086091,0003-0,"R Barão de Jaceguai, 1149 e 1151",Campo Belo,2012-0.145.595-9,0032C,-,0800030123,080003,0123,"R Bela Nápoles, 97",Vila Leopoldina,005/12,2012,182.4,323.39999999999998,2012-11-30,DOCUMENTAL,,,,"DEUSO/SMUL — lista de Certidões de Transferência de Potencial Construtivo emitidas (Dec. 57.536/2016 Art. 12º), consolidação Agosto/2025",321f012aa6f6d2ea
0090510021,009051,0021-2,"Al Joaquim Eugênio de Lima, 159",Bela Vista,2011-0.147.017-4,0033,-,0330130076,033013,"0076, 0077, 0078, 0079, 0080, 0081, 0082, 0083, 0306","R Vergueiro, 360, 366, 368, 376, 378, 384",Liberdade,005/11,2011,393.92,853.12,2011-09-27,DOCUMENTAL,,,,"DEUSO/SMUL — lista de Certidões de Transferência de Potencial Construtivo emitidas (Dec. 57.536/2016 Art. 12º), consolidação Agosto/2025",321f012aa6f6d2ea
0090510021,009051,0021-2,"Al Joaquim Eugênio de Lima, 159",Bela Vista,2012-0.262.702-8,0033A,-,0360110010,036011,"0010, 0011, 0012, 0013, 0014, 0015, 0016, 0017, 0018, 0019","R Otávio Nébias, 57, 103",Vila Mariana,009/12,2012,443.22,735.75,2012-12-10,DOCUMENTAL,,,,"DEUSO/SMUL — lista de Certidões de Transferência de Potencial Construtivo emitidas (Dec. 57.536/2016 Art. 12º), consolidação Agosto/2025",321f012aa6f6d2ea
0090510021,009051,0021-2,"Al Joaquim Eugênio de Lima, 159",Bela Vista,2012-0.321.812-1,0033B,-,0070100024,007010,"0024-4, 0578-5","Av Angélica, 525 / R Barão de Tatuí, 200",Santa Cecília,002/13,2013,415.5,730.15,2013-05-08,DOCUMENTAL,,,,"DEUSO/SMUL — lista de Certidões de Transferência de Potencial Construtivo emitidas (Dec. 57.536/2016 Art. 12º), consolidação Agosto/2025",321f012aa6f6d2ea
0400840051,040084,0051-6,"Av Nazaré, 366",Ipiranga,2013-0.170.644-9,0034,-,0150460016,015046,"0016, 0011, 0012","R dos Pinheiros, 1166, 1152, 1156 / Rua Pedroso de Morais, 251, 161",Pinheiros,006/13,2013,743.99,619,2013-09-25,DOCUMENTAL,,,,"DEUSO/SMUL — lista de Certidões de Transferência de Potencial Construtivo emitidas (Dec. 57.536/2016 Art. 12º), consolidação Agosto/2025",321f012aa6f6d2ea
0400840051,040084,0051-6,"Av Nazaré, 366",Ipiranga,2012-0.321.812-1,0034A,-,0070100024,007010,"0024-4, 0578-5","Av Angélica, 525 / R Barão de Tatuí, 200",Santa Cecília,002/13,2013,639.28,412.4,2013-05-08,DOCUMENTAL,,,,"DEUSO/SMUL — lista de Certidões de Transferência de Potencial Construtivo emitidas (Dec. 57.536/2016 Art. 12º), consolidação Agosto/2025",321f012aa6f6d2ea
0420250030,042025,0030,"R Berta, 48",Vila Mariana,2011-0.306.321-5,0035,-,0360030082,036003,"0082-2, 0084-9","Av Brigadeiro Luis Antônio, 2707",Vila Mariana,001/12,2012,399.34,222.43,2012-03-10,DOCUMENTAL,,,,"DEUSO/SMUL — lista de Certidões de Transferência de Potencial Construtivo emitidas (Dec. 57.536/2016 Art. 12º), consolidação Agosto/2025",321f012aa6f6d2ea
0840030017,084003,0017,"Av Lopes de Azevedo, 265",Morumbi,2011-0.306.308-8,0036,-,0730610019,073061,0019-1,"R Olavo Egídio, 554 e 564",Santana,002/12,2012,260.43,450,2012-03-10,DOCUMENTAL,,,,"DEUSO/SMUL — lista de Certidões de Transferência de Potencial Construtivo emitidas (Dec. 57.536/2016 Art. 12º), consolidação Agosto/2025",321f012aa6f6d2ea
0842380001,084238,0001,"Av São Valério, 505",Morumbi,2012-0.099.177-6,0038,-,0800030123,080003,0123,"R Bela Nápoles, 97",Vila Leopoldina,007/12,2012,325.13,516.27,2012-12-05,DOCUMENTAL,,,,"DEUSO/SMUL — lista de Certidões de Transferência de Potencial Construtivo emitidas (Dec. 57.536/2016 Art. 12º), consolidação Agosto/2025",321f012aa6f6d2ea
0090510028,009051,0028-1,"Al Joaquim Eugênio de Lima, 61",Bela Vista,2012-0.139.517-4,0039,-,1000740001,100074,"001, 0030, 0032, 0033, 0042, 0043, 0050, 0080, 0081","R Cavour, 95 e 110",Vila Prudente,008/12,2012,375.88,2994.31,2012-07-13,DOCUMENTAL,,,,"DEUSO/SMUL — lista de Certidões de Transferência de Potencial Construtivo emitidas (Dec. 57.536/2016 Art. 12º), consolidação Agosto/2025",321f012aa6f6d2ea
0090510028,009051,0028-1,"Al Joaquim Eugênio de Lima, 61",Bela Vista,2012-0.301.242-6,0039A,-,0090860075,009086,"0075, 0024","Al Fernão Cardim, 70, 84",Jardim Paulista,010/12,2012,326.74,456,2012-12-29,DOCUMENTAL,,,,"DEUSO/SMUL — lista de Certidões de Transferência de Potencial Construtivo emitidas (Dec. 57.536/2016 Art. 12º), consolidação Agosto/2025",321f012aa6f6d2ea
0090510028,009051,0028-1,"Al Joaquim Eugênio de Lima, 61",Bela Vista,6068.2017/0000743-0,0039B/13,-,1001090059,100109,"0059-3, 0060-7, 0061-5, 0062-3, 0063-1, 0064-1, 0065-8, 0070-4","Av Paes de Barros, 3399/ R Capitão Pacheco Chaves, 1.209/ R Cervantes",Vila Prudente,001/18,2018,612.92999999999995,4486.3900000000003,2018-03-17,DOCUMENTAL,,,,"DEUSO/SMUL — lista de Certidões de Transferência de Potencial Construtivo emitidas (Dec. 57.536/2016 Art. 12º), consolidação Agosto/2025",321f012aa6f6d2ea
0090510028,009051,0028-1,"Al Joaquim Eugênio de Lima, 61",Bela Vista,2013-0.075.030-4,0039C,-,0100320021,010032,"0021-4, 0022-2, 0023-0, 0024-9","R Bela Cintra, 461, 465, 473",Consolação,004/13,2013,629.12,1335,2013-05-22,DOCUMENTAL,,,,"DEUSO/SMUL — lista de Certidões de Transferência de Potencial Construtivo emitidas (Dec. 57.536/2016 Art. 12º), consolidação Agosto/2025",321f012aa6f6d2ea
0090510028,009051,0028-1,"Al Joaquim Eugênio de Lima, 61",Bela Vista,2013-0.150.225-8,0039D,-,0621390002,062139,"0002-0, 0003-9, 0004-7, 0010-1, 0037-3, 0043-8, 0044-6, 0045-4, 0046-2","R Melo Peixoto, 397, 405, 409 / R Dr Ernesto Mariano, 322 / R Dr Jorge Ramos, 109, 125, 131, 137, 143",Tatuapé,007/13,2013,239.02,1584.75,2013-09-25,DOCUMENTAL,,,,"DEUSO/SMUL — lista de Certidões de Transferência de Potencial Construtivo emitidas (Dec. 57.536/2016 Art. 12º), consolidação Agosto/2025",321f012aa6f6d2ea
0090510028,009051,0028-1,"Al Joaquim Eugênio de Lima, 61",Bela Vista,2013-0.320.727-0,0039E,-,0621390035,062139,"0035-7, 0038-1","R Dr Jorge Ramos, 95, 117",Tatuapé,001/14,2014,46.45,317.35000000000002,2014-04-02,DOCUMENTAL,,,,"DEUSO/SMUL — lista de Certidões de Transferência de Potencial Construtivo emitidas (Dec. 57.536/2016 Art. 12º), consolidação Agosto/2025",321f012aa6f6d2ea
0090540012,009054,0012-7,"Av Brigadeiro Luis Antônio, 1573",Bela Vista,2017-0.148.523-7,0040,Termo de Compromisso 002/2016,2000430011,200043,"0011-2, 0010-4, 0031-7, 0030-9, 0006-6","R Camargo, 426 e 440",Butantã,016/17,2017,1169.1600000000001,5831.7,2018-01-10,DOCUMENTAL,,,,"DEUSO/SMUL — lista de Certidões de Transferência de Potencial Construtivo emitidas (Dec. 57.536/2016 Art. 12º), consolidação Agosto/2025",321f012aa6f6d2ea
0420250026,042025,"0026, 0027, 0028, 0029","R Berta, 58, 60, 70, 72",Vila Mariana,2012-0.337.412-3,"0043, 0044, 0045, 0046",-,0360480012,036048,"0012-9, 0013-7, 0015-3, 0016-1, 0026-9","R Tomas Carvalhal, 380, 406 / R Afonso de Freitas, 349",Vila Mariana,001/13,2013,1551,917.88,2013-03-07,DOCUMENTAL,,,,"DEUSO/SMUL — lista de Certidões de Transferência de Potencial Construtivo emitidas (Dec. 57.536/2016 Art. 12º), consolidação Agosto/2025",321f012aa6f6d2ea
0401150019,040115,0019-4,"R Dom Luiz Lasanha, 300",Ipiranga,2013-0.115.011-4,0049,-,0100810658,010081,0658-4,"Al Santos, 1826",Jardim Paulista,005/13,2013,5964.21,1200,2013-09-25,DOCUMENTAL,,,,"DEUSO/SMUL — lista de Certidões de Transferência de Potencial Construtivo emitidas (Dec. 57.536/2016 Art. 12º), consolidação Agosto/2025",321f012aa6f6d2ea
0401150019,040115,0019-4,"R Dom Luiz Lasanha, 300",Ipiranga,6068.2018/0000331-2,0049A/13,Termo de Compromisso 007/2016,0300680001,030068,"0001-1, 0002-8, 0003-6, 0004-4, 0005-2, 0006-0, 0008-7, 0011-7, 0012-5, 0013-3, 0014-1, 0015-1, 0030-3, 0031-1, 0032-1, 0033-8, 0034-6, 0035-4, 0036-2 e 0039-7","R Bom Sucesso, 366, R Ipojuca, 81 / R Padre Adelino, 1811",Tatuapé,010/18,2018,5889.03,12063.92,2018-07-06,DOCUMENTAL,,,,"DEUSO/SMUL — lista de Certidões de Transferência de Potencial Construtivo emitidas (Dec. 57.536/2016 Art. 12º), consolidação Agosto/2025",321f012aa6f6d2ea
0401150019,040115,0019-4,"R Dom Luiz Lasanha, 300",Ipiranga,2017-0.075.928-7,0049B/16,Termo de Compromisso 007/2016,0140560084,014056,0084-5,"Av Nove de Julho, 3624, 3634, 3666",Jardim Paulista,011/17,2017,9463.09,3467.02,2017-11-11,DOCUMENTAL,,,,"DEUSO/SMUL — lista de Certidões de Transferência de Potencial Construtivo emitidas (Dec. 57.536/2016 Art. 12º), consolidação Agosto/2025",321f012aa6f6d2ea
0401150019,040115,0019-4,"R Dom Luiz Lasanha, 300",Ipiranga,6068.2018/0000686-9,0049C/17,Termo de Compromisso 007/2016,0472260627,047226,0627-7,"Av Jabaquara, s/n / R Pan-Americana, s/n / R Domingos, s/n",Saúde,013/18,2018,4739.4399999999996,7477.23,2018-06-05,DOCUMENTAL,,,,"DEUSO/SMUL — lista de Certidões de Transferência de Potencial Construtivo emitidas (Dec. 57.536/2016 Art. 12º), consolidação Agosto/2025",321f012aa6f6d2ea
0090190092,009019,0092-3,"R dos Franceses, 350",Bela Vista,6068.2017/0000834-7,0050/13 (2a via),Atestado de Conservação 004/2016,0360100029,036010,0029-6,"Al Santos, 86",Vila Mariana,004/18,2018,4180.01,3988.48,2018-06-19,DOCUMENTAL,,,,"DEUSO/SMUL — lista de Certidões de Transferência de Potencial Construtivo emitidas (Dec. 57.536/2016 Art. 12º), consolidação Agosto/2025",321f012aa6f6d2ea
0401250058,040125,0058-9,"R Moreira de Godói, 312",Ipiranga,2013-0.242.197-9,0051,Termo de Compromisso 005/2016,0090631384,009063,1384-8,"Av Brigadeiro Luís Antônio, 2396",Jardim Paulista,006/14,2014,9600.3700000000008,1843.27,2014-04-02,DOCUMENTAL,,,,"DEUSO/SMUL — lista de Certidões de Transferência de Potencial Construtivo emitidas (Dec. 57.536/2016 Art. 12º), consolidação Agosto/2025",321f012aa6f6d2ea
0401250058,040125,0058-9,"R Moreira de Godói, 312",Ipiranga,6068.2018/0000872-1,0051A/14,Termo de Compromisso 005/2016,0390400003,039040,"0003-8, 0004-6, 0008-9, 0009-7, 0010-0, 0011-9, 0122-0, 0123-9, 0124-7, 0125-5,  0138-7, 0134-4, 0138-7, 0134-4, 0237-5 (119-0/121-2/119-0), 0244-8 (0244-8/0139-5/ 0007-0), 0126-3, 0127-1 e  0141-7","R Toledo Barbosa, 254/ R Álvaro , 463 e outros",Vila Mariana,019/18,2018,2390.17,13985.42,2018-08-18,DOCUMENTAL,,,,"DEUSO/SMUL — lista de Certidões de Transferência de Potencial Construtivo emitidas (Dec. 57.536/2016 Art. 12º), consolidação Agosto/2025",321f012aa6f6d2ea
0401250058,040125,0058-9,"R Moreira de Godói, 312",Ipiranga,6068.2018/0000472-6,0051B/17,Termo de Compromisso 005/2016,0411040020,041104,0020-1 e 0034-1,"Av Ibirapuera, 1753, 1757 e 1761",Moema,015/18,2018,6244.5,3010.09,2018-08-17,DOCUMENTAL,,,,"DEUSO/SMUL — lista de Certidões de Transferência de Potencial Construtivo emitidas (Dec. 57.536/2016 Art. 12º), consolidação Agosto/2025",321f012aa6f6d2ea
0090420023,009042,0023-1,"Av Brigadeiro Luis Antônio, 1300",Bela Vista,2014-0.142.582-4,0052,Atestado de Conservação 002/2017,0090631432,009063,1432-1,"Al Santos, 800",Jardim Paulista,001/15,2015,594.11,706,2015-09-30,DOCUMENTAL,,,,"DEUSO/SMUL — lista de Certidões de Transferência de Potencial Construtivo emitidas (Dec. 57.536/2016 Art. 12º), consolidação Agosto/2025",321f012aa6f6d2ea
0090420023,009042,0023-1,"Av Brigadeiro Luis Antônio, 1300",Bela Vista,2017-0.134.551-6,0052A,Atestado de Conservação 002/2017,0570180001,057018,"0001-6, 0002-4, 0082-2, 0083-0, 0091-1, 0092-1","R Dr Suzano Brandão, 820, 832, 842, 844 e 846",Vila Matilde,013/17,2017,635.89,5379.03,2017-10-18,DOCUMENTAL,,,,"DEUSO/SMUL — lista de Certidões de Transferência de Potencial Construtivo emitidas (Dec. 57.536/2016 Art. 12º), consolidação Agosto/2025",321f012aa6f6d2ea
3000320012,300032,0012-1,"Av Morumbi, 4077",Morumbi,6068.2021/0005047-2,053/19 2ª via,Termo de Compromisso 007/2021,0161280041,016128,0041-6,"R Groelândia, 77",Jardim Paulista,012/21,2021,9331.15,2106.14,2021-10-16,DOCUMENTAL,,,,"DEUSO/SMUL — lista de Certidões de Transferência de Potencial Construtivo emitidas (Dec. 57.536/2016 Art. 12º), consolidação Agosto/2025",321f012aa6f6d2ea
3000320012,300032,0012-1,"Av Morumbi, 4077",Morumbi,6068.2023/0000241-2,053A/21,Termo de Compromisso 007/2021,,,,,,003/23,2023,3223,2493.84,2023-05-30,DOCUMENTAL,,,,"DEUSO/SMUL — lista de Certidões de Transferência de Potencial Construtivo emitidas (Dec. 57.536/2016 Art. 12º), consolidação Agosto/2025",321f012aa6f6d2ea
3000320012,300032,0012-1,"Av Morumbi, 4077",Morumbi,6068.2023/0005296-7,053B/23,Termo de Compromisso 007/2021,0851150002,085115,"0002-2, 0014-6, 0015-4, 0034-0, 0035-9, 0036-7, 0051-0","R Luisiania, 139, 147, 157, 185, R Nebraska, 220, 222, Av Portugal, 220",Itaim Bibi,009/23,2023,6832.85,8974.7800000000007,2023-10-06,DOCUMENTAL,,,,"DEUSO/SMUL — lista de Certidões de Transferência de Potencial Construtivo emitidas (Dec. 57.536/2016 Art. 12º), consolidação Agosto/2025",321f012aa6f6d2ea
0400510007,040051,0007-4,"R Costa Aguiar, 1055",Ipiranga,2013-0.320.692-3,0054,-,0300240002,030024,"0002-5, 0058-0, 0003-3, 0004-1, 0057-2, 0064-5","R Almirante Calheiros, 398, 406, 418, 396 / R Henrique Sertório, 399 / R Cristais, 183",Tatuapé,003/14,2014,2750.75,3009.33,2014-05-15,DOCUMENTAL,,,,"DEUSO/SMUL — lista de Certidões de Transferência de Potencial Construtivo emitidas (Dec. 57.536/2016 Art. 12º), consolidação Agosto/2025",321f012aa6f6d2ea
0400510007,040051,0007-4,"R Costa Aguiar, 1055",Ipiranga,6068.2018/0000095-0,0054A,-,0290520012,029052,"0012-1, 0013-8, 0014-6, 0015-4, 0016-1, 0060-1, 0061-8, 0062-6, 0063-4, 0065-0, 0066-9, 0067-7","R Serra da Bocaina, 5547, 5573 / R Carlos del Prete, 35, 89",Belém,007/18,2018,2383.9,7011.95,2018-04-14,DOCUMENTAL,,,,"DEUSO/SMUL — lista de Certidões de Transferência de Potencial Construtivo emitidas (Dec. 57.536/2016 Art. 12º), consolidação Agosto/2025",321f012aa6f6d2ea
,,,"Rua Gabriel dos Santos, 196, 214",Sé,6068.2024/0010765-8,0056/14,Atestado de Conservação 002/2023,0130410022,013041,"0022-7, 0023-5, 0024-3, 0025-1, 0026-1","Rua Cristiano Viana, 119, 127, 131, 145, 155",Pinheiros,010/24,2024,780.45,739.05,2025-01-17,DOCUMENTAL,,,,"DEUSO/SMUL — lista de Certidões de Transferência de Potencial Construtivo emitidas (Dec. 57.536/2016 Art. 12º), consolidação Agosto/2025",321f012aa6f6d2ea
0200950021,020095,0021-0,"Av Angélica, 1212",Consolação,2017-0.026.486-5,0058/14,Termo de Compromisso 006/2016,0930400004,093040,"0004-1, 0033-5","R Marcílio Dias, 311,317",Socorro,004/17,2017,541.71,11710.18,2017-04-04,DOCUMENTAL,,,,"DEUSO/SMUL — lista de Certidões de Transferência de Potencial Construtivo emitidas (Dec. 57.536/2016 Art. 12º), consolidação Agosto/2025",321f012aa6f6d2ea
0200950021,020095,0021-0,"Av Angélica, 1212",Consolação,6068.2017/0000733-2,0058A/17,Atestado de Conservação s/n/2017,0220240002,022024,"0002-8, 0003-6, 0004-4, 0005-2, 0006-0, 0007-9, 0008-7, 0009-5, 0010-9, 0071-0, 0072-9, 0073-7, 0074-5, 0075-3, 0076-1, 0078-8, 0079-6, 0080-1, 0081-8, 0130-1, 0131-8",R Dr Miranda de Azevedo,Lapa,005/18,2018,1597.68,10027.51,2018-03-17,DOCUMENTAL,,,,"DEUSO/SMUL — lista de Certidões de Transferência de Potencial Construtivo emitidas (Dec. 57.536/2016 Art. 12º), consolidação Agosto/2025",321f012aa6f6d2ea
0090420022,009042,0022-1,"Av Brigadeiro Luis Antônio, 1308",Bela Vista,6068.2018/0002497-2,0064/15,Termo de Compromisso 006/2018,0411040020,041104,0020-1 e 0034-1,"Av Ibirapuera, 1753, 1757 e 1761",Moema,030/18,2018,300,254.96,2019-01-10,DOCUMENTAL,,,,"DEUSO/SMUL — lista de Certidões de Transferência de Potencial Construtivo emitidas (Dec. 57.536/2016 Art. 12º), consolidação Agosto/2025",321f012aa6f6d2ea
2000580001,200058,0001-1,"Av Lineu de Paula Machado, 1263",Morumbi,6068.2018/0001994-4,0065/15,Termo de Compromisso 008/2016,0360880007,036088,0007-7 e 0008-5,"Av Brigadeiro Luiz Antônio, 4631 e 4643",Moema,024/18,2018,8442.41,847.37,2018-12-22,DOCUMENTAL,,,,"DEUSO/SMUL — lista de Certidões de Transferência de Potencial Construtivo emitidas (Dec. 57.536/2016 Art. 12º), consolidação Agosto/2025",321f012aa6f6d2ea
2000580001,200058,0001-1,"Av Lineu de Paula Machado, 1263",Morumbi,6066.2019/0005896-7,0065A/18,Termo de Compromisso 008/2016,0100230116,010023,"0116-5, 0117-3, 0058-4, 0057-6, 1534-4, 1346-5 e 0118-1","R da Consolação, 1559 a 1637 / R Bela Cintra, 306 a 314",Consolação,023/19,2019,41557.589999999997,9999.56,2019-12-14,DOCUMENTAL,,,,"DEUSO/SMUL — lista de Certidões de Transferência de Potencial Construtivo emitidas (Dec. 57.536/2016 Art. 12º), consolidação Agosto/2025",321f012aa6f6d2ea
2000580001,200058,0001-1,"Av Lineu de Paula Machado, 1263",Morumbi,6068.2021/0000128-5,0065B/19,Termo de Compromisso 008/2016,2000420019,200042,"0019-3, 0020-7, 0021-5, 0022-3, 0023-1, 0024-1, 0025-8","R Estevão Lopes, 136, 144, 156, 166, 182, 172 e 206",Butantã,007/21,2021,5541.28,9407.67,2021-09-16,DOCUMENTAL,,,,"DEUSO/SMUL — lista de Certidões de Transferência de Potencial Construtivo emitidas (Dec. 57.536/2016 Art. 12º), consolidação Agosto/2025",321f012aa6f6d2ea
2000580001,200058,0001-1,"Av Lineu de Paula Machado, 1263",Morumbi,6068.2022/0002481-3,0065B/19,Termo de Compromisso 008/2016,2000420019,200042,"0019-3, 0020-7, 0021-5, 0022-3, 0023-1, 0024-1, 0025-8","R Eestevão Lopes, 136, 144, 156, 166, 182, 172 e 206",Butantã,002/24,2024,5541.28,10650.34,2024-07-10,DOCUMENTAL,,,,"DEUSO/SMUL — lista de Certidões de Transferência de Potencial Construtivo emitidas (Dec. 57.536/2016 Art. 12º), consolidação Agosto/2025",321f012aa6f6d2ea
2000580001,200058,0001-1,"Av Lineu de Paula Machado, 1263",Morumbi,6068.2021/0012245-7,0065C/21,Termo de Compromisso 008/2016,0970050013,097005,0013-6,"Av Mofarej, 971",Vila Leopoldina,001/22,2022,45373.34,22467.69,2022-04-27,DOCUMENTAL,,,,"DEUSO/SMUL — lista de Certidões de Transferência de Potencial Construtivo emitidas (Dec. 57.536/2016 Art. 12º), consolidação Agosto/2025",321f012aa6f6d2ea
0401060026,040106,0026-8,"Av Nazaré, 711",Ipiranga,2016-0.167.694-4,0066/15,Termo de Compromisso 003/2016,1001090058,100109,"0058-5, 0059-3, 0060-7, 0061-5, 0062-3, 0063-1, 0064-1, 0065-8, 0070-4, 0114-1, 0115-8","Av Paes de Barros, 3381, 3389, 3393, 3399, 3417, 3427, 3421, R Cap. Pacheco Chaves, 1209 e Rua Cervantes",Vila Prudente,004/16,2016,3550.58,8647.5499999999993,2016-10-06,DOCUMENTAL,,,,"DEUSO/SMUL — lista de Certidões de Transferência de Potencial Construtivo emitidas (Dec. 57.536/2016 Art. 12º), consolidação Agosto/2025",321f012aa6f6d2ea
0401060026,040106,0026-8,"Av Nazaré, 711",Ipiranga,2016-0.272.731-3,0066A/16,Termo de Compromisso 003/2016,0290520012,029052,"0012-1, 0013-8, 0014-6, 0015-4, 0016-2, 0058-8, 0059-6, 0060-1, 0061-8, 0062-6, 0063-4, 0064-2, 0065-0, 0066-9 e 0067-7","R Serra da Bocaina, 547  / R Carlos Del Prete",Belém,003/17,2017,2272.1799999999998,5652.12,2017-05-23,DOCUMENTAL,,,,"DEUSO/SMUL — lista de Certidões de Transferência de Potencial Construtivo emitidas (Dec. 57.536/2016 Art. 12º), consolidação Agosto/2025",321f012aa6f6d2ea
0100691220,010069,1220-7,"R Padre Manuel, 109",Pinheiros,6066.2019/0007875-5,0068/15,Termo de Compromisso 003/2017,0150440034,015044,"0034-8, 0217-0 a 0234-0, 0396-7, 0397-5, 0446-7","Av Pedroso de Moraes, 705, 707, 709, 717, 725 e 737/ R Cardeal Arcoverde 2205 e 2209",Pinheiros,004/20,2020,2152.5,6262.12,2020-11-14,DOCUMENTAL,,,,"DEUSO/SMUL — lista de Certidões de Transferência de Potencial Construtivo emitidas (Dec. 57.536/2016 Art. 12º), consolidação Agosto/2025",321f012aa6f6d2ea
0401290070,040129,0070-6,"Av Nazaré, 993",Ipiranga,6068.2018/0000486-6,0099/15,Termo de Compromisso 002/2018,2990590129,299059,0129-7,"R Chipre, s/n / R Fiandeiras, 682",Itaim Bibi,016/18,2018,4915.38,1432.27,2018-09-05,DOCUMENTAL,,,,"DEUSO/SMUL — lista de Certidões de Transferência de Potencial Construtivo emitidas (Dec. 57.536/2016 Art. 12º), consolidação Agosto/2025",321f012aa6f6d2ea
0401290070,040129,0070-6,"Av Nazaré, 993",Ipiranga,6068.2018/0001982-0,0099A/18,Termo de Compromisso 002/2018,0430660034,043066,"0034-3, 0035-1, 0077-7, 0078-5",R Dr Elíseo de Castro,Ipiranga,025/18,2018,2600.3200000000002,6038.3,2018-10-30,DOCUMENTAL,,,,"DEUSO/SMUL — lista de Certidões de Transferência de Potencial Construtivo emitidas (Dec. 57.536/2016 Art. 12º), consolidação Agosto/2025",321f012aa6f6d2ea
0401290070,040129,0070-6,"Av Nazaré, 993",Ipiranga,6066.2019/0006917-9,0099B/18,Termo de Compromisso 002/2018,0370060035,037006,"0035-6, 0061-5","Vd Santa Generosa, 10",Vila Mariana,026/19,2019,5710.43,6205.21,2020-01-17,DOCUMENTAL,,,,"DEUSO/SMUL — lista de Certidões de Transferência de Potencial Construtivo emitidas (Dec. 57.536/2016 Art. 12º), consolidação Agosto/2025",321f012aa6f6d2ea
0401290070,040129,0070-6,"Av Nazaré, 993",Ipiranga,6068.2020/0000384-7,0099C/20,Termo de Compromisso 002/2018,0140120140,014012,"014.012.0051-6, 014.012.0052-4, 014.012.0053-2,
014.012.0054-0, 014.012.0055-9, 014.012.0058-3, 014.012.0088-5, 014.012.0089-3, 014.012.0090-7,
014.012.0091-5, 014.012.0092-3, 014.012.0093-1, 014.012.0094-1, 014.012.0095-8, 014.012.0096-6,
014.012.0097-4, 014.012.0100-8, 014.012.0101-6, 014.012.0102-4.","R Augusta, 2860, 2862, 2866, 2880, 2884, 2888, 2890, 2892, 2896, 2898, 2900",Consolação,010/20,2020,10086.34,3024.25,2020-08-14,DOCUMENTAL,,,,"DEUSO/SMUL — lista de Certidões de Transferência de Potencial Construtivo emitidas (Dec. 57.536/2016 Art. 12º), consolidação Agosto/2025",321f012aa6f6d2ea
0401290070,040129,0070-6,"Av Nazaré, 993",Ipiranga,6068.2020/0002808-4,0099D/20,Termo de Compromisso 002/2018,0090770930,009077,"0930-3, 0929-1, 0045-4","Av Brigadeiro Luis Antônio 2.520, 2.522, 2.526, 2.528, 2.530 e 2.532",Jardim Paulista,014/20,2020,1723.57,2270.31,2020-11-28,DOCUMENTAL,,,,"DEUSO/SMUL — lista de Certidões de Transferência de Potencial Construtivo emitidas (Dec. 57.536/2016 Art. 12º), consolidação Agosto/2025",321f012aa6f6d2ea
0430470002,043047,0002-2,"Av Nazaré, 1361",Ipiranga,2015-0.311.495-0,0119/15,Termo de Compromisso 001/2016,0330100071,033010,"0071-1, 0018-5, 0019-3, 0020-7, 0059-2","R Santa Madalena, 68, 72 e 86 / R Martiniano de Carvalho, 473 / R Pedroso, 249 e 265",Bela Vista,001/16,2016,11726.93,8708.25,2016-07-11,DOCUMENTAL,,,,"DEUSO/SMUL — lista de Certidões de Transferência de Potencial Construtivo emitidas (Dec. 57.536/2016 Art. 12º), consolidação Agosto/2025",321f012aa6f6d2ea
0430470002,043047,0002-2 (atualiz. 0026-1),"Av Nazaré, 1361",Ipiranga,6068.2020/0002215-9,0119A/15,Termo de Compromisso 01/2020,0161230019,016123,"0019-7, 0020-0, 0021-9, 0022-7, 0023-5, 0024-3, 0025-1, 0026-1, 0027-8, 0081-2, 0082- 0, 0092-8, 0095-2, 0096-0, 0242-4","R Joaquim Floriano, 32, 38, 52, 78, 86, 92, (100), 106, 114/ R Ibiaté (80), 90/ R Tenente Negrão 100, 126",Itaim Bibi,013/20,2020,38273.07,17510.240000000002,2020-09-30,DOCUMENTAL,,,,"DEUSO/SMUL — lista de Certidões de Transferência de Potencial Construtivo emitidas (Dec. 57.536/2016 Art. 12º), consolidação Agosto/2025",321f012aa6f6d2ea
0160090028,016009,0028-7,"R Canadá, 644 e 658",Jardim Paulista,2016-0.045.329-1,0120/15,Atestado de Conservação 003/2016,0370560108,037056,"0108-3, 0063-1, 0035-4","R Sena Madureira, 80 / R Madre Cabrini, 383",Vila Mariana,006/16,2016,2322.84,5412.31,2016-10-03,DOCUMENTAL,,,,"DEUSO/SMUL — lista de Certidões de Transferência de Potencial Construtivo emitidas (Dec. 57.536/2016 Art. 12º), consolidação Agosto/2025",321f012aa6f6d2ea
0160090028,016009,0028-3,"R Canadá, 644 e 658",Jardim Paulista,2017-0.148.533-4,0120A/16,Atestado de Conservação 003/2016,0090860075,009086,"0075-5, 0020-8, 0021-6, 0024-0","Al Fernão Cardim, 62, 64, 72 e 84",Jardim Paulista,015/17,2017,2255.87,2832.85,2018-01-10,DOCUMENTAL,,,,"DEUSO/SMUL — lista de Certidões de Transferência de Potencial Construtivo emitidas (Dec. 57.536/2016 Art. 12º), consolidação Agosto/2025",321f012aa6f6d2ea
0160090028,016009,0028-3,"R Canadá, 644 e 658",Jardim Paulista,2017-0.134.541-9,0120B/16,Atestado de Conservação 003/2016,0360310054,036031,0054-9,"R Manoel da Nóbrega, 986",Moema,009/17,2017,1823.48,962.08,2017-11-02,DOCUMENTAL,,,,"DEUSO/SMUL — lista de Certidões de Transferência de Potencial Construtivo emitidas (Dec. 57.536/2016 Art. 12º), consolidação Agosto/2025",321f012aa6f6d2ea
0160090006,016009,0006-2 e 0026-7,"R Canadá, 644 e 658",Jardim Paulista,6068.2018/0000564-1,0120C/17,Atestado de Conservação 003/2016,0840340007,084034,0007-1,"R Itapeaçu, 165",Morumbi,012/18,2018,4698.87,4579.1499999999996,2018-07-06,DOCUMENTAL,,,,"DEUSO/SMUL — lista de Certidões de Transferência de Potencial Construtivo emitidas (Dec. 57.536/2016 Art. 12º), consolidação Agosto/2025",321f012aa6f6d2ea
0160090028,016009,0028-7,"R Canadá, 644 e 658",Jardim Paulista,6068.2018/0003110-3,0120D/18,Atestado de Conservação 003/2016,0150380001,015038,"0001-6, 0002-4, 0004-0, 0005-9","Av Rebouças, 2676 e 2682 / R Dante Carraro, 71 e 121",Pinheiros,033/18,2018,2010.83,3500,2019-01-16,DOCUMENTAL,,,,"DEUSO/SMUL — lista de Certidões de Transferência de Potencial Construtivo emitidas (Dec. 57.536/2016 Art. 12º), consolidação Agosto/2025",321f012aa6f6d2ea
0080260001,008026,0001-8 e 0002-6,"Largo Coração de Jesus, 140 e 154",Santa Cecília,6068.2018/0002808-0,0121/18 - 2a via,Termo de Compromisso 007/2018,0130310036,013031,"0036-3, 0037-1, 0038-1, 0039-8, 0049-5, 0050-9, 0051-7, 0052-5, 0053-3, 0054-1, 0055-1, 0056-8, 0057-6, 0058-4, 0059-2, 0060-6, 0061-4, 0062-2, 0063-0",R Alves Guimarães / R Artur de Azevedo / R Cristiano Viana,Jardim Paulista,031/18,2018,15444.26,11747.77,2019-01-12,DOCUMENTAL,,,,"DEUSO/SMUL — lista de Certidões de Transferência de Potencial Construtivo emitidas (Dec. 57.536/2016 Art. 12º), consolidação Agosto/2025",321f012aa6f6d2ea
0180270001,018027,0001-3,"R Três Rios, 362",Bom Retiro,2017-0.072.309-6,0122/15,Termo de Compromisso 004/2016,0150390015,015039,"0015-0, 0016-9, 0017-7, 0018-5, 0019-3, 0020-7, 0021-5","R Dante Carraro, 68, 104 / Av Rebouças, 2642, 2636, 2620, 2600 e 2588",Pinheiros,014/17,2017,7482.05,11028.58,2017-11-01,DOCUMENTAL,,,,"DEUSO/SMUL — lista de Certidões de Transferência de Potencial Construtivo emitidas (Dec. 57.536/2016 Art. 12º), consolidação Agosto/2025",321f012aa6f6d2ea
0180270001,018027,0001-3,"R Três Rios, 362",Bom Retiro,2017-0.173.955-7,0122A/17,Termo de Compromisso 004/2016,2000500005,200050,"0005-8, 0012-0, 0039-2, 0040-6","R Gerivativa, s/n / R Pirajussara, 71, 87 e 95 / Des Amandio Fairbanks, 32",Butantã,017/17,2017,3749.53,8567.44,2018-02-07,DOCUMENTAL,,,,"DEUSO/SMUL — lista de Certidões de Transferência de Potencial Construtivo emitidas (Dec. 57.536/2016 Art. 12º), consolidação Agosto/2025",321f012aa6f6d2ea
0210640001,021064,0001-2,"R Monte Alegre, 984",Perdizes,6068.2018/0002995-8,0123/15,Termo de Compromisso 003/2018,2990470016,299047,"0016-6, 0059-1, 0133-2, 0134-0, 0205-3, 0206-1, 0207-1, 0208-8","R Chilon, 184-270/ R Cel. Joaquim Ferreira Lobo, 181-275",Itaim Bibi,029/18,2018,7056.55,9830,2019-01-10,DOCUMENTAL,,,,"DEUSO/SMUL — lista de Certidões de Transferência de Potencial Construtivo emitidas (Dec. 57.536/2016 Art. 12º), consolidação Agosto/2025",321f012aa6f6d2ea
0210640001,021064,0001-2,"R Monte Alegre, 984",Perdizes,6066.2020/0002228-0,0123A/18,Termo de Compromisso 003/2018,0411670029,041167,0029-0,"Av dos Jamaris, 213",Moema,008/20,2020,6814.99,11618.98,2020-09-26,DOCUMENTAL,,,,"DEUSO/SMUL — lista de Certidões de Transferência de Potencial Construtivo emitidas (Dec. 57.536/2016 Art. 12º), consolidação Agosto/2025",321f012aa6f6d2ea
0210640001,021064,0001-2,"R Monte Alegre, 984",Perdizes,6068.2020/0004056-4,0123B/20,Termo de Compromisso 003/2018,0370470043,037047,"0043-6, 0044-4, 0055-1 e 0312-5","R Domingos de Morais, 1186, 1190, 1192, 1194, 1164 e 1172 esq. R Sued Manuci, 100",Vila Mariana,015/20,2020,1876.69,4262.4399999999996,2020-12-03,DOCUMENTAL,,,,"DEUSO/SMUL — lista de Certidões de Transferência de Potencial Construtivo emitidas (Dec. 57.536/2016 Art. 12º), consolidação Agosto/2025",321f012aa6f6d2ea
0210640001,021064,0001-2,"R Monte Alegre, 984",Perdizes,6068.2020/0005585-5,0123C/20,Termo de Compromisso 003/2018,0850010030,085001,0030-3/0032-1/0033-8/0035-4/0081-8/0082-6/0135-0/0136-9,"Av Santo Amaro, 5176 a 7210",Campo Grande,001/21,2021,1364.6,5646.15,2021-03-09,DOCUMENTAL,,,,"DEUSO/SMUL — lista de Certidões de Transferência de Potencial Construtivo emitidas (Dec. 57.536/2016 Art. 12º), consolidação Agosto/2025",321f012aa6f6d2ea
0111290011,011129,0011-1,"R Bahia, 1126",Consolação,6068.2018/0000567-6,0124/15,Atestado de Conservação 001/2018,0812620046,081262,"0046-4, 0049-9, 0237-8, 0241-6","R Ásia, 155 e 173 / R Lisboa, 1199 e 1201",Pinheiros,014/18,2018,570.52,545.28,2018-07-13,DOCUMENTAL,,,,"DEUSO/SMUL — lista de Certidões de Transferência de Potencial Construtivo emitidas (Dec. 57.536/2016 Art. 12º), consolidação Agosto/2025",321f012aa6f6d2ea
0111290011,011129,0011-1,"R Bahia, 1126",Consolação,6068.2018/0002255-4,0124A/18,Atestado de Conservação 001/2018,0411040020,041104,0020-1 e 0034-1,"Av Ibirapuera, 1753, 1757 e 1761",Moema,026/18,2018,194.48,119.23,2018-12-04,DOCUMENTAL,,,,"DEUSO/SMUL — lista de Certidões de Transferência de Potencial Construtivo emitidas (Dec. 57.536/2016 Art. 12º), consolidação Agosto/2025",321f012aa6f6d2ea
0280460070,028046,0070-1,"R Borges de Figueiredo, 1294/1358",Mooca,2017-0.064.203-7,0126/15,Atestado de Conservação 001/2017,0160660037,016066,"0037-0, 0090-7","R Susano, 82 a 110",Jardim Paulista,006/17,2017,6074.15,1229.71,2017-08-31,DOCUMENTAL,,,,"DEUSO/SMUL — lista de Certidões de Transferência de Potencial Construtivo emitidas (Dec. 57.536/2016 Art. 12º), consolidação Agosto/2025",321f012aa6f6d2ea
0280460070,028046,0070-1,"R Borges de Figueiredo, 1294/1358",Mooca,6068.2018/0000920-5,0126A/17,Atestado de Conservação 001/2017,0411040020,041104,0020-1 e 0034-1,"Av Ibirapuera, 1753, 1757 e 1761",Moema,021/18,2018,1425.85,400.06,2018-09-19,DOCUMENTAL,,,,"DEUSO/SMUL — lista de Certidões de Transferência de Potencial Construtivo emitidas (Dec. 57.536/2016 Art. 12º), consolidação Agosto/2025",321f012aa6f6d2ea
1970330070,197033,0070-1,"Av Santa Marina, 554",Barra Funda,6068.2018/0003193-6,0127/15,Termo de Compromisso 001/2017,2990510022,299051,0022-7 e 0021-9,"R Chilon, 381 e 387",Itaim Bibi,001/19,2019,3477.51,800,2019-03-16,DOCUMENTAL,,,,"DEUSO/SMUL — lista de Certidões de Transferência de Potencial Construtivo emitidas (Dec. 57.536/2016 Art. 12º), consolidação Agosto/2025",321f012aa6f6d2ea
1970330070,197033,0070-6,"Av Santa Marina, 554",Barra Funda,6066.2020/0000163-0,0127A/19,Termo de Compromisso 005/2017,0452480045,045248,"0045-1, 0044-1, 0020-4, 0019-0","Av dos Imarés, 498, 504, 508 e 518",Moema,003/20,2020,2255.5,1294.5899999999999,2020-04-03,DOCUMENTAL,,,,"DEUSO/SMUL — lista de Certidões de Transferência de Potencial Construtivo emitidas (Dec. 57.536/2016 Art. 12º), consolidação Agosto/2025",321f012aa6f6d2ea
3000750007,300075,0007-3,"R General Almério de Moura, 200",Morumbi,2017-0.067.970-4,0128/15,Termo de Compromisso 002/2017,0813640010,081364,"0010-5, 0011-3, 0028-8, 0029-6, 0030-1","R Girassol, 1350",Pinheiros,012/17,2017,3263.55,3973,2017-09-26,DOCUMENTAL,,,,"DEUSO/SMUL — lista de Certidões de Transferência de Potencial Construtivo emitidas (Dec. 57.536/2016 Art. 12º), consolidação Agosto/2025",321f012aa6f6d2ea
0200950527,020095,"0527-1, 0528-1, 0529-8, 0530-1, 0531-1, 0532-8, 0533-6, 0534-4","Av Higienópolis, 720",Consolação,6068.2018/0003529-0,0131/16,Termo de Compromisso 010/2018,0111210093,011121,0093-8,"R Ceará, 471",Consolação,002/19,2019,1122,1853.45,2019-03-21,DOCUMENTAL,,,,"DEUSO/SMUL — lista de Certidões de Transferência de Potencial Construtivo emitidas (Dec. 57.536/2016 Art. 12º), consolidação Agosto/2025",321f012aa6f6d2ea
0090250058,009025,0058-9,"R Major Diogo, 784",Bela Vista,6066.2019/0006466-5,0139/16,Termo de Compromisso 007/2019,0813520022,081352,"0022-6, 0023-4, 0025-0, 0031-5, 0032-3, 0033-1, 0051-1, 0078-1, 0079-1 e 0172-9","R Paulistânia, 130, 136, 144 e 150 / R Senador Cesar Lacerda Vergueiro, 456, 470, 478, 484, 488 e 496",Alto de Pinheiros,028/19,2019,166.42,340.66,2020-02-05,DOCUMENTAL,,,,"DEUSO/SMUL — lista de Certidões de Transferência de Potencial Construtivo emitidas (Dec. 57.536/2016 Art. 12º), consolidação Agosto/2025",321f012aa6f6d2ea
0090490026,009049,0026-6,"R São Carlos do Pinhal, 376",Bela Vista,2016-0.276.943-1,0145/16,Atestado de Conservação 002/2016,0130400036,013040,"0036-2, 0037-0, 0038-9, 0039-7, 0040-0","R João Moura, 429 até 445",Jardim Paulista,007/17,2017,1275,3403.81,2017-07-05,DOCUMENTAL,,,,"DEUSO/SMUL — lista de Certidões de Transferência de Potencial Construtivo emitidas (Dec. 57.536/2016 Art. 12º), consolidação Agosto/2025",321f012aa6f6d2ea
0220100023,022010,0023-9,"R Guaicurus, 1 a 59",Lapa,6068.2018/0000982-5,0152/16,Termo de Compromisso 005/2017,0411040020,041104,0020-1 e 0034-1,"Av Ibirapuera, 1753, 1757 e 1761",Moema,023/18,2018,673.8,186.87,2018-12-04,DOCUMENTAL,,,,"DEUSO/SMUL — lista de Certidões de Transferência de Potencial Construtivo emitidas (Dec. 57.536/2016 Art. 12º), consolidação Agosto/2025",321f012aa6f6d2ea
0110920275,011092,0275-1,"Av Higienópolis, 901",Consolação,6068.2019/0001885-0,0156/17,Termo de Compromisso 009/2019,0130090231,013009,"0231-0, 0003-2, 0004-0",R Teodoro Sampaio,Jardim Paulista,022/19,2019,893.33,1266.23,2019-11-19,DOCUMENTAL,,,,"DEUSO/SMUL — lista de Certidões de Transferência de Potencial Construtivo emitidas (Dec. 57.536/2016 Art. 12º), consolidação Agosto/2025",321f012aa6f6d2ea
0110920275,011092,0275-1,"Av Higienópolis, 901",Consolação,6066.2019/0007922-0,0156A/19,Termo de Compromisso 009/2019,0130090231,013009,"0231-0, 0003-2, 0004-0","R Teodoro Sampaio, 330",Jardim Paulista,002/20,2020,1535.09,2167.12,2020-02-22,DOCUMENTAL,,,,"DEUSO/SMUL — lista de Certidões de Transferência de Potencial Construtivo emitidas (Dec. 57.536/2016 Art. 12º), consolidação Agosto/2025",321f012aa6f6d2ea
0110920275,011092,"0275-1, 0276-8","Av. Higienópolis, 901",Consolação,6066.2020/0001275-6,0156B/20,Termo de Compromisso 009/2019,0860020621,086002,0621-9,"Av Santo Amaro , 4579",Campo Belo,007/20,2020,1412.81,2653.48,2020-04-30,DOCUMENTAL,,,,"DEUSO/SMUL — lista de Certidões de Transferência de Potencial Construtivo emitidas (Dec. 57.536/2016 Art. 12º), consolidação Agosto/2025",321f012aa6f6d2ea
0110920275,011092,"0275-1, 0276-8","Av Higienópolis, 901",Consolação,6068.2020/0000427-4,0156C/20,Termo de Compromisso 009/2019,0220440027,022044,"0027-0, 0092-0","R Cotoxó, 281-287, 295-299",Perdizes,011/20,2020,1189.69,2566.06,2020-07-22,DOCUMENTAL,,,,"DEUSO/SMUL — lista de Certidões de Transferência de Potencial Construtivo emitidas (Dec. 57.536/2016 Art. 12º), consolidação Agosto/2025",321f012aa6f6d2ea
0110920275,011092,"0275-1, 0276-8","Av Higienópolis, 901",Consolação,6068.2020/0003756-3,0156D/20,Termo de Compromisso 009/2021,0863860009,086386,"0009-7, 0010-0, 0013-5","R Dom Manuel, 166",Campo Belo,016/20,2020,957.46,"2.835,03",2021-02-09,DOCUMENTAL,,,,"DEUSO/SMUL — lista de Certidões de Transferência de Potencial Construtivo emitidas (Dec. 57.536/2016 Art. 12º), consolidação Agosto/2025",321f012aa6f6d2ea
0060490020,006049,0020-1,"R Jardim Francisco Marcos, 91",República,2018-0.069.549-3,0159/17,Atestado de Conservação 002/2018,0860050018,086005,0018-4,"Av Vereador José Diniz, 2275",Campo Belo,006/19,2019,1030.96,651.01,2019-04-02,DOCUMENTAL,,,,"DEUSO/SMUL — lista de Certidões de Transferência de Potencial Construtivo emitidas (Dec. 57.536/2016 Art. 12º), consolidação Agosto/2025",321f012aa6f6d2ea
0090190046,009019,0046-1,"R dos Franceses, 124",Bela Vista,6068.2021/0005452-4,0189/17,"Atestado de Conservação  001/DPH-G
/2021",0220440001,022044,"0001-7, 0002-5, 0003-3, 0004-1, 0005-1, 0006-8, 0007-6, 0008-4, 0009-2, 0010-6, 0011-4, 0012-2, 0060-2, 0061-0, 0062-9.","R Padre Chico, 275, 281, 283, 291, 293, 301, 303, 311, 313, 319, 321, 239 e R Tucuna, 250, 248 e 240.",Perdizes,015/21,2021,207.43,574.13,2021-10-15,DOCUMENTAL,,,,"DEUSO/SMUL — lista de Certidões de Transferência de Potencial Construtivo emitidas (Dec. 57.536/2016 Art. 12º), consolidação Agosto/2025",321f012aa6f6d2ea
0090190045,009019,0045-1,"R dos Franceses, 132",Bela Vista,6068.2021/0005451-6,0190/17,"Atestado de Conservação  001/DPH-G
/2021",0220440001,022044,"0001-7, 0002-5, 0003-3, 0004-1, 0005-1, 0006-8, 0007-6, 0008-4, 0009-2, 0010-6, 0011-4, 0012-2, 0060-2, 0061-0, 0062-9.","R Padre Chico, 275, 281, 283, 291, 293, 301, 303, 311, 313, 319, 321, 239 e R Tucuna, 250, 248 e 240.",Perdizes,014/21,2021,207.43,574.13,2021-10-09,DOCUMENTAL,,,,"DEUSO/SMUL — lista de Certidões de Transferência de Potencial Construtivo emitidas (Dec. 57.536/2016 Art. 12º), consolidação Agosto/2025",321f012aa6f6d2ea
0111010018,011101,0018-3,"R Piauí, 874",Consolação,6068.2024/0000243-0,0196A/19,Termo de Compromisso 014/2018,,,,,,004/24,2024,1214.95,11164.46,2024-09-17,DOCUMENTAL,,,,"DEUSO/SMUL — lista de Certidões de Transferência de Potencial Construtivo emitidas (Dec. 57.536/2016 Art. 12º), consolidação Agosto/2025",321f012aa6f6d2ea
0110970001,011097,0001-6,"R Ceará, 02",Consolação,6068.2018/0003147-2,0217/18,Termo de Compromisso 020/2018,0130110001,013011,"0001-3, 0002-1, 0003-1, 0070-6, 0071-4, 0072-2, 0073-0, 0074-9 e 0492-2","R Melo Alves, 34",Jardim Paulista,004/19,2019,4684.08,5445.61,2019-03-13,DOCUMENTAL,,,,"DEUSO/SMUL — lista de Certidões de Transferência de Potencial Construtivo emitidas (Dec. 57.536/2016 Art. 12º), consolidação Agosto/2025",321f012aa6f6d2ea
0110970001,011097,0001-6,"R Ceará, 02",Consolação,6068.2019/0001544-4,0217A/19,Termo de Compromisso 020/2018,0140300021,014030,"0021-2, 0022-0, 0023-9, 0024-7, 0047-6","R Tatuí, 128, 122, 104, 94 / R José Maria Lisboa, 1057",Jardim Paulista,013/19,2019,1173.49,590.91999999999996,2019-09-26,DOCUMENTAL,,,,"DEUSO/SMUL — lista de Certidões de Transferência de Potencial Construtivo emitidas (Dec. 57.536/2016 Art. 12º), consolidação Agosto/2025",321f012aa6f6d2ea
0110970001,011097,0001-6,"R Ceará, 02",Consolação,6068.2021/0003509-0,0217B/19,Termo de Compromisso 020/2018,0090730280,009073,0280-7,"R Pamplona, 950 a 962",Jardim Paulista,011/21,2021,457.83,571.04999999999995,2021-07-22,DOCUMENTAL,,,,"DEUSO/SMUL — lista de Certidões de Transferência de Potencial Construtivo emitidas (Dec. 57.536/2016 Art. 12º), consolidação Agosto/2025",321f012aa6f6d2ea
0401290001,040129,0001-3,"Av Nazaré, 943, R Xavier de Almeida, 718, R Moreira de Godoi, 456",Ipiranga,6068.2021/0002333-5,0225/18,Termo de Compromisso 006/2021,0360940128,036094,0128-1,"Av Brigadeiro Luiz Antônio, 5083",Moema,010/21,2021,8617.65,1515.64,2021-06-30,DOCUMENTAL,,,,"DEUSO/SMUL — lista de Certidões de Transferência de Potencial Construtivo emitidas (Dec. 57.536/2016 Art. 12º), consolidação Agosto/2025",321f012aa6f6d2ea
0401290001,040129,0001-3,"Av Nazaré, 943, R Xavier de Almeida, 718, R Moreira de Godoi, 456",Ipiranga,6068.2021/0006070-2,0225A/21,Termo de Compromisso 006/2021,0360940127,036094,0127-3,"Av Brigadeiro Luiz Antônio, 5083",Moema,013/21,2021,909.9,132.24,2022-01-27,DOCUMENTAL,,,,"DEUSO/SMUL — lista de Certidões de Transferência de Potencial Construtivo emitidas (Dec. 57.536/2016 Art. 12º), consolidação Agosto/2025",321f012aa6f6d2ea
1672260527,167226,0527-1,"Estr do Itapecerica, 5859",Capão Redondo,6068.2019/0000787-5,0226/19,Termo de Compromisso 005/2019,0370280031,037028,"0031-1, 0032-8","R Azevedo Macedo, 159 e 163 / R Cubatão",Vila Mariana,016/19,2019,8361.7900000000009,2935.1,2019-09-13,DOCUMENTAL,,,,"DEUSO/SMUL — lista de Certidões de Transferência de Potencial Construtivo emitidas (Dec. 57.536/2016 Art. 12º), consolidação Agosto/2025",321f012aa6f6d2ea
1672260004,167226,0004-0,"Estr do Itapecerica, 5859",Capão Redondo,6066.2020/0001093-1,0226A/19,Termo de Compromisso 005/2019,0411030017,041103,"0017-7, 0018-5, 0216-1","Av Ministro Gabriel de rezend Passos 521, 531, 539, 551",Moema,006/20,2020,13211.28,4790.63,2020-06-11,DOCUMENTAL,,,,"DEUSO/SMUL — lista de Certidões de Transferência de Potencial Construtivo emitidas (Dec. 57.536/2016 Art. 12º), consolidação Agosto/2025",321f012aa6f6d2ea
1672260004,167226,0004-0,"Estr do Itapecerica, 5859",Capão Redondo,6068.2020/0005773-4,0226B/20,Termo de Compromisso 005/2019,0150390002,015039,0002-9,"R Pinheiros, 783, 787, 791",Pinheiros,003/21,2021,6160.13,1162.71,2021-08-26,DOCUMENTAL,,,,"DEUSO/SMUL — lista de Certidões de Transferência de Potencial Construtivo emitidas (Dec. 57.536/2016 Art. 12º), consolidação Agosto/2025",321f012aa6f6d2ea
0400850011,040085,"0011-1, 0012-1, 0013-8","Av Nazaré, 470",Ipiranga,6066.2019/0006465-7,0227/19,Termo de Compromisso 008/2019,0813520023,081352,"0023-4, 0022-6, 0025-0, 0031-5, 0032-3, 0033-1, 0051-1, 0078-1, 0079-1, 0172-9","R Paulistânia, 130, 136, 144 e 150 / R Senador Cesar Lacerda Vergueiro, 456, 470, 478, 484, 488 e 496",Alto de Pinheiros,027/19,2019,4831.92,5653.59,2020-02-07,DOCUMENTAL,,,,"DEUSO/SMUL — lista de Certidões de Transferência de Potencial Construtivo emitidas (Dec. 57.536/2016 Art. 12º), consolidação Agosto/2025",321f012aa6f6d2ea
0210140004,021014,0004-9,"Av Francisco Matarazzo, 385",Barra Funda,6068.2019/0003213-6,0230/19,Termo de Compromisso 004/2019,0220360004,022036,0004-7 e 0091-8,"R Cayowaa, 44 / R Palestra Italia, 45 e 47",Perdizes,018/19,2019,3533.76,4382.76,2019-11-23,DOCUMENTAL,,,,"DEUSO/SMUL — lista de Certidões de Transferência de Potencial Construtivo emitidas (Dec. 57.536/2016 Art. 12º), consolidação Agosto/2025",321f012aa6f6d2ea
2000060024,200006,0024-3,"R Engenheiro João de Ulhoa Cintra, 26",Butantã,6068.2021/0001622-3,0232/19,Termo de Compromisso 005/2020,0161280041,016128,0041-6,"R Groelândia, 77",Jardim Paulista,004/21,2021,760,126.77,2021-06-29,DOCUMENTAL,,,,"DEUSO/SMUL — lista de Certidões de Transferência de Potencial Construtivo emitidas (Dec. 57.536/2016 Art. 12º), consolidação Agosto/2025",321f012aa6f6d2ea
0431790030,043179,0030-0,"R Vergueiro, 7290 e 7326",Cursino,6066.2019/0006243-3,0237/19,Termo de Compromisso 006/2019,0471960060,047196,"0060-3, 0061-1, 0062-1, 0058-1 e 0076-1","R Soares de Avelar, 360, 368, 372, 382",Jabaquara,024/19,2019,2101.52,3428.77,2020-02-05,DOCUMENTAL,,,,"DEUSO/SMUL — lista de Certidões de Transferência de Potencial Construtivo emitidas (Dec. 57.536/2016 Art. 12º), consolidação Agosto/2025",321f012aa6f6d2ea
0431790030,043179,0030-0,"R Vergueiro, 7290 e 7326",Cursino,6068.2020/0004879-4,0237A/19,Termo de Compromisso 006/2019,0200030014,020003,"0014-6, 0017-0, 0018-9, 0019-7, 0020-0, 0176-2, 0177-0","R do Bosque, 980, 944, 934, 932, 922, 952-964/972, 920 (casas 1, 2 e 3)",Santa Cecília,018/20,2020,598.48,491.2,2021-02-25,DOCUMENTAL,,,,"DEUSO/SMUL — lista de Certidões de Transferência de Potencial Construtivo emitidas (Dec. 57.536/2016 Art. 12º), consolidação Agosto/2025",321f012aa6f6d2ea
0904790108,090479,0108-8,"R Angra dos Reis, 300",Santo Amaro,6068.2021/0001620-7,0243/19,Termo de Compromisso 002/2020,0161280041,016128,0041-6,"R Groelândia, 77",Jardim Paulista,005/21,2021,2270.65,594.48,2021-05-28,DOCUMENTAL,,,,"DEUSO/SMUL — lista de Certidões de Transferência de Potencial Construtivo emitidas (Dec. 57.536/2016 Art. 12º), consolidação Agosto/2025",321f012aa6f6d2ea
0110230013,011023,0013-6,"R Caiubi, 126 e 164 / R Atibaia, 420",Perdizes,6066.2020/0000506-7,0257/19,Termo de Compromisso 010/2019,0120510020,012051,"0020-2, 0057-1, 0058-1, 0059-8, 0060-1, 0081-4, 0082-2, 0108-1, 0109-8, 0110-1, 0111-1, 0112-8, 0113-6, 0114-4, 0115-2, 0116-0, 0117-9, 0118-7","Av Pompéia, 2204/ 2210, 2214, 2218, 2222, 2224, 2228, 2240, 2246, 2252, 2254, 2262, e R Caxiponés 68/ 70, 74, 80, 88, 94, 98 e 114",Perdizes,005/20,2020,3048.93,8206.2999999999993,2020-04-28,DOCUMENTAL,,,,"DEUSO/SMUL — lista de Certidões de Transferência de Potencial Construtivo emitidas (Dec. 57.536/2016 Art. 12º), consolidação Agosto/2025",321f012aa6f6d2ea
0110230013,011023,0013-6,"Rua Caiuby, 126",Perdizes,6068.2020/0000436-3,0257A/19,Termo de Compromisso 10/2019,0160490005,016049,"0005-1, 0028-0, 0029-9, 0030-2, 0031-0, 0032-9, 0033-7, 0087-6, 0088-4, 0089-2","R Itacema, 172/ R Urimonduba, 144, 162",Itaim Bibi,012/20,2020,1555.09,2162.79,2020-08-06,DOCUMENTAL,,,,"DEUSO/SMUL — lista de Certidões de Transferência de Potencial Construtivo emitidas (Dec. 57.536/2016 Art. 12º), consolidação Agosto/2025",321f012aa6f6d2ea
0110230013,011023,0013-6,"R Caiubi, 126",Perdizes,6068.2020/0004877-8,0257B/20,Termo de Compromisso 010/2019,0200030014,020003,"0014-6, 0017-0, 0018-9, 0019-7, 0020-0, 0176-2, 0177-1","R do Bosque, 980, 944, 934, 932, 922, 952-964/972, 920 (casas 1, 2 e 3)",Santa Cecília,017/20,2020,881.81,2243.1999999999998,2021-02-27,DOCUMENTAL,,,,"DEUSO/SMUL — lista de Certidões de Transferência de Potencial Construtivo emitidas (Dec. 57.536/2016 Art. 12º), consolidação Agosto/2025",321f012aa6f6d2ea
0400900012,040090,"0012-0, 0218-2","R Agostinho Gomes, 1941",Ipiranga,6068.2021/0009622-7,0285/19,Termo de Compromisso 001/2021,0850280002,085028,"0002-7, 0003-5, 0006-1, 0007-8, 0008-6, 0009-4, 0010-8, 0011-6","R João de Lacerda Soares, 90",Itaim Bibi,017/21,2021,2307.64,4117.6499999999996,2022-01-22,DOCUMENTAL,,,,"DEUSO/SMUL — lista de Certidões de Transferência de Potencial Construtivo emitidas (Dec. 57.536/2016 Art. 12º), consolidação Agosto/2025",321f012aa6f6d2ea
0400900013,040090,"0013-2, 0218-2","R Agostinho Gomes, 1941",Ipiranga,6068.2022/0001820-1,0285A/21,Termo de Compromisso 01/2021,0121480025,012148,"0025-4, 0026-2, 0027-0, 0028-9, 0029-7, 0031-9, 0032-7, 0053-1, 0054-8, 0055-6","R Ministro Sinesio Rocha, R Euclides de Andrade, R Engo Francisco Azevedo",Perdizes,002/22,2022,2828.33,4572.7,2022-07-06,DOCUMENTAL,,,,"DEUSO/SMUL — lista de Certidões de Transferência de Potencial Construtivo emitidas (Dec. 57.536/2016 Art. 12º), consolidação Agosto/2025",321f012aa6f6d2ea
0400900012,040090,"0012-0, 0218-2","R Agostinho Gomes, 1941",Ipiranga,6068.2022/0007046-7,0285B/22,Termo de Compromisso 01/2021,0452980013,045298,"0013-1, 0014-8, 0015-6, 0016-4, 0017-2, 0018-0, 0019-9, 0020-2, 0073-3, 0074-1, 0075-1, 0076-8","Av Senador Casemiro Rocha, 825, 833, 847, 851, 859, 863, 869 e 873 / R Guarujá, 126, 138 e 146",Saúde,007/22,2022,1452.07,2638.89,2023-01-25,DOCUMENTAL,,,,"DEUSO/SMUL — lista de Certidões de Transferência de Potencial Construtivo emitidas (Dec. 57.536/2016 Art. 12º), consolidação Agosto/2025",321f012aa6f6d2ea
0121230007,012123,0007-6,"R Guaçu, 176",Perdizes,6068.2021/0001626-6,0383/20,Termo de Compromisso 004/2021,0161280041,016128,0041-6,"R Groelândia, 77",Jardim Paulista,006/21,2021,457.2,123.8,2021-05-28,DOCUMENTAL,,,,"DEUSO/SMUL — lista de Certidões de Transferência de Potencial Construtivo emitidas (Dec. 57.536/2016 Art. 12º), consolidação Agosto/2025",321f012aa6f6d2ea
0280220286,028022,0286-3,"R Javari, 101, 107, 117, 169, 183; R dos Trilhos, 586; R João Antônio de Oliveira, 93",Mooca,6068.2022/0007349-0,0385/20,Termo de Compromisso 001/2022,0860090164,086009,0164-2,"R Barão do Triunfo, 551",Campo Belo,006/22,2022,3330.65,2700,2022-12-17,DOCUMENTAL,,,,"DEUSO/SMUL — lista de Certidões de Transferência de Potencial Construtivo emitidas (Dec. 57.536/2016 Art. 12º), consolidação Agosto/2025",321f012aa6f6d2ea
0280220286,028022,0286-3,"R Javari, 101, 107, 117, 169, 183; R dos Trilhos, 586; R João Antônio de Oliveira, 93",Mooca,6068.2022/0011905-9,0385A/22,Termo de Compromisso 001/2022,0791330033,079133,0033-7,"Av Presidente Altino, 1789",Jaguaré,001/23,2023,1341.33,850.69,2023-03-24,DOCUMENTAL,,,,"DEUSO/SMUL — lista de Certidões de Transferência de Potencial Construtivo emitidas (Dec. 57.536/2016 Art. 12º), consolidação Agosto/2025",321f012aa6f6d2ea
0400740093,040074,0093-3,"R Xavier Curado, 42",Ipiranga,6068.2022/0007328-8,0231/19,Termo de Compromisso 006/2020,0452980013,045298,"0013-1, 0014-8, 0015-6, 0016-4, 0017-2, 0018-0, 0019-9, 0020-2, 0073-3, 0074-1, 0075-1, 0076-8","Av Senador Casemiro Rocha, 825, 833, 847, 851, 859, 863, 869 e 873 e R Guarujá 126, 138 e 14",Vila Mariana,005/22,2022,1725,2922.17,2022-11-22,DOCUMENTAL,,,,"DEUSO/SMUL — lista de Certidões de Transferência de Potencial Construtivo emitidas (Dec. 57.536/2016 Art. 12º), consolidação Agosto/2025",321f012aa6f6d2ea
0090660007,009066,"0007-3, 0667-5","R Cincinato Braga, 434",Bela Vista,6068.2022/0011358-1,0195/18,Atestado de Conservação 003/DPH-G/2022,0791330033,079133,0033-7,"Av Presidente Altino, 1789",Jaguaré,002/23,2023,1772.45,3309.24,2023-03-24,DOCUMENTAL,,,,"DEUSO/SMUL — lista de Certidões de Transferência de Potencial Construtivo emitidas (Dec. 57.536/2016 Art. 12º), consolidação Agosto/2025",321f012aa6f6d2ea
0450440064,045044,0064-2,"Av Jabaquara, 244",Saúde,6068.2023/0000854-2,0424/21 2ª via,Atestado de Conservação 001/DPH-G/2023,0210350029,021035,"0029-6, 0030-1","R Cardoso de Almeida, 552 e 570",Perdizes,005/23,2023,2255.11,3255.82,2023-06-06,DOCUMENTAL,,,,"DEUSO/SMUL — lista de Certidões de Transferência de Potencial Construtivo emitidas (Dec. 57.536/2016 Art. 12º), consolidação Agosto/2025",321f012aa6f6d2ea
0450440064,045044,0064-2,"Av Jabaquara, 244",Saúde,6068.2023/0006999-1,0424A/23,Atestado de Conservação 001/DPH-G/2023,1020980041,102098,"0041-1, 0042-8, 0079-7, 0080-0","R Batuns, 252, 254, Avenida Vila Ema, 1411, Rua Domingos Afonso, 715",Água Rasa,010/23,2023,3335.63,9072.31,2023-12-22,DOCUMENTAL,,,,"DEUSO/SMUL — lista de Certidões de Transferência de Potencial Construtivo emitidas (Dec. 57.536/2016 Art. 12º), consolidação Agosto/2025",321f012aa6f6d2ea
0450440064,045044,0064-2,"Av Jabaquara, 244",Saúde,6068.2024/0002075-7,0424B/23,Atestado de Conservação 001/DPH-G/2024,0300530011,030053,"0011-0, 0012-9, 0013-7, 0014-5, 0017-1, 0018-8, 0019-6, 0030-7, 0031-5, 0033-1, 0066-8, 0067-6, 0068-4, 0082-1, 0083-8, 0093-5, 0094-3, 0095-1","R Fernandes Pinheiro, 80, 86, 112, 122, 122A, 130, 142, 148, R Visconde de Itaborai, 75, 91, 93, 101, 109, 119, 133, 141, 151, 157, 167",Tatuapé,005/24,2024,874.4,1885.61,2025-01-17,DOCUMENTAL,,,,"DEUSO/SMUL — lista de Certidões de Transferência de Potencial Construtivo emitidas (Dec. 57.536/2016 Art. 12º), consolidação Agosto/2025",321f012aa6f6d2ea
0200790028,020079,0028-9,"Alameda Barros, 539",Santa Cecília,6068.2023/0002596-0,0306/19,Termo de Compromisso 001/2023,0360140759,036014,0759-0,"Alameda Santos, 65, 73, 77, 79",Vila Mariana,007/23,2023,4120.87,3223.07,2023-06-07,DOCUMENTAL,,,,"DEUSO/SMUL — lista de Certidões de Transferência de Potencial Construtivo emitidas (Dec. 57.536/2016 Art. 12º), consolidação Agosto/2025",321f012aa6f6d2ea
0200690007,020069,0007-2,"R Turiassu, 99",Perdizes,6068.2023/0002768-7,0228/19 2ª via,Atestado de Preservação e Conservação de Imóvel Tombado nº 004/DPH-G/2022,0070230028,007023,"0028-4, 0029-2, 0072-1, 0077-2, 0078-0, 0079-9, 0080-2, 0081-0, 0082-9, 0083-7, 0084-5, 0283-1, inscrito nas matrículas 19.085, 35.975, 67.283, 80.467, 89.473, 123.669, 123.670, 123.671, 123.672, 123.673, 137.349","R Barão de Tatuí, 467, 469, 475, 477, 493, 495, 507, R Baronesa de Itu, 93, 107, 109, 119, 126, 133, R Martim Francisco, 422, 430",Santa Cecília,006/23,2023,1300,2842.95,2023-05-25,DOCUMENTAL,,,,"DEUSO/SMUL — lista de Certidões de Transferência de Potencial Construtivo emitidas (Dec. 57.536/2016 Art. 12º), consolidação Agosto/2025",321f012aa6f6d2ea
0090320149,009032,"0149-6, 0446-0, 0446-0","R Martiniano de Carvalho, 60, 114-156 e 170",Bela Vista,6068.2023/0006433-7,0406/21,Termo de Compromisso 003/2023,0370200006,037020,"0006-2, 0008-9, 0009-7, 0011-9, 0012-7, 0013-5, 0014-3, 0100-1, 0101-8","R Domingos de Moraes, 250, 254, 258, 262, 266, 270, 272, 278, 280, R Doutor Eduardo Martinelli, 30, 50, 60, 74",Vila Mariana,011/23,2023,5216.18,8160.46,2024-02-01,DOCUMENTAL,,,,"DEUSO/SMUL — lista de Certidões de Transferência de Potencial Construtivo emitidas (Dec. 57.536/2016 Art. 12º), consolidação Agosto/2025",321f012aa6f6d2ea
0410420010,041042,0010-7,"R Dom Henrique, 507",Moema,6068.2024/0000457-3,0137/21 2ª via,Termo de Compromisso 004/2023,0422030001,042203,"0001-5, 0002-3, 0003-1, 0004-1, 0005-8, 0006-6, 0007-4","R Doutor Bacelar, 765, 771, 779, 787, Av Onze de Junho, 1144, 1160, 1164, 1174",Saúde,001/24,2024,,,2024-05-14,DOCUMENTAL,,,,"DEUSO/SMUL — lista de Certidões de Transferência de Potencial Construtivo emitidas (Dec. 57.536/2016 Art. 12º), consolidação Agosto/2025",321f012aa6f6d2ea
0090150031,009015,0031-3 e 0032-1,"Alameda Rio Claro, 190",Bela Vista,6068.2024/0003562-2,0144/24,Termo de Compromisso 006/2023,0812230007,081223,"0007-3, 0019-7","Av Pedroso de Morais, 1066",Pinheiros,003/24,2024,1728.71,3376.75,2024-07-04,DOCUMENTAL,,,,"DEUSO/SMUL — lista de Certidões de Transferência de Potencial Construtivo emitidas (Dec. 57.536/2016 Art. 12º), consolidação Agosto/2025",321f012aa6f6d2ea
,009015,COND 02,"Alameda Rio Claro, 190",Bela Vista,6068.2024/0007048-7,0144A/24,Termo de Compromisso 006/2023,0161640018,016164,0018-8/ 0019-6 / 0020-1 / 0021-8 e 0378-0,"Avenida São Gabriel, 605",Itaim Bibi,009/24,2024,7176.68,5315.75,2024-11-13,DOCUMENTAL,,,,"DEUSO/SMUL — lista de Certidões de Transferência de Potencial Construtivo emitidas (Dec. 57.536/2016 Art. 12º), consolidação Agosto/2025",321f012aa6f6d2ea
,009015,COND 02,"Alameda Rio Claro, 190",Bela Vista,6068.2024/0012154-5,0144B/24,Termo de Compromisso 006/2023,0151170005,015117,0005-1/ 0006-8/ 00244-6/ 0162-5,"Avenida Cidade Jardim, 130, 172, 246, 280 e 292",Pinheiros,011/24,2024,17003.05,5874.91,2025-01-17,DOCUMENTAL,,,,"DEUSO/SMUL — lista de Certidões de Transferência de Potencial Construtivo emitidas (Dec. 57.536/2016 Art. 12º), consolidação Agosto/2025",321f012aa6f6d2ea
0090190000,009019,00006-0,"Al Joaquim Eugenio de Lima, 164",Bela Vista,6068.2024/0013128-1,0060/18 - 2ª via,Termo de Compromisso 019/2018,,,16047,"Av Nove de Julho, 5229, 5335",Itaim Bibi,005/25,2025,2662,"2.226,15",2025-07-07,DOCUMENTAL,,,,"DEUSO/SMUL — lista de Certidões de Transferência de Potencial Construtivo emitidas (Dec. 57.536/2016 Art. 12º), consolidação Agosto/2025",321f012aa6f6d2ea
,001023,Vila Inglesa,Rua Mauá - Vila Inglesa,Sé,6068.2024/0010644-9,,,,,13041,"Rua Cristiano Viana, 119, 127, 131, 145, 155",Jardim Paulista,001/25,2025,2217.6,1373.27,2025-06-02,DOCUMENTAL,"3.901.226,62",Transferido em Junho de 2025,"50.568.797,11","DEUSO/SMUL — lista de Certidões de Transferência de Potencial Construtivo emitidas (Dec. 57.536/2016 Art. 12º), consolidação Agosto/2025",321f012aa6f6d2ea
,001023,Vila Inglesa,Rua Mauá - Vila Inglesa,Sé,6068.2024/0010645-7,,,,,13041,"Rua Cristiano Viana, 119, 127, 131, 145, 155",Jardim Paulista,002/25,2025,"2.380,05",1475.1,2025-06-03,DOCUMENTAL,"4.190.508,33",Transferido em Junho de 2025,"50.568.797,11","DEUSO/SMUL — lista de Certidões de Transferência de Potencial Construtivo emitidas (Dec. 57.536/2016 Art. 12º), consolidação Agosto/2025",321f012aa6f6d2ea
,001023,Vila Inglesa,Rua Mauá - Vila Inglesa,Sé,6068.2024/0010659-7,,,,,13041,"Rua Cristiano Viana, 119, 127, 131, 145, 155",Jardim Paulista,003/25,2025,2139.64,1327.47,2025-07-14,DOCUMENTAL,"3.771.116,60",Transferido em Junho de 2025,"50.568.797,11","DEUSO/SMUL — lista de Certidões de Transferência de Potencial Construtivo emitidas (Dec. 57.536/2016 Art. 12º), consolidação Agosto/2025",321f012aa6f6d2ea
0500084586,050008,4586-3,"Rua Labatut, 781",Ipiranga,6068.2024/0013307-1,0376/20,Termo de Compromisso 007/2023,,,16047,"Av Nove de Julho, 5229, 5335",Itaim Bibi,006/25,2025,3870,683.23,2025-07-07,DOCUMENTAL,"2.342.577,04",Transferido em Julho de 2025,"54.361.494,31","DEUSO/SMUL — lista de Certidões de Transferência de Potencial Construtivo emitidas (Dec. 57.536/2016 Art. 12º), consolidação Agosto/2025",321f012aa6f6d2ea
0090200033,009020,0033-0,"Rua dos Ingleses, 86",Bela Vista,6068.2024/0013697-6,0488/23,Termo de Compromisso 005/2024,,,41243,"Av dos Imarés, 370, Al dos Maracatins, 1545-1555",Moema,008/25,2025,601.77,307.2,2025-07-07,DOCUMENTAL,"540.780,61",Transferido em Julho de 2025,"55.945.445,37","DEUSO/SMUL — lista de Certidões de Transferência de Potencial Construtivo emitidas (Dec. 57.536/2016 Art. 12º), consolidação Agosto/2025",321f012aa6f6d2ea
0090200034,009020,0034-9,"Rua dos Ingleses, 78",Bela Vista,6068.2024/0013714-0,0489/23,Termo de Compromisso 004/2024,,,41243,"Av dos Imarés, 370, Al dos Maracatins, 1545-1555",Moema,009/25,2025,245.52,478.03,2025-07-07,DOCUMENTAL,"429.581,66",Transferido em Julho de 2025,"55.945.445,37","DEUSO/SMUL — lista de Certidões de Transferência de Potencial Construtivo emitidas (Dec. 57.536/2016 Art. 12º), consolidação Agosto/2025",321f012aa6f6d2ea
0090200032,009020,0032-2,"Rua dos Ingleses, 92",Bela Vista,6068.2024/0013740-9,0495/23,Termo de Compromisso 006/2024,,,41243,"Av dos Imarés, 370, Al dos Maracatins, 1545-1555",Moema,007/25,2025,324,647.97,2025-07-07,DOCUMENTAL,"582.298,24",Transferido em Julho de 2025,"55.945.445,37","DEUSO/SMUL — lista de Certidões de Transferência de Potencial Construtivo emitidas (Dec. 57.536/2016 Art. 12º), consolidação Agosto/2025",321f012aa6f6d2ea
,,,,,,,,,,,,,,,,,,,,,,"DEUSO/SMUL — lista de Certidões de Transferência de Potencial Construtivo emitidas (Dec. 57.536/2016 Art. 12º), consolidação Agosto/2025",321f012aa6f6d2ea
