sql_receptor,endereco_receptor,distrito_receptor,metragem_compra_m2,area_cedida_equivalente_m2,valor_pecuniario_rs,n_certidao,ano_certidao,data_publicacao,sql_cedente_de_quem_comprou,uso_receptor,nome_comprador,fonte
2990140177,"Av Brigadeiro Faria Lima, 3477",Itaim Bibi,46098,46098,,16/00-OU FL,2000,2000-09-20,2990140177,(PENDENTE-ACESSO: IPTU_2026 completo — uso/zona do receptor),"(PENDENTE-ACESSO: canônicas sócios/empresas/holdings — Fase B, gate PD-7)","DEUSO/SMUL — lista de Certidões de Transferência de Potencial Construtivo emitidas (Dec. 57.536/2016 Art. 12º), consolidação Agosto/2025"
0020730006,R Roberto Simonsen,Sé,3827.21,3827.21,,001/89,1989,1989-06-28,0020590054,(PENDENTE-ACESSO: IPTU_2026 completo — uso/zona do receptor),"(PENDENTE-ACESSO: canônicas sócios/empresas/holdings — Fase B, gate PD-7)","DEUSO/SMUL — lista de Certidões de Transferência de Potencial Construtivo emitidas (Dec. 57.536/2016 Art. 12º), consolidação Agosto/2025"
0140500090,"R José Maria Lisboa, 745, 753, 757 / Av Nove de Julho, 3.123, 3.127 e 3.133",Jardim Paulista,6292,8107.37,,008/17,2017,2017-12-14,0010490235,(PENDENTE-ACESSO: IPTU_2026 completo — uso/zona do receptor),"(PENDENTE-ACESSO: canônicas sócios/empresas/holdings — Fase B, gate PD-7)","DEUSO/SMUL — lista de Certidões de Transferência de Potencial Construtivo emitidas (Dec. 57.536/2016 Art. 12º), consolidação Agosto/2025"
0140390022,"Al Lorena, 870 e 878",Jardim Paulista,1511.79,1910.96,,018/17,2017,2018-01-30,0010490235,(PENDENTE-ACESSO: IPTU_2026 completo — uso/zona do receptor),"(PENDENTE-ACESSO: canônicas sócios/empresas/holdings — Fase B, gate PD-7)","DEUSO/SMUL — lista de Certidões de Transferência de Potencial Construtivo emitidas (Dec. 57.536/2016 Art. 12º), consolidação Agosto/2025"
0360500012,"R Afonso de Freitas, 59/61 e 75/83",Vila Mariana,5537.23,4314.1400000000003,,006/18,2018,2018-03-10,0010490235,(PENDENTE-ACESSO: IPTU_2026 completo — uso/zona do receptor),"(PENDENTE-ACESSO: canônicas sócios/empresas/holdings — Fase B, gate PD-7)","DEUSO/SMUL — lista de Certidões de Transferência de Potencial Construtivo emitidas (Dec. 57.536/2016 Art. 12º), consolidação Agosto/2025"
2990360011,"R Ministro Jesuíno Cardoso, 120, Itaim Bibi, Pinheiros",Itaim Bibi,1692.75,2127.37,,011/18,2018,2018-05-16,0010490235,(PENDENTE-ACESSO: IPTU_2026 completo — uso/zona do receptor),"(PENDENTE-ACESSO: canônicas sócios/empresas/holdings — Fase B, gate PD-7)","DEUSO/SMUL — lista de Certidões de Transferência de Potencial Construtivo emitidas (Dec. 57.536/2016 Art. 12º), consolidação Agosto/2025"
0150440211,"R Cunha Gago, 444",Pinheiros,4392.97,3279.07,,020/18,2018,2018-07-20,0010490235,(PENDENTE-ACESSO: IPTU_2026 completo — uso/zona do receptor),"(PENDENTE-ACESSO: canônicas sócios/empresas/holdings — Fase B, gate PD-7)","DEUSO/SMUL — lista de Certidões de Transferência de Potencial Construtivo emitidas (Dec. 57.536/2016 Art. 12º), consolidação Agosto/2025"
0090730362,"R Pamplona, 1004",Jardim Paulista,3057.51,4144.09,,022/18,2018,2018-09-18,0010490235,(PENDENTE-ACESSO: IPTU_2026 completo — uso/zona do receptor),"(PENDENTE-ACESSO: canônicas sócios/empresas/holdings — Fase B, gate PD-7)","DEUSO/SMUL — lista de Certidões de Transferência de Potencial Construtivo emitidas (Dec. 57.536/2016 Art. 12º), consolidação Agosto/2025"
0860430014,R Otávio Tarquínio de Souza / R Sul / R Princesa Isabel,Campo Belo,2756.07,2101.46,,003/19,2019,2019-01-16,0010490235,(PENDENTE-ACESSO: IPTU_2026 completo — uso/zona do receptor),"(PENDENTE-ACESSO: canônicas sócios/empresas/holdings — Fase B, gate PD-7)","DEUSO/SMUL — lista de Certidões de Transferência de Potencial Construtivo emitidas (Dec. 57.536/2016 Art. 12º), consolidação Agosto/2025"
0140180497,"Al Lorena, 1335",Jardim Paulista,779.01,1632.8,,028/18,2018,2018-11-23,0050030003,(PENDENTE-ACESSO: IPTU_2026 completo — uso/zona do receptor),"(PENDENTE-ACESSO: canônicas sócios/empresas/holdings — Fase B, gate PD-7)","DEUSO/SMUL — lista de Certidões de Transferência de Potencial Construtivo emitidas (Dec. 57.536/2016 Art. 12º), consolidação Agosto/2025"
0720700018,"R Conselheiro Moreira de Barros, 1148 a 1218",Santana,3296.25,3367.14,,002/03,2003,2003-04-15,0080210843,(PENDENTE-ACESSO: IPTU_2026 completo — uso/zona do receptor),"(PENDENTE-ACESSO: canônicas sócios/empresas/holdings — Fase B, gate PD-7)","DEUSO/SMUL — lista de Certidões de Transferência de Potencial Construtivo emitidas (Dec. 57.536/2016 Art. 12º), consolidação Agosto/2025"
0420110416,"R Afonso Celso, 171",Vila Mariana,3580,2696.31,,003/01 SEMPLA,2001,2001-01-01,0080530004,(PENDENTE-ACESSO: IPTU_2026 completo — uso/zona do receptor),"(PENDENTE-ACESSO: canônicas sócios/empresas/holdings — Fase B, gate PD-7)","DEUSO/SMUL — lista de Certidões de Transferência de Potencial Construtivo emitidas (Dec. 57.536/2016 Art. 12º), consolidação Agosto/2025"
0450450090,"Av Açocê, 562 / Al dos Anapurus, 500",Moema,1600,2657.56,,004/01 SEMPLA,2001,2001-01-01,0070500009,(PENDENTE-ACESSO: IPTU_2026 completo — uso/zona do receptor),"(PENDENTE-ACESSO: canônicas sócios/empresas/holdings — Fase B, gate PD-7)","DEUSO/SMUL — lista de Certidões de Transferência de Potencial Construtivo emitidas (Dec. 57.536/2016 Art. 12º), consolidação Agosto/2025"
0411500005,"Al dos Jurupis, 303 a 335",Moema,2566.71,2090.3000000000002,,003/03,2003,2003-05-20,0010820014,(PENDENTE-ACESSO: IPTU_2026 completo — uso/zona do receptor),"(PENDENTE-ACESSO: canônicas sócios/empresas/holdings — Fase B, gate PD-7)","DEUSO/SMUL — lista de Certidões de Transferência de Potencial Construtivo emitidas (Dec. 57.536/2016 Art. 12º), consolidação Agosto/2025"
0050440116,"R Conde de Sarzedas, 100",Sé,19027,19027,,001/03,2003,2003-02-25,0050440116,(PENDENTE-ACESSO: IPTU_2026 completo — uso/zona do receptor),"(PENDENTE-ACESSO: canônicas sócios/empresas/holdings — Fase B, gate PD-7)","DEUSO/SMUL — lista de Certidões de Transferência de Potencial Construtivo emitidas (Dec. 57.536/2016 Art. 12º), consolidação Agosto/2025"
0380190010,"R Apeninos, 429, 441, 451, 453 / R Gualaxos, 156, 166",Liberdade,1538,3117.78,,003/09,2009,2009-08-28,0330170013,(PENDENTE-ACESSO: IPTU_2026 completo — uso/zona do receptor),"(PENDENTE-ACESSO: canônicas sócios/empresas/holdings — Fase B, gate PD-7)","DEUSO/SMUL — lista de Certidões de Transferência de Potencial Construtivo emitidas (Dec. 57.536/2016 Art. 12º), consolidação Agosto/2025"
1030254805,"Av Guido Caloi, s/n",Jardim São Luís,9687.56,3346.3,,005/09,2009,2009-12-08,0330170013,(PENDENTE-ACESSO: IPTU_2026 completo — uso/zona do receptor),"(PENDENTE-ACESSO: canônicas sócios/empresas/holdings — Fase B, gate PD-7)","DEUSO/SMUL — lista de Certidões de Transferência de Potencial Construtivo emitidas (Dec. 57.536/2016 Art. 12º), consolidação Agosto/2025"
0691640008,"R Nunes Garcia, 114, 122 / R Conselheiro Saraiva, 207, 217, 223, 229, 241, 249, 253",Santana,1666,1310.67,,002/10,2010,2010-03-18,0330170013,(PENDENTE-ACESSO: IPTU_2026 completo — uso/zona do receptor),"(PENDENTE-ACESSO: canônicas sócios/empresas/holdings — Fase B, gate PD-7)","DEUSO/SMUL — lista de Certidões de Transferência de Potencial Construtivo emitidas (Dec. 57.536/2016 Art. 12º), consolidação Agosto/2025"
0460110002,"R Visconde de Guaratiba, 301 / R Coronel Deraldo Jordão, 214, 218, 220, 228, 230, 234, 240",Cursino,1246.32,199.09,,001/08,2008,2008-02-12,0090190034,(PENDENTE-ACESSO: IPTU_2026 completo — uso/zona do receptor),"(PENDENTE-ACESSO: canônicas sócios/empresas/holdings — Fase B, gate PD-7)","DEUSO/SMUL — lista de Certidões de Transferência de Potencial Construtivo emitidas (Dec. 57.536/2016 Art. 12º), consolidação Agosto/2025"
0290100160,"R Prof Rodolfo São Tiago, 75",Belém,13340.49,1481.45,,002/08,2008,2008-07-08,0090190034,(PENDENTE-ACESSO: IPTU_2026 completo — uso/zona do receptor),"(PENDENTE-ACESSO: canônicas sócios/empresas/holdings — Fase B, gate PD-7)","DEUSO/SMUL — lista de Certidões de Transferência de Potencial Construtivo emitidas (Dec. 57.536/2016 Art. 12º), consolidação Agosto/2025"
0970090001,"Av Mofarrej, 1500",Vila Leopoldina,4286.5,944.16,,003/08,2008,2008-08-16,0090190034,(PENDENTE-ACESSO: IPTU_2026 completo — uso/zona do receptor),"(PENDENTE-ACESSO: canônicas sócios/empresas/holdings — Fase B, gate PD-7)","DEUSO/SMUL — lista de Certidões de Transferência de Potencial Construtivo emitidas (Dec. 57.536/2016 Art. 12º), consolidação Agosto/2025"
0970020010,"Av Mofarrej, 1130",Vila Leopoldina,3147,693.17,,004/08,2008,2008-08-16,0090190034,(PENDENTE-ACESSO: IPTU_2026 completo — uso/zona do receptor),"(PENDENTE-ACESSO: canônicas sócios/empresas/holdings — Fase B, gate PD-7)","DEUSO/SMUL — lista de Certidões de Transferência de Potencial Construtivo emitidas (Dec. 57.536/2016 Art. 12º), consolidação Agosto/2025"
0620800182,"R Coronel Gustavo Santiago, 251, 265, 281",Tatuapé,3195.74,1247.17,,001/09,2009,2009-02-18,0070540001,(PENDENTE-ACESSO: IPTU_2026 completo — uso/zona do receptor),"(PENDENTE-ACESSO: canônicas sócios/empresas/holdings — Fase B, gate PD-7)","DEUSO/SMUL — lista de Certidões de Transferência de Potencial Construtivo emitidas (Dec. 57.536/2016 Art. 12º), consolidação Agosto/2025"
0621460006,"R Coronel Gustavo Santiago, 94",Tatuapé,2246.75,881.67,,002/09,2009,2009-05-23,0070540001,(PENDENTE-ACESSO: IPTU_2026 completo — uso/zona do receptor),"(PENDENTE-ACESSO: canônicas sócios/empresas/holdings — Fase B, gate PD-7)","DEUSO/SMUL — lista de Certidões de Transferência de Potencial Construtivo emitidas (Dec. 57.536/2016 Art. 12º), consolidação Agosto/2025"
0980580009,"R Sacadura Cabral, 160, 186, 206 / R Gago Coutinho 363, 365, 379, 387/ R Guaricanga, 78",Lapa,3662.88,2977.95,,004/10,2010,2010-05-15,0070540001,(PENDENTE-ACESSO: IPTU_2026 completo — uso/zona do receptor),"(PENDENTE-ACESSO: canônicas sócios/empresas/holdings — Fase B, gate PD-7)","DEUSO/SMUL — lista de Certidões de Transferência de Potencial Construtivo emitidas (Dec. 57.536/2016 Art. 12º), consolidação Agosto/2025"
0380840002,"R Carlos Petit, 205, 215 e 225 / R Joaquim Távora, 229 a 259",Vila Mariana,6238.74,"2.149,72",,015/19,2019,2019-08-24,0070540001,(PENDENTE-ACESSO: IPTU_2026 completo — uso/zona do receptor),"(PENDENTE-ACESSO: canônicas sócios/empresas/holdings — Fase B, gate PD-7)","DEUSO/SMUL — lista de Certidões de Transferência de Potencial Construtivo emitidas (Dec. 57.536/2016 Art. 12º), consolidação Agosto/2025"
0210580021,"R Bartira, 996 a 1042 / R Apiacás, 285 a 269",Perdizes,8311.57,3265.07,,032/18,2018,2019-01-23,0070540001,(PENDENTE-ACESSO: IPTU_2026 completo — uso/zona do receptor),"(PENDENTE-ACESSO: canônicas sócios/empresas/holdings — Fase B, gate PD-7)","DEUSO/SMUL — lista de Certidões de Transferência de Potencial Construtivo emitidas (Dec. 57.536/2016 Art. 12º), consolidação Agosto/2025"
0380720039,"R Gregório Serrão, 146, 152, 154, 160, 164, 166, 172, 182, 194, 204, 206, 214, 218, 232",Vila Mariana,8908.09,2260.4,,007/19,2019,2019-06-26,0070540001,(PENDENTE-ACESSO: IPTU_2026 completo — uso/zona do receptor),"(PENDENTE-ACESSO: canônicas sócios/empresas/holdings — Fase B, gate PD-7)","DEUSO/SMUL — lista de Certidões de Transferência de Potencial Construtivo emitidas (Dec. 57.536/2016 Art. 12º), consolidação Agosto/2025"
0100230116,"R da Consolação, 1559 a 1637 / R Bela Cintra, 306 a 314",Consolação,3834.84,4252.46,,025/19,2019,2019-12-14,0070540001,(PENDENTE-ACESSO: IPTU_2026 completo — uso/zona do receptor),"(PENDENTE-ACESSO: canônicas sócios/empresas/holdings — Fase B, gate PD-7)","DEUSO/SMUL — lista de Certidões de Transferência de Potencial Construtivo emitidas (Dec. 57.536/2016 Art. 12º), consolidação Agosto/2025"
0874600001,"R Engenheiro Francisco Pitta, 702",Santo Amaro,1682.93,1663.14,,001/09,2010,2010-03-02,3060280040,(PENDENTE-ACESSO: IPTU_2026 completo — uso/zona do receptor),"(PENDENTE-ACESSO: canônicas sócios/empresas/holdings — Fase B, gate PD-7)","DEUSO/SMUL — lista de Certidões de Transferência de Potencial Construtivo emitidas (Dec. 57.536/2016 Art. 12º), consolidação Agosto/2025"
0472840224,"Al dos Tupinás, 33 / R José Líbero, 45",Saúde,1424.16,576.58000000000004,,006/09,2009,2010-01-07,0070540001,(PENDENTE-ACESSO: IPTU_2026 completo — uso/zona do receptor),"(PENDENTE-ACESSO: canônicas sócios/empresas/holdings — Fase B, gate PD-7)","DEUSO/SMUL — lista de Certidões de Transferência de Potencial Construtivo emitidas (Dec. 57.536/2016 Art. 12º), consolidação Agosto/2025"
0070050313,"Praça Marechal Deodoro, 13 / Av Angélica, 341",Santa Cecília,2223.84,2655.87,,004/09,2009,2009-11-23,0401990208,(PENDENTE-ACESSO: IPTU_2026 completo — uso/zona do receptor),"(PENDENTE-ACESSO: canônicas sócios/empresas/holdings — Fase B, gate PD-7)","DEUSO/SMUL — lista de Certidões de Transferência de Potencial Construtivo emitidas (Dec. 57.536/2016 Art. 12º), consolidação Agosto/2025"
0100370068,"R da Consolação, 2232, 2238, 2240, 2244, 2246, Av Angélica, 2467, 2471, 2473, 2475, 2491",Consolação,2325,5180.45,,003/10,2010,2010-03-30,0401990208,(PENDENTE-ACESSO: IPTU_2026 completo — uso/zona do receptor),"(PENDENTE-ACESSO: canônicas sócios/empresas/holdings — Fase B, gate PD-7)","DEUSO/SMUL — lista de Certidões de Transferência de Potencial Construtivo emitidas (Dec. 57.536/2016 Art. 12º), consolidação Agosto/2025"
0360030101,"Av Brigadeiro Luís Antonio, 2543, 2567, 2571",Vila Mariana,1440,3428.57,,005/10,2010,2010-07-20,0401990208,(PENDENTE-ACESSO: IPTU_2026 completo — uso/zona do receptor),"(PENDENTE-ACESSO: canônicas sócios/empresas/holdings — Fase B, gate PD-7)","DEUSO/SMUL — lista de Certidões de Transferência de Potencial Construtivo emitidas (Dec. 57.536/2016 Art. 12º), consolidação Agosto/2025"
0280250025,"R Leocádia Cintra, 66 / R Orville Derby, 277",Mooca,4880.79,2465.04,,006/10,2010,2010-08-27,0401990208,(PENDENTE-ACESSO: IPTU_2026 completo — uso/zona do receptor),"(PENDENTE-ACESSO: canônicas sócios/empresas/holdings — Fase B, gate PD-7)","DEUSO/SMUL — lista de Certidões de Transferência de Potencial Construtivo emitidas (Dec. 57.536/2016 Art. 12º), consolidação Agosto/2025"
0280630045,"R Borges de Figueiredo, 1325",Mooca,4657.43,4055.93,,008/10,2010,2010-11-17,0401990208,(PENDENTE-ACESSO: IPTU_2026 completo — uso/zona do receptor),"(PENDENTE-ACESSO: canônicas sócios/empresas/holdings — Fase B, gate PD-7)","DEUSO/SMUL — lista de Certidões de Transferência de Potencial Construtivo emitidas (Dec. 57.536/2016 Art. 12º), consolidação Agosto/2025"
0980510060,"R John Harrison, 299, 323",Lapa,850,1008.06,,001/11,2011,2011-02-01,0401990208,(PENDENTE-ACESSO: IPTU_2026 completo — uso/zona do receptor),"(PENDENTE-ACESSO: canônicas sócios/empresas/holdings — Fase B, gate PD-7)","DEUSO/SMUL — lista de Certidões de Transferência de Potencial Construtivo emitidas (Dec. 57.536/2016 Art. 12º), consolidação Agosto/2025"
0874710228,"Av Nações Unidas, 2003",Santo Amaro,12984.69,19202.439999999999,,004/11,2011,2011-09-03,0401990208,(PENDENTE-ACESSO: IPTU_2026 completo — uso/zona do receptor),"(PENDENTE-ACESSO: canônicas sócios/empresas/holdings — Fase B, gate PD-7)","DEUSO/SMUL — lista de Certidões de Transferência de Potencial Construtivo emitidas (Dec. 57.536/2016 Art. 12º), consolidação Agosto/2025"
0330060175,"Av Liberdade, 978 a 992 / R Barão de Ijuí, 293 a 311",Liberdade,2022.27,7949.17,,006/12,2012,2012-06-26,0401990208,(PENDENTE-ACESSO: IPTU_2026 completo — uso/zona do receptor),"(PENDENTE-ACESSO: canônicas sócios/empresas/holdings — Fase B, gate PD-7)","DEUSO/SMUL — lista de Certidões de Transferência de Potencial Construtivo emitidas (Dec. 57.536/2016 Art. 12º), consolidação Agosto/2025"
0090840001,"Al Campinas, 802, 816 / Al Itu, 01, 05, 09, 11, 15, 17",Jardim Paulista,548,682.35,,007/10,2010,2010-09-24,0860910003,(PENDENTE-ACESSO: IPTU_2026 completo — uso/zona do receptor),"(PENDENTE-ACESSO: canônicas sócios/empresas/holdings — Fase B, gate PD-7)","DEUSO/SMUL — lista de Certidões de Transferência de Potencial Construtivo emitidas (Dec. 57.536/2016 Art. 12º), consolidação Agosto/2025"
0090800052,"R Carlos Sampaio, 75 e 83",Bela Vista,436.07,640.61,,002/11,2011,2011-02-12,0860910003,(PENDENTE-ACESSO: IPTU_2026 completo — uso/zona do receptor),"(PENDENTE-ACESSO: canônicas sócios/empresas/holdings — Fase B, gate PD-7)","DEUSO/SMUL — lista de Certidões de Transferência de Potencial Construtivo emitidas (Dec. 57.536/2016 Art. 12º), consolidação Agosto/2025"
0090840008,"R Teixeira da Silva, 54",Jardim Paulista,595,668.83,,003/11,2011,2011-07-27,0860910003,(PENDENTE-ACESSO: IPTU_2026 completo — uso/zona do receptor),"(PENDENTE-ACESSO: canônicas sócios/empresas/holdings — Fase B, gate PD-7)","DEUSO/SMUL — lista de Certidões de Transferência de Potencial Construtivo emitidas (Dec. 57.536/2016 Art. 12º), consolidação Agosto/2025"
0800030123,"R Bela Nápoles, 97",Vila Leopoldina,323.39999999999998,182.4,,005/12,2012,2012-11-30,0860910003,(PENDENTE-ACESSO: IPTU_2026 completo — uso/zona do receptor),"(PENDENTE-ACESSO: canônicas sócios/empresas/holdings — Fase B, gate PD-7)","DEUSO/SMUL — lista de Certidões de Transferência de Potencial Construtivo emitidas (Dec. 57.536/2016 Art. 12º), consolidação Agosto/2025"
0330130076,"R Vergueiro, 360, 366, 368, 376, 378, 384",Liberdade,853.12,393.92,,005/11,2011,2011-09-27,0090510021,(PENDENTE-ACESSO: IPTU_2026 completo — uso/zona do receptor),"(PENDENTE-ACESSO: canônicas sócios/empresas/holdings — Fase B, gate PD-7)","DEUSO/SMUL — lista de Certidões de Transferência de Potencial Construtivo emitidas (Dec. 57.536/2016 Art. 12º), consolidação Agosto/2025"
0360110010,"R Otávio Nébias, 57, 103",Vila Mariana,735.75,443.22,,009/12,2012,2012-12-10,0090510021,(PENDENTE-ACESSO: IPTU_2026 completo — uso/zona do receptor),"(PENDENTE-ACESSO: canônicas sócios/empresas/holdings — Fase B, gate PD-7)","DEUSO/SMUL — lista de Certidões de Transferência de Potencial Construtivo emitidas (Dec. 57.536/2016 Art. 12º), consolidação Agosto/2025"
0070100024,"Av Angélica, 525 / R Barão de Tatuí, 200",Santa Cecília,730.15,415.5,,002/13,2013,2013-05-08,0090510021,(PENDENTE-ACESSO: IPTU_2026 completo — uso/zona do receptor),"(PENDENTE-ACESSO: canônicas sócios/empresas/holdings — Fase B, gate PD-7)","DEUSO/SMUL — lista de Certidões de Transferência de Potencial Construtivo emitidas (Dec. 57.536/2016 Art. 12º), consolidação Agosto/2025"
0150460016,"R dos Pinheiros, 1166, 1152, 1156 / Rua Pedroso de Morais, 251, 161",Pinheiros,619,743.99,,006/13,2013,2013-09-25,0400840051,(PENDENTE-ACESSO: IPTU_2026 completo — uso/zona do receptor),"(PENDENTE-ACESSO: canônicas sócios/empresas/holdings — Fase B, gate PD-7)","DEUSO/SMUL — lista de Certidões de Transferência de Potencial Construtivo emitidas (Dec. 57.536/2016 Art. 12º), consolidação Agosto/2025"
0070100024,"Av Angélica, 525 / R Barão de Tatuí, 200",Santa Cecília,412.4,639.28,,002/13,2013,2013-05-08,0400840051,(PENDENTE-ACESSO: IPTU_2026 completo — uso/zona do receptor),"(PENDENTE-ACESSO: canônicas sócios/empresas/holdings — Fase B, gate PD-7)","DEUSO/SMUL — lista de Certidões de Transferência de Potencial Construtivo emitidas (Dec. 57.536/2016 Art. 12º), consolidação Agosto/2025"
0360030082,"Av Brigadeiro Luis Antônio, 2707",Vila Mariana,222.43,399.34,,001/12,2012,2012-03-10,0420250030,(PENDENTE-ACESSO: IPTU_2026 completo — uso/zona do receptor),"(PENDENTE-ACESSO: canônicas sócios/empresas/holdings — Fase B, gate PD-7)","DEUSO/SMUL — lista de Certidões de Transferência de Potencial Construtivo emitidas (Dec. 57.536/2016 Art. 12º), consolidação Agosto/2025"
0730610019,"R Olavo Egídio, 554 e 564",Santana,450,260.43,,002/12,2012,2012-03-10,0840030017,(PENDENTE-ACESSO: IPTU_2026 completo — uso/zona do receptor),"(PENDENTE-ACESSO: canônicas sócios/empresas/holdings — Fase B, gate PD-7)","DEUSO/SMUL — lista de Certidões de Transferência de Potencial Construtivo emitidas (Dec. 57.536/2016 Art. 12º), consolidação Agosto/2025"
0800030123,"R Bela Nápoles, 97",Vila Leopoldina,516.27,325.13,,007/12,2012,2012-12-05,0842380001,(PENDENTE-ACESSO: IPTU_2026 completo — uso/zona do receptor),"(PENDENTE-ACESSO: canônicas sócios/empresas/holdings — Fase B, gate PD-7)","DEUSO/SMUL — lista de Certidões de Transferência de Potencial Construtivo emitidas (Dec. 57.536/2016 Art. 12º), consolidação Agosto/2025"
1000740001,"R Cavour, 95 e 110",Vila Prudente,2994.31,375.88,,008/12,2012,2012-07-13,0090510028,(PENDENTE-ACESSO: IPTU_2026 completo — uso/zona do receptor),"(PENDENTE-ACESSO: canônicas sócios/empresas/holdings — Fase B, gate PD-7)","DEUSO/SMUL — lista de Certidões de Transferência de Potencial Construtivo emitidas (Dec. 57.536/2016 Art. 12º), consolidação Agosto/2025"
0090860075,"Al Fernão Cardim, 70, 84",Jardim Paulista,456,326.74,,010/12,2012,2012-12-29,0090510028,(PENDENTE-ACESSO: IPTU_2026 completo — uso/zona do receptor),"(PENDENTE-ACESSO: canônicas sócios/empresas/holdings — Fase B, gate PD-7)","DEUSO/SMUL — lista de Certidões de Transferência de Potencial Construtivo emitidas (Dec. 57.536/2016 Art. 12º), consolidação Agosto/2025"
1001090059,"Av Paes de Barros, 3399/ R Capitão Pacheco Chaves, 1.209/ R Cervantes",Vila Prudente,4486.3900000000003,612.92999999999995,,001/18,2018,2018-03-17,0090510028,(PENDENTE-ACESSO: IPTU_2026 completo — uso/zona do receptor),"(PENDENTE-ACESSO: canônicas sócios/empresas/holdings — Fase B, gate PD-7)","DEUSO/SMUL — lista de Certidões de Transferência de Potencial Construtivo emitidas (Dec. 57.536/2016 Art. 12º), consolidação Agosto/2025"
0100320021,"R Bela Cintra, 461, 465, 473",Consolação,1335,629.12,,004/13,2013,2013-05-22,0090510028,(PENDENTE-ACESSO: IPTU_2026 completo — uso/zona do receptor),"(PENDENTE-ACESSO: canônicas sócios/empresas/holdings — Fase B, gate PD-7)","DEUSO/SMUL — lista de Certidões de Transferência de Potencial Construtivo emitidas (Dec. 57.536/2016 Art. 12º), consolidação Agosto/2025"
0621390002,"R Melo Peixoto, 397, 405, 409 / R Dr Ernesto Mariano, 322 / R Dr Jorge Ramos, 109, 125, 131, 137, 143",Tatuapé,1584.75,239.02,,007/13,2013,2013-09-25,0090510028,(PENDENTE-ACESSO: IPTU_2026 completo — uso/zona do receptor),"(PENDENTE-ACESSO: canônicas sócios/empresas/holdings — Fase B, gate PD-7)","DEUSO/SMUL — lista de Certidões de Transferência de Potencial Construtivo emitidas (Dec. 57.536/2016 Art. 12º), consolidação Agosto/2025"
0621390035,"R Dr Jorge Ramos, 95, 117",Tatuapé,317.35000000000002,46.45,,001/14,2014,2014-04-02,0090510028,(PENDENTE-ACESSO: IPTU_2026 completo — uso/zona do receptor),"(PENDENTE-ACESSO: canônicas sócios/empresas/holdings — Fase B, gate PD-7)","DEUSO/SMUL — lista de Certidões de Transferência de Potencial Construtivo emitidas (Dec. 57.536/2016 Art. 12º), consolidação Agosto/2025"
2000430011,"R Camargo, 426 e 440",Butantã,5831.7,1169.1600000000001,,016/17,2017,2018-01-10,0090540012,(PENDENTE-ACESSO: IPTU_2026 completo — uso/zona do receptor),"(PENDENTE-ACESSO: canônicas sócios/empresas/holdings — Fase B, gate PD-7)","DEUSO/SMUL — lista de Certidões de Transferência de Potencial Construtivo emitidas (Dec. 57.536/2016 Art. 12º), consolidação Agosto/2025"
0360480012,"R Tomas Carvalhal, 380, 406 / R Afonso de Freitas, 349",Vila Mariana,917.88,1551,,001/13,2013,2013-03-07,0420250026,(PENDENTE-ACESSO: IPTU_2026 completo — uso/zona do receptor),"(PENDENTE-ACESSO: canônicas sócios/empresas/holdings — Fase B, gate PD-7)","DEUSO/SMUL — lista de Certidões de Transferência de Potencial Construtivo emitidas (Dec. 57.536/2016 Art. 12º), consolidação Agosto/2025"
0100810658,"Al Santos, 1826",Jardim Paulista,1200,5964.21,,005/13,2013,2013-09-25,0401150019,(PENDENTE-ACESSO: IPTU_2026 completo — uso/zona do receptor),"(PENDENTE-ACESSO: canônicas sócios/empresas/holdings — Fase B, gate PD-7)","DEUSO/SMUL — lista de Certidões de Transferência de Potencial Construtivo emitidas (Dec. 57.536/2016 Art. 12º), consolidação Agosto/2025"
0300680001,"R Bom Sucesso, 366, R Ipojuca, 81 / R Padre Adelino, 1811",Tatuapé,12063.92,5889.03,,010/18,2018,2018-07-06,0401150019,(PENDENTE-ACESSO: IPTU_2026 completo — uso/zona do receptor),"(PENDENTE-ACESSO: canônicas sócios/empresas/holdings — Fase B, gate PD-7)","DEUSO/SMUL — lista de Certidões de Transferência de Potencial Construtivo emitidas (Dec. 57.536/2016 Art. 12º), consolidação Agosto/2025"
0140560084,"Av Nove de Julho, 3624, 3634, 3666",Jardim Paulista,3467.02,9463.09,,011/17,2017,2017-11-11,0401150019,(PENDENTE-ACESSO: IPTU_2026 completo — uso/zona do receptor),"(PENDENTE-ACESSO: canônicas sócios/empresas/holdings — Fase B, gate PD-7)","DEUSO/SMUL — lista de Certidões de Transferência de Potencial Construtivo emitidas (Dec. 57.536/2016 Art. 12º), consolidação Agosto/2025"
0472260627,"Av Jabaquara, s/n / R Pan-Americana, s/n / R Domingos, s/n",Saúde,7477.23,4739.4399999999996,,013/18,2018,2018-06-05,0401150019,(PENDENTE-ACESSO: IPTU_2026 completo — uso/zona do receptor),"(PENDENTE-ACESSO: canônicas sócios/empresas/holdings — Fase B, gate PD-7)","DEUSO/SMUL — lista de Certidões de Transferência de Potencial Construtivo emitidas (Dec. 57.536/2016 Art. 12º), consolidação Agosto/2025"
0360100029,"Al Santos, 86",Vila Mariana,3988.48,4180.01,,004/18,2018,2018-06-19,0090190092,(PENDENTE-ACESSO: IPTU_2026 completo — uso/zona do receptor),"(PENDENTE-ACESSO: canônicas sócios/empresas/holdings — Fase B, gate PD-7)","DEUSO/SMUL — lista de Certidões de Transferência de Potencial Construtivo emitidas (Dec. 57.536/2016 Art. 12º), consolidação Agosto/2025"
0090631384,"Av Brigadeiro Luís Antônio, 2396",Jardim Paulista,1843.27,9600.3700000000008,,006/14,2014,2014-04-02,0401250058,(PENDENTE-ACESSO: IPTU_2026 completo — uso/zona do receptor),"(PENDENTE-ACESSO: canônicas sócios/empresas/holdings — Fase B, gate PD-7)","DEUSO/SMUL — lista de Certidões de Transferência de Potencial Construtivo emitidas (Dec. 57.536/2016 Art. 12º), consolidação Agosto/2025"
0390400003,"R Toledo Barbosa, 254/ R Álvaro , 463 e outros",Vila Mariana,13985.42,2390.17,,019/18,2018,2018-08-18,0401250058,(PENDENTE-ACESSO: IPTU_2026 completo — uso/zona do receptor),"(PENDENTE-ACESSO: canônicas sócios/empresas/holdings — Fase B, gate PD-7)","DEUSO/SMUL — lista de Certidões de Transferência de Potencial Construtivo emitidas (Dec. 57.536/2016 Art. 12º), consolidação Agosto/2025"
0411040020,"Av Ibirapuera, 1753, 1757 e 1761",Moema,3010.09,6244.5,,015/18,2018,2018-08-17,0401250058,(PENDENTE-ACESSO: IPTU_2026 completo — uso/zona do receptor),"(PENDENTE-ACESSO: canônicas sócios/empresas/holdings — Fase B, gate PD-7)","DEUSO/SMUL — lista de Certidões de Transferência de Potencial Construtivo emitidas (Dec. 57.536/2016 Art. 12º), consolidação Agosto/2025"
0090631432,"Al Santos, 800",Jardim Paulista,706,594.11,,001/15,2015,2015-09-30,0090420023,(PENDENTE-ACESSO: IPTU_2026 completo — uso/zona do receptor),"(PENDENTE-ACESSO: canônicas sócios/empresas/holdings — Fase B, gate PD-7)","DEUSO/SMUL — lista de Certidões de Transferência de Potencial Construtivo emitidas (Dec. 57.536/2016 Art. 12º), consolidação Agosto/2025"
0570180001,"R Dr Suzano Brandão, 820, 832, 842, 844 e 846",Vila Matilde,5379.03,635.89,,013/17,2017,2017-10-18,0090420023,(PENDENTE-ACESSO: IPTU_2026 completo — uso/zona do receptor),"(PENDENTE-ACESSO: canônicas sócios/empresas/holdings — Fase B, gate PD-7)","DEUSO/SMUL — lista de Certidões de Transferência de Potencial Construtivo emitidas (Dec. 57.536/2016 Art. 12º), consolidação Agosto/2025"
0161280041,"R Groelândia, 77",Jardim Paulista,2106.14,9331.15,,012/21,2021,2021-10-16,3000320012,(PENDENTE-ACESSO: IPTU_2026 completo — uso/zona do receptor),"(PENDENTE-ACESSO: canônicas sócios/empresas/holdings — Fase B, gate PD-7)","DEUSO/SMUL — lista de Certidões de Transferência de Potencial Construtivo emitidas (Dec. 57.536/2016 Art. 12º), consolidação Agosto/2025"
,,,2493.84,3223,,003/23,2023,2023-05-30,3000320012,(PENDENTE-ACESSO: IPTU_2026 completo — uso/zona do receptor),"(PENDENTE-ACESSO: canônicas sócios/empresas/holdings — Fase B, gate PD-7)","DEUSO/SMUL — lista de Certidões de Transferência de Potencial Construtivo emitidas (Dec. 57.536/2016 Art. 12º), consolidação Agosto/2025"
0851150002,"R Luisiania, 139, 147, 157, 185, R Nebraska, 220, 222, Av Portugal, 220",Itaim Bibi,8974.7800000000007,6832.85,,009/23,2023,2023-10-06,3000320012,(PENDENTE-ACESSO: IPTU_2026 completo — uso/zona do receptor),"(PENDENTE-ACESSO: canônicas sócios/empresas/holdings — Fase B, gate PD-7)","DEUSO/SMUL — lista de Certidões de Transferência de Potencial Construtivo emitidas (Dec. 57.536/2016 Art. 12º), consolidação Agosto/2025"
0300240002,"R Almirante Calheiros, 398, 406, 418, 396 / R Henrique Sertório, 399 / R Cristais, 183",Tatuapé,3009.33,2750.75,,003/14,2014,2014-05-15,0400510007,(PENDENTE-ACESSO: IPTU_2026 completo — uso/zona do receptor),"(PENDENTE-ACESSO: canônicas sócios/empresas/holdings — Fase B, gate PD-7)","DEUSO/SMUL — lista de Certidões de Transferência de Potencial Construtivo emitidas (Dec. 57.536/2016 Art. 12º), consolidação Agosto/2025"
0290520012,"R Serra da Bocaina, 5547, 5573 / R Carlos del Prete, 35, 89",Belém,7011.95,2383.9,,007/18,2018,2018-04-14,0400510007,(PENDENTE-ACESSO: IPTU_2026 completo — uso/zona do receptor),"(PENDENTE-ACESSO: canônicas sócios/empresas/holdings — Fase B, gate PD-7)","DEUSO/SMUL — lista de Certidões de Transferência de Potencial Construtivo emitidas (Dec. 57.536/2016 Art. 12º), consolidação Agosto/2025"
0130410022,"Rua Cristiano Viana, 119, 127, 131, 145, 155",Pinheiros,739.05,780.45,,010/24,2024,2025-01-17,,(PENDENTE-ACESSO: IPTU_2026 completo — uso/zona do receptor),"(PENDENTE-ACESSO: canônicas sócios/empresas/holdings — Fase B, gate PD-7)","DEUSO/SMUL — lista de Certidões de Transferência de Potencial Construtivo emitidas (Dec. 57.536/2016 Art. 12º), consolidação Agosto/2025"
0930400004,"R Marcílio Dias, 311,317",Socorro,11710.18,541.71,,004/17,2017,2017-04-04,0200950021,(PENDENTE-ACESSO: IPTU_2026 completo — uso/zona do receptor),"(PENDENTE-ACESSO: canônicas sócios/empresas/holdings — Fase B, gate PD-7)","DEUSO/SMUL — lista de Certidões de Transferência de Potencial Construtivo emitidas (Dec. 57.536/2016 Art. 12º), consolidação Agosto/2025"
0220240002,R Dr Miranda de Azevedo,Lapa,10027.51,1597.68,,005/18,2018,2018-03-17,0200950021,(PENDENTE-ACESSO: IPTU_2026 completo — uso/zona do receptor),"(PENDENTE-ACESSO: canônicas sócios/empresas/holdings — Fase B, gate PD-7)","DEUSO/SMUL — lista de Certidões de Transferência de Potencial Construtivo emitidas (Dec. 57.536/2016 Art. 12º), consolidação Agosto/2025"
0411040020,"Av Ibirapuera, 1753, 1757 e 1761",Moema,254.96,300,,030/18,2018,2019-01-10,0090420022,(PENDENTE-ACESSO: IPTU_2026 completo — uso/zona do receptor),"(PENDENTE-ACESSO: canônicas sócios/empresas/holdings — Fase B, gate PD-7)","DEUSO/SMUL — lista de Certidões de Transferência de Potencial Construtivo emitidas (Dec. 57.536/2016 Art. 12º), consolidação Agosto/2025"
0360880007,"Av Brigadeiro Luiz Antônio, 4631 e 4643",Moema,847.37,8442.41,,024/18,2018,2018-12-22,2000580001,(PENDENTE-ACESSO: IPTU_2026 completo — uso/zona do receptor),"(PENDENTE-ACESSO: canônicas sócios/empresas/holdings — Fase B, gate PD-7)","DEUSO/SMUL — lista de Certidões de Transferência de Potencial Construtivo emitidas (Dec. 57.536/2016 Art. 12º), consolidação Agosto/2025"
0100230116,"R da Consolação, 1559 a 1637 / R Bela Cintra, 306 a 314",Consolação,9999.56,41557.589999999997,,023/19,2019,2019-12-14,2000580001,(PENDENTE-ACESSO: IPTU_2026 completo — uso/zona do receptor),"(PENDENTE-ACESSO: canônicas sócios/empresas/holdings — Fase B, gate PD-7)","DEUSO/SMUL — lista de Certidões de Transferência de Potencial Construtivo emitidas (Dec. 57.536/2016 Art. 12º), consolidação Agosto/2025"
2000420019,"R Estevão Lopes, 136, 144, 156, 166, 182, 172 e 206",Butantã,9407.67,5541.28,,007/21,2021,2021-09-16,2000580001,(PENDENTE-ACESSO: IPTU_2026 completo — uso/zona do receptor),"(PENDENTE-ACESSO: canônicas sócios/empresas/holdings — Fase B, gate PD-7)","DEUSO/SMUL — lista de Certidões de Transferência de Potencial Construtivo emitidas (Dec. 57.536/2016 Art. 12º), consolidação Agosto/2025"
2000420019,"R Eestevão Lopes, 136, 144, 156, 166, 182, 172 e 206",Butantã,10650.34,5541.28,,002/24,2024,2024-07-10,2000580001,(PENDENTE-ACESSO: IPTU_2026 completo — uso/zona do receptor),"(PENDENTE-ACESSO: canônicas sócios/empresas/holdings — Fase B, gate PD-7)","DEUSO/SMUL — lista de Certidões de Transferência de Potencial Construtivo emitidas (Dec. 57.536/2016 Art. 12º), consolidação Agosto/2025"
0970050013,"Av Mofarej, 971",Vila Leopoldina,22467.69,45373.34,,001/22,2022,2022-04-27,2000580001,(PENDENTE-ACESSO: IPTU_2026 completo — uso/zona do receptor),"(PENDENTE-ACESSO: canônicas sócios/empresas/holdings — Fase B, gate PD-7)","DEUSO/SMUL — lista de Certidões de Transferência de Potencial Construtivo emitidas (Dec. 57.536/2016 Art. 12º), consolidação Agosto/2025"
1001090058,"Av Paes de Barros, 3381, 3389, 3393, 3399, 3417, 3427, 3421, R Cap. Pacheco Chaves, 1209 e Rua Cervantes",Vila Prudente,8647.5499999999993,3550.58,,004/16,2016,2016-10-06,0401060026,(PENDENTE-ACESSO: IPTU_2026 completo — uso/zona do receptor),"(PENDENTE-ACESSO: canônicas sócios/empresas/holdings — Fase B, gate PD-7)","DEUSO/SMUL — lista de Certidões de Transferência de Potencial Construtivo emitidas (Dec. 57.536/2016 Art. 12º), consolidação Agosto/2025"
0290520012,"R Serra da Bocaina, 547  / R Carlos Del Prete",Belém,5652.12,2272.1799999999998,,003/17,2017,2017-05-23,0401060026,(PENDENTE-ACESSO: IPTU_2026 completo — uso/zona do receptor),"(PENDENTE-ACESSO: canônicas sócios/empresas/holdings — Fase B, gate PD-7)","DEUSO/SMUL — lista de Certidões de Transferência de Potencial Construtivo emitidas (Dec. 57.536/2016 Art. 12º), consolidação Agosto/2025"
0150440034,"Av Pedroso de Moraes, 705, 707, 709, 717, 725 e 737/ R Cardeal Arcoverde 2205 e 2209",Pinheiros,6262.12,2152.5,,004/20,2020,2020-11-14,0100691220,(PENDENTE-ACESSO: IPTU_2026 completo — uso/zona do receptor),"(PENDENTE-ACESSO: canônicas sócios/empresas/holdings — Fase B, gate PD-7)","DEUSO/SMUL — lista de Certidões de Transferência de Potencial Construtivo emitidas (Dec. 57.536/2016 Art. 12º), consolidação Agosto/2025"
2990590129,"R Chipre, s/n / R Fiandeiras, 682",Itaim Bibi,1432.27,4915.38,,016/18,2018,2018-09-05,0401290070,(PENDENTE-ACESSO: IPTU_2026 completo — uso/zona do receptor),"(PENDENTE-ACESSO: canônicas sócios/empresas/holdings — Fase B, gate PD-7)","DEUSO/SMUL — lista de Certidões de Transferência de Potencial Construtivo emitidas (Dec. 57.536/2016 Art. 12º), consolidação Agosto/2025"
0430660034,R Dr Elíseo de Castro,Ipiranga,6038.3,2600.3200000000002,,025/18,2018,2018-10-30,0401290070,(PENDENTE-ACESSO: IPTU_2026 completo — uso/zona do receptor),"(PENDENTE-ACESSO: canônicas sócios/empresas/holdings — Fase B, gate PD-7)","DEUSO/SMUL — lista de Certidões de Transferência de Potencial Construtivo emitidas (Dec. 57.536/2016 Art. 12º), consolidação Agosto/2025"
0370060035,"Vd Santa Generosa, 10",Vila Mariana,6205.21,5710.43,,026/19,2019,2020-01-17,0401290070,(PENDENTE-ACESSO: IPTU_2026 completo — uso/zona do receptor),"(PENDENTE-ACESSO: canônicas sócios/empresas/holdings — Fase B, gate PD-7)","DEUSO/SMUL — lista de Certidões de Transferência de Potencial Construtivo emitidas (Dec. 57.536/2016 Art. 12º), consolidação Agosto/2025"
0140120140,"R Augusta, 2860, 2862, 2866, 2880, 2884, 2888, 2890, 2892, 2896, 2898, 2900",Consolação,3024.25,10086.34,,010/20,2020,2020-08-14,0401290070,(PENDENTE-ACESSO: IPTU_2026 completo — uso/zona do receptor),"(PENDENTE-ACESSO: canônicas sócios/empresas/holdings — Fase B, gate PD-7)","DEUSO/SMUL — lista de Certidões de Transferência de Potencial Construtivo emitidas (Dec. 57.536/2016 Art. 12º), consolidação Agosto/2025"
0090770930,"Av Brigadeiro Luis Antônio 2.520, 2.522, 2.526, 2.528, 2.530 e 2.532",Jardim Paulista,2270.31,1723.57,,014/20,2020,2020-11-28,0401290070,(PENDENTE-ACESSO: IPTU_2026 completo — uso/zona do receptor),"(PENDENTE-ACESSO: canônicas sócios/empresas/holdings — Fase B, gate PD-7)","DEUSO/SMUL — lista de Certidões de Transferência de Potencial Construtivo emitidas (Dec. 57.536/2016 Art. 12º), consolidação Agosto/2025"
0330100071,"R Santa Madalena, 68, 72 e 86 / R Martiniano de Carvalho, 473 / R Pedroso, 249 e 265",Bela Vista,8708.25,11726.93,,001/16,2016,2016-07-11,0430470002,(PENDENTE-ACESSO: IPTU_2026 completo — uso/zona do receptor),"(PENDENTE-ACESSO: canônicas sócios/empresas/holdings — Fase B, gate PD-7)","DEUSO/SMUL — lista de Certidões de Transferência de Potencial Construtivo emitidas (Dec. 57.536/2016 Art. 12º), consolidação Agosto/2025"
0161230019,"R Joaquim Floriano, 32, 38, 52, 78, 86, 92, (100), 106, 114/ R Ibiaté (80), 90/ R Tenente Negrão 100, 126",Itaim Bibi,17510.240000000002,38273.07,,013/20,2020,2020-09-30,0430470002,(PENDENTE-ACESSO: IPTU_2026 completo — uso/zona do receptor),"(PENDENTE-ACESSO: canônicas sócios/empresas/holdings — Fase B, gate PD-7)","DEUSO/SMUL — lista de Certidões de Transferência de Potencial Construtivo emitidas (Dec. 57.536/2016 Art. 12º), consolidação Agosto/2025"
0370560108,"R Sena Madureira, 80 / R Madre Cabrini, 383",Vila Mariana,5412.31,2322.84,,006/16,2016,2016-10-03,0160090028,(PENDENTE-ACESSO: IPTU_2026 completo — uso/zona do receptor),"(PENDENTE-ACESSO: canônicas sócios/empresas/holdings — Fase B, gate PD-7)","DEUSO/SMUL — lista de Certidões de Transferência de Potencial Construtivo emitidas (Dec. 57.536/2016 Art. 12º), consolidação Agosto/2025"
0090860075,"Al Fernão Cardim, 62, 64, 72 e 84",Jardim Paulista,2832.85,2255.87,,015/17,2017,2018-01-10,0160090028,(PENDENTE-ACESSO: IPTU_2026 completo — uso/zona do receptor),"(PENDENTE-ACESSO: canônicas sócios/empresas/holdings — Fase B, gate PD-7)","DEUSO/SMUL — lista de Certidões de Transferência de Potencial Construtivo emitidas (Dec. 57.536/2016 Art. 12º), consolidação Agosto/2025"
0360310054,"R Manoel da Nóbrega, 986",Moema,962.08,1823.48,,009/17,2017,2017-11-02,0160090028,(PENDENTE-ACESSO: IPTU_2026 completo — uso/zona do receptor),"(PENDENTE-ACESSO: canônicas sócios/empresas/holdings — Fase B, gate PD-7)","DEUSO/SMUL — lista de Certidões de Transferência de Potencial Construtivo emitidas (Dec. 57.536/2016 Art. 12º), consolidação Agosto/2025"
0840340007,"R Itapeaçu, 165",Morumbi,4579.1499999999996,4698.87,,012/18,2018,2018-07-06,0160090006,(PENDENTE-ACESSO: IPTU_2026 completo — uso/zona do receptor),"(PENDENTE-ACESSO: canônicas sócios/empresas/holdings — Fase B, gate PD-7)","DEUSO/SMUL — lista de Certidões de Transferência de Potencial Construtivo emitidas (Dec. 57.536/2016 Art. 12º), consolidação Agosto/2025"
0150380001,"Av Rebouças, 2676 e 2682 / R Dante Carraro, 71 e 121",Pinheiros,3500,2010.83,,033/18,2018,2019-01-16,0160090028,(PENDENTE-ACESSO: IPTU_2026 completo — uso/zona do receptor),"(PENDENTE-ACESSO: canônicas sócios/empresas/holdings — Fase B, gate PD-7)","DEUSO/SMUL — lista de Certidões de Transferência de Potencial Construtivo emitidas (Dec. 57.536/2016 Art. 12º), consolidação Agosto/2025"
0130310036,R Alves Guimarães / R Artur de Azevedo / R Cristiano Viana,Jardim Paulista,11747.77,15444.26,,031/18,2018,2019-01-12,0080260001,(PENDENTE-ACESSO: IPTU_2026 completo — uso/zona do receptor),"(PENDENTE-ACESSO: canônicas sócios/empresas/holdings — Fase B, gate PD-7)","DEUSO/SMUL — lista de Certidões de Transferência de Potencial Construtivo emitidas (Dec. 57.536/2016 Art. 12º), consolidação Agosto/2025"
0150390015,"R Dante Carraro, 68, 104 / Av Rebouças, 2642, 2636, 2620, 2600 e 2588",Pinheiros,11028.58,7482.05,,014/17,2017,2017-11-01,0180270001,(PENDENTE-ACESSO: IPTU_2026 completo — uso/zona do receptor),"(PENDENTE-ACESSO: canônicas sócios/empresas/holdings — Fase B, gate PD-7)","DEUSO/SMUL — lista de Certidões de Transferência de Potencial Construtivo emitidas (Dec. 57.536/2016 Art. 12º), consolidação Agosto/2025"
2000500005,"R Gerivativa, s/n / R Pirajussara, 71, 87 e 95 / Des Amandio Fairbanks, 32",Butantã,8567.44,3749.53,,017/17,2017,2018-02-07,0180270001,(PENDENTE-ACESSO: IPTU_2026 completo — uso/zona do receptor),"(PENDENTE-ACESSO: canônicas sócios/empresas/holdings — Fase B, gate PD-7)","DEUSO/SMUL — lista de Certidões de Transferência de Potencial Construtivo emitidas (Dec. 57.536/2016 Art. 12º), consolidação Agosto/2025"
2990470016,"R Chilon, 184-270/ R Cel. Joaquim Ferreira Lobo, 181-275",Itaim Bibi,9830,7056.55,,029/18,2018,2019-01-10,0210640001,(PENDENTE-ACESSO: IPTU_2026 completo — uso/zona do receptor),"(PENDENTE-ACESSO: canônicas sócios/empresas/holdings — Fase B, gate PD-7)","DEUSO/SMUL — lista de Certidões de Transferência de Potencial Construtivo emitidas (Dec. 57.536/2016 Art. 12º), consolidação Agosto/2025"
0411670029,"Av dos Jamaris, 213",Moema,11618.98,6814.99,,008/20,2020,2020-09-26,0210640001,(PENDENTE-ACESSO: IPTU_2026 completo — uso/zona do receptor),"(PENDENTE-ACESSO: canônicas sócios/empresas/holdings — Fase B, gate PD-7)","DEUSO/SMUL — lista de Certidões de Transferência de Potencial Construtivo emitidas (Dec. 57.536/2016 Art. 12º), consolidação Agosto/2025"
0370470043,"R Domingos de Morais, 1186, 1190, 1192, 1194, 1164 e 1172 esq. R Sued Manuci, 100",Vila Mariana,4262.4399999999996,1876.69,,015/20,2020,2020-12-03,0210640001,(PENDENTE-ACESSO: IPTU_2026 completo — uso/zona do receptor),"(PENDENTE-ACESSO: canônicas sócios/empresas/holdings — Fase B, gate PD-7)","DEUSO/SMUL — lista de Certidões de Transferência de Potencial Construtivo emitidas (Dec. 57.536/2016 Art. 12º), consolidação Agosto/2025"
0850010030,"Av Santo Amaro, 5176 a 7210",Campo Grande,5646.15,1364.6,,001/21,2021,2021-03-09,0210640001,(PENDENTE-ACESSO: IPTU_2026 completo — uso/zona do receptor),"(PENDENTE-ACESSO: canônicas sócios/empresas/holdings — Fase B, gate PD-7)","DEUSO/SMUL — lista de Certidões de Transferência de Potencial Construtivo emitidas (Dec. 57.536/2016 Art. 12º), consolidação Agosto/2025"
0812620046,"R Ásia, 155 e 173 / R Lisboa, 1199 e 1201",Pinheiros,545.28,570.52,,014/18,2018,2018-07-13,0111290011,(PENDENTE-ACESSO: IPTU_2026 completo — uso/zona do receptor),"(PENDENTE-ACESSO: canônicas sócios/empresas/holdings — Fase B, gate PD-7)","DEUSO/SMUL — lista de Certidões de Transferência de Potencial Construtivo emitidas (Dec. 57.536/2016 Art. 12º), consolidação Agosto/2025"
0411040020,"Av Ibirapuera, 1753, 1757 e 1761",Moema,119.23,194.48,,026/18,2018,2018-12-04,0111290011,(PENDENTE-ACESSO: IPTU_2026 completo — uso/zona do receptor),"(PENDENTE-ACESSO: canônicas sócios/empresas/holdings — Fase B, gate PD-7)","DEUSO/SMUL — lista de Certidões de Transferência de Potencial Construtivo emitidas (Dec. 57.536/2016 Art. 12º), consolidação Agosto/2025"
0160660037,"R Susano, 82 a 110",Jardim Paulista,1229.71,6074.15,,006/17,2017,2017-08-31,0280460070,(PENDENTE-ACESSO: IPTU_2026 completo — uso/zona do receptor),"(PENDENTE-ACESSO: canônicas sócios/empresas/holdings — Fase B, gate PD-7)","DEUSO/SMUL — lista de Certidões de Transferência de Potencial Construtivo emitidas (Dec. 57.536/2016 Art. 12º), consolidação Agosto/2025"
0411040020,"Av Ibirapuera, 1753, 1757 e 1761",Moema,400.06,1425.85,,021/18,2018,2018-09-19,0280460070,(PENDENTE-ACESSO: IPTU_2026 completo — uso/zona do receptor),"(PENDENTE-ACESSO: canônicas sócios/empresas/holdings — Fase B, gate PD-7)","DEUSO/SMUL — lista de Certidões de Transferência de Potencial Construtivo emitidas (Dec. 57.536/2016 Art. 12º), consolidação Agosto/2025"
2990510022,"R Chilon, 381 e 387",Itaim Bibi,800,3477.51,,001/19,2019,2019-03-16,1970330070,(PENDENTE-ACESSO: IPTU_2026 completo — uso/zona do receptor),"(PENDENTE-ACESSO: canônicas sócios/empresas/holdings — Fase B, gate PD-7)","DEUSO/SMUL — lista de Certidões de Transferência de Potencial Construtivo emitidas (Dec. 57.536/2016 Art. 12º), consolidação Agosto/2025"
0452480045,"Av dos Imarés, 498, 504, 508 e 518",Moema,1294.5899999999999,2255.5,,003/20,2020,2020-04-03,1970330070,(PENDENTE-ACESSO: IPTU_2026 completo — uso/zona do receptor),"(PENDENTE-ACESSO: canônicas sócios/empresas/holdings — Fase B, gate PD-7)","DEUSO/SMUL — lista de Certidões de Transferência de Potencial Construtivo emitidas (Dec. 57.536/2016 Art. 12º), consolidação Agosto/2025"
0813640010,"R Girassol, 1350",Pinheiros,3973,3263.55,,012/17,2017,2017-09-26,3000750007,(PENDENTE-ACESSO: IPTU_2026 completo — uso/zona do receptor),"(PENDENTE-ACESSO: canônicas sócios/empresas/holdings — Fase B, gate PD-7)","DEUSO/SMUL — lista de Certidões de Transferência de Potencial Construtivo emitidas (Dec. 57.536/2016 Art. 12º), consolidação Agosto/2025"
0111210093,"R Ceará, 471",Consolação,1853.45,1122,,002/19,2019,2019-03-21,0200950527,(PENDENTE-ACESSO: IPTU_2026 completo — uso/zona do receptor),"(PENDENTE-ACESSO: canônicas sócios/empresas/holdings — Fase B, gate PD-7)","DEUSO/SMUL — lista de Certidões de Transferência de Potencial Construtivo emitidas (Dec. 57.536/2016 Art. 12º), consolidação Agosto/2025"
0813520022,"R Paulistânia, 130, 136, 144 e 150 / R Senador Cesar Lacerda Vergueiro, 456, 470, 478, 484, 488 e 496",Alto de Pinheiros,340.66,166.42,,028/19,2019,2020-02-05,0090250058,(PENDENTE-ACESSO: IPTU_2026 completo — uso/zona do receptor),"(PENDENTE-ACESSO: canônicas sócios/empresas/holdings — Fase B, gate PD-7)","DEUSO/SMUL — lista de Certidões de Transferência de Potencial Construtivo emitidas (Dec. 57.536/2016 Art. 12º), consolidação Agosto/2025"
0130400036,"R João Moura, 429 até 445",Jardim Paulista,3403.81,1275,,007/17,2017,2017-07-05,0090490026,(PENDENTE-ACESSO: IPTU_2026 completo — uso/zona do receptor),"(PENDENTE-ACESSO: canônicas sócios/empresas/holdings — Fase B, gate PD-7)","DEUSO/SMUL — lista de Certidões de Transferência de Potencial Construtivo emitidas (Dec. 57.536/2016 Art. 12º), consolidação Agosto/2025"
0411040020,"Av Ibirapuera, 1753, 1757 e 1761",Moema,186.87,673.8,,023/18,2018,2018-12-04,0220100023,(PENDENTE-ACESSO: IPTU_2026 completo — uso/zona do receptor),"(PENDENTE-ACESSO: canônicas sócios/empresas/holdings — Fase B, gate PD-7)","DEUSO/SMUL — lista de Certidões de Transferência de Potencial Construtivo emitidas (Dec. 57.536/2016 Art. 12º), consolidação Agosto/2025"
0130090231,R Teodoro Sampaio,Jardim Paulista,1266.23,893.33,,022/19,2019,2019-11-19,0110920275,(PENDENTE-ACESSO: IPTU_2026 completo — uso/zona do receptor),"(PENDENTE-ACESSO: canônicas sócios/empresas/holdings — Fase B, gate PD-7)","DEUSO/SMUL — lista de Certidões de Transferência de Potencial Construtivo emitidas (Dec. 57.536/2016 Art. 12º), consolidação Agosto/2025"
0130090231,"R Teodoro Sampaio, 330",Jardim Paulista,2167.12,1535.09,,002/20,2020,2020-02-22,0110920275,(PENDENTE-ACESSO: IPTU_2026 completo — uso/zona do receptor),"(PENDENTE-ACESSO: canônicas sócios/empresas/holdings — Fase B, gate PD-7)","DEUSO/SMUL — lista de Certidões de Transferência de Potencial Construtivo emitidas (Dec. 57.536/2016 Art. 12º), consolidação Agosto/2025"
0860020621,"Av Santo Amaro , 4579",Campo Belo,2653.48,1412.81,,007/20,2020,2020-04-30,0110920275,(PENDENTE-ACESSO: IPTU_2026 completo — uso/zona do receptor),"(PENDENTE-ACESSO: canônicas sócios/empresas/holdings — Fase B, gate PD-7)","DEUSO/SMUL — lista de Certidões de Transferência de Potencial Construtivo emitidas (Dec. 57.536/2016 Art. 12º), consolidação Agosto/2025"
0220440027,"R Cotoxó, 281-287, 295-299",Perdizes,2566.06,1189.69,,011/20,2020,2020-07-22,0110920275,(PENDENTE-ACESSO: IPTU_2026 completo — uso/zona do receptor),"(PENDENTE-ACESSO: canônicas sócios/empresas/holdings — Fase B, gate PD-7)","DEUSO/SMUL — lista de Certidões de Transferência de Potencial Construtivo emitidas (Dec. 57.536/2016 Art. 12º), consolidação Agosto/2025"
0863860009,"R Dom Manuel, 166",Campo Belo,"2.835,03",957.46,,016/20,2020,2021-02-09,0110920275,(PENDENTE-ACESSO: IPTU_2026 completo — uso/zona do receptor),"(PENDENTE-ACESSO: canônicas sócios/empresas/holdings — Fase B, gate PD-7)","DEUSO/SMUL — lista de Certidões de Transferência de Potencial Construtivo emitidas (Dec. 57.536/2016 Art. 12º), consolidação Agosto/2025"
0860050018,"Av Vereador José Diniz, 2275",Campo Belo,651.01,1030.96,,006/19,2019,2019-04-02,0060490020,(PENDENTE-ACESSO: IPTU_2026 completo — uso/zona do receptor),"(PENDENTE-ACESSO: canônicas sócios/empresas/holdings — Fase B, gate PD-7)","DEUSO/SMUL — lista de Certidões de Transferência de Potencial Construtivo emitidas (Dec. 57.536/2016 Art. 12º), consolidação Agosto/2025"
0220440001,"R Padre Chico, 275, 281, 283, 291, 293, 301, 303, 311, 313, 319, 321, 239 e R Tucuna, 250, 248 e 240.",Perdizes,574.13,207.43,,015/21,2021,2021-10-15,0090190046,(PENDENTE-ACESSO: IPTU_2026 completo — uso/zona do receptor),"(PENDENTE-ACESSO: canônicas sócios/empresas/holdings — Fase B, gate PD-7)","DEUSO/SMUL — lista de Certidões de Transferência de Potencial Construtivo emitidas (Dec. 57.536/2016 Art. 12º), consolidação Agosto/2025"
0220440001,"R Padre Chico, 275, 281, 283, 291, 293, 301, 303, 311, 313, 319, 321, 239 e R Tucuna, 250, 248 e 240.",Perdizes,574.13,207.43,,014/21,2021,2021-10-09,0090190045,(PENDENTE-ACESSO: IPTU_2026 completo — uso/zona do receptor),"(PENDENTE-ACESSO: canônicas sócios/empresas/holdings — Fase B, gate PD-7)","DEUSO/SMUL — lista de Certidões de Transferência de Potencial Construtivo emitidas (Dec. 57.536/2016 Art. 12º), consolidação Agosto/2025"
,,,11164.46,1214.95,,004/24,2024,2024-09-17,0111010018,(PENDENTE-ACESSO: IPTU_2026 completo — uso/zona do receptor),"(PENDENTE-ACESSO: canônicas sócios/empresas/holdings — Fase B, gate PD-7)","DEUSO/SMUL — lista de Certidões de Transferência de Potencial Construtivo emitidas (Dec. 57.536/2016 Art. 12º), consolidação Agosto/2025"
0130110001,"R Melo Alves, 34",Jardim Paulista,5445.61,4684.08,,004/19,2019,2019-03-13,0110970001,(PENDENTE-ACESSO: IPTU_2026 completo — uso/zona do receptor),"(PENDENTE-ACESSO: canônicas sócios/empresas/holdings — Fase B, gate PD-7)","DEUSO/SMUL — lista de Certidões de Transferência de Potencial Construtivo emitidas (Dec. 57.536/2016 Art. 12º), consolidação Agosto/2025"
0140300021,"R Tatuí, 128, 122, 104, 94 / R José Maria Lisboa, 1057",Jardim Paulista,590.91999999999996,1173.49,,013/19,2019,2019-09-26,0110970001,(PENDENTE-ACESSO: IPTU_2026 completo — uso/zona do receptor),"(PENDENTE-ACESSO: canônicas sócios/empresas/holdings — Fase B, gate PD-7)","DEUSO/SMUL — lista de Certidões de Transferência de Potencial Construtivo emitidas (Dec. 57.536/2016 Art. 12º), consolidação Agosto/2025"
0090730280,"R Pamplona, 950 a 962",Jardim Paulista,571.04999999999995,457.83,,011/21,2021,2021-07-22,0110970001,(PENDENTE-ACESSO: IPTU_2026 completo — uso/zona do receptor),"(PENDENTE-ACESSO: canônicas sócios/empresas/holdings — Fase B, gate PD-7)","DEUSO/SMUL — lista de Certidões de Transferência de Potencial Construtivo emitidas (Dec. 57.536/2016 Art. 12º), consolidação Agosto/2025"
0360940128,"Av Brigadeiro Luiz Antônio, 5083",Moema,1515.64,8617.65,,010/21,2021,2021-06-30,0401290001,(PENDENTE-ACESSO: IPTU_2026 completo — uso/zona do receptor),"(PENDENTE-ACESSO: canônicas sócios/empresas/holdings — Fase B, gate PD-7)","DEUSO/SMUL — lista de Certidões de Transferência de Potencial Construtivo emitidas (Dec. 57.536/2016 Art. 12º), consolidação Agosto/2025"
0360940127,"Av Brigadeiro Luiz Antônio, 5083",Moema,132.24,909.9,,013/21,2021,2022-01-27,0401290001,(PENDENTE-ACESSO: IPTU_2026 completo — uso/zona do receptor),"(PENDENTE-ACESSO: canônicas sócios/empresas/holdings — Fase B, gate PD-7)","DEUSO/SMUL — lista de Certidões de Transferência de Potencial Construtivo emitidas (Dec. 57.536/2016 Art. 12º), consolidação Agosto/2025"
0370280031,"R Azevedo Macedo, 159 e 163 / R Cubatão",Vila Mariana,2935.1,8361.7900000000009,,016/19,2019,2019-09-13,1672260527,(PENDENTE-ACESSO: IPTU_2026 completo — uso/zona do receptor),"(PENDENTE-ACESSO: canônicas sócios/empresas/holdings — Fase B, gate PD-7)","DEUSO/SMUL — lista de Certidões de Transferência de Potencial Construtivo emitidas (Dec. 57.536/2016 Art. 12º), consolidação Agosto/2025"
0411030017,"Av Ministro Gabriel de rezend Passos 521, 531, 539, 551",Moema,4790.63,13211.28,,006/20,2020,2020-06-11,1672260004,(PENDENTE-ACESSO: IPTU_2026 completo — uso/zona do receptor),"(PENDENTE-ACESSO: canônicas sócios/empresas/holdings — Fase B, gate PD-7)","DEUSO/SMUL — lista de Certidões de Transferência de Potencial Construtivo emitidas (Dec. 57.536/2016 Art. 12º), consolidação Agosto/2025"
0150390002,"R Pinheiros, 783, 787, 791",Pinheiros,1162.71,6160.13,,003/21,2021,2021-08-26,1672260004,(PENDENTE-ACESSO: IPTU_2026 completo — uso/zona do receptor),"(PENDENTE-ACESSO: canônicas sócios/empresas/holdings — Fase B, gate PD-7)","DEUSO/SMUL — lista de Certidões de Transferência de Potencial Construtivo emitidas (Dec. 57.536/2016 Art. 12º), consolidação Agosto/2025"
0813520023,"R Paulistânia, 130, 136, 144 e 150 / R Senador Cesar Lacerda Vergueiro, 456, 470, 478, 484, 488 e 496",Alto de Pinheiros,5653.59,4831.92,,027/19,2019,2020-02-07,0400850011,(PENDENTE-ACESSO: IPTU_2026 completo — uso/zona do receptor),"(PENDENTE-ACESSO: canônicas sócios/empresas/holdings — Fase B, gate PD-7)","DEUSO/SMUL — lista de Certidões de Transferência de Potencial Construtivo emitidas (Dec. 57.536/2016 Art. 12º), consolidação Agosto/2025"
0220360004,"R Cayowaa, 44 / R Palestra Italia, 45 e 47",Perdizes,4382.76,3533.76,,018/19,2019,2019-11-23,0210140004,(PENDENTE-ACESSO: IPTU_2026 completo — uso/zona do receptor),"(PENDENTE-ACESSO: canônicas sócios/empresas/holdings — Fase B, gate PD-7)","DEUSO/SMUL — lista de Certidões de Transferência de Potencial Construtivo emitidas (Dec. 57.536/2016 Art. 12º), consolidação Agosto/2025"
0161280041,"R Groelândia, 77",Jardim Paulista,126.77,760,,004/21,2021,2021-06-29,2000060024,(PENDENTE-ACESSO: IPTU_2026 completo — uso/zona do receptor),"(PENDENTE-ACESSO: canônicas sócios/empresas/holdings — Fase B, gate PD-7)","DEUSO/SMUL — lista de Certidões de Transferência de Potencial Construtivo emitidas (Dec. 57.536/2016 Art. 12º), consolidação Agosto/2025"
0471960060,"R Soares de Avelar, 360, 368, 372, 382",Jabaquara,3428.77,2101.52,,024/19,2019,2020-02-05,0431790030,(PENDENTE-ACESSO: IPTU_2026 completo — uso/zona do receptor),"(PENDENTE-ACESSO: canônicas sócios/empresas/holdings — Fase B, gate PD-7)","DEUSO/SMUL — lista de Certidões de Transferência de Potencial Construtivo emitidas (Dec. 57.536/2016 Art. 12º), consolidação Agosto/2025"
0200030014,"R do Bosque, 980, 944, 934, 932, 922, 952-964/972, 920 (casas 1, 2 e 3)",Santa Cecília,491.2,598.48,,018/20,2020,2021-02-25,0431790030,(PENDENTE-ACESSO: IPTU_2026 completo — uso/zona do receptor),"(PENDENTE-ACESSO: canônicas sócios/empresas/holdings — Fase B, gate PD-7)","DEUSO/SMUL — lista de Certidões de Transferência de Potencial Construtivo emitidas (Dec. 57.536/2016 Art. 12º), consolidação Agosto/2025"
0161280041,"R Groelândia, 77",Jardim Paulista,594.48,2270.65,,005/21,2021,2021-05-28,0904790108,(PENDENTE-ACESSO: IPTU_2026 completo — uso/zona do receptor),"(PENDENTE-ACESSO: canônicas sócios/empresas/holdings — Fase B, gate PD-7)","DEUSO/SMUL — lista de Certidões de Transferência de Potencial Construtivo emitidas (Dec. 57.536/2016 Art. 12º), consolidação Agosto/2025"
0120510020,"Av Pompéia, 2204/ 2210, 2214, 2218, 2222, 2224, 2228, 2240, 2246, 2252, 2254, 2262, e R Caxiponés 68/ 70, 74, 80, 88, 94, 98 e 114",Perdizes,8206.2999999999993,3048.93,,005/20,2020,2020-04-28,0110230013,(PENDENTE-ACESSO: IPTU_2026 completo — uso/zona do receptor),"(PENDENTE-ACESSO: canônicas sócios/empresas/holdings — Fase B, gate PD-7)","DEUSO/SMUL — lista de Certidões de Transferência de Potencial Construtivo emitidas (Dec. 57.536/2016 Art. 12º), consolidação Agosto/2025"
0160490005,"R Itacema, 172/ R Urimonduba, 144, 162",Itaim Bibi,2162.79,1555.09,,012/20,2020,2020-08-06,0110230013,(PENDENTE-ACESSO: IPTU_2026 completo — uso/zona do receptor),"(PENDENTE-ACESSO: canônicas sócios/empresas/holdings — Fase B, gate PD-7)","DEUSO/SMUL — lista de Certidões de Transferência de Potencial Construtivo emitidas (Dec. 57.536/2016 Art. 12º), consolidação Agosto/2025"
0200030014,"R do Bosque, 980, 944, 934, 932, 922, 952-964/972, 920 (casas 1, 2 e 3)",Santa Cecília,2243.1999999999998,881.81,,017/20,2020,2021-02-27,0110230013,(PENDENTE-ACESSO: IPTU_2026 completo — uso/zona do receptor),"(PENDENTE-ACESSO: canônicas sócios/empresas/holdings — Fase B, gate PD-7)","DEUSO/SMUL — lista de Certidões de Transferência de Potencial Construtivo emitidas (Dec. 57.536/2016 Art. 12º), consolidação Agosto/2025"
0850280002,"R João de Lacerda Soares, 90",Itaim Bibi,4117.6499999999996,2307.64,,017/21,2021,2022-01-22,0400900012,(PENDENTE-ACESSO: IPTU_2026 completo — uso/zona do receptor),"(PENDENTE-ACESSO: canônicas sócios/empresas/holdings — Fase B, gate PD-7)","DEUSO/SMUL — lista de Certidões de Transferência de Potencial Construtivo emitidas (Dec. 57.536/2016 Art. 12º), consolidação Agosto/2025"
0121480025,"R Ministro Sinesio Rocha, R Euclides de Andrade, R Engo Francisco Azevedo",Perdizes,4572.7,2828.33,,002/22,2022,2022-07-06,0400900013,(PENDENTE-ACESSO: IPTU_2026 completo — uso/zona do receptor),"(PENDENTE-ACESSO: canônicas sócios/empresas/holdings — Fase B, gate PD-7)","DEUSO/SMUL — lista de Certidões de Transferência de Potencial Construtivo emitidas (Dec. 57.536/2016 Art. 12º), consolidação Agosto/2025"
0452980013,"Av Senador Casemiro Rocha, 825, 833, 847, 851, 859, 863, 869 e 873 / R Guarujá, 126, 138 e 146",Saúde,2638.89,1452.07,,007/22,2022,2023-01-25,0400900012,(PENDENTE-ACESSO: IPTU_2026 completo — uso/zona do receptor),"(PENDENTE-ACESSO: canônicas sócios/empresas/holdings — Fase B, gate PD-7)","DEUSO/SMUL — lista de Certidões de Transferência de Potencial Construtivo emitidas (Dec. 57.536/2016 Art. 12º), consolidação Agosto/2025"
0161280041,"R Groelândia, 77",Jardim Paulista,123.8,457.2,,006/21,2021,2021-05-28,0121230007,(PENDENTE-ACESSO: IPTU_2026 completo — uso/zona do receptor),"(PENDENTE-ACESSO: canônicas sócios/empresas/holdings — Fase B, gate PD-7)","DEUSO/SMUL — lista de Certidões de Transferência de Potencial Construtivo emitidas (Dec. 57.536/2016 Art. 12º), consolidação Agosto/2025"
0860090164,"R Barão do Triunfo, 551",Campo Belo,2700,3330.65,,006/22,2022,2022-12-17,0280220286,(PENDENTE-ACESSO: IPTU_2026 completo — uso/zona do receptor),"(PENDENTE-ACESSO: canônicas sócios/empresas/holdings — Fase B, gate PD-7)","DEUSO/SMUL — lista de Certidões de Transferência de Potencial Construtivo emitidas (Dec. 57.536/2016 Art. 12º), consolidação Agosto/2025"
0791330033,"Av Presidente Altino, 1789",Jaguaré,850.69,1341.33,,001/23,2023,2023-03-24,0280220286,(PENDENTE-ACESSO: IPTU_2026 completo — uso/zona do receptor),"(PENDENTE-ACESSO: canônicas sócios/empresas/holdings — Fase B, gate PD-7)","DEUSO/SMUL — lista de Certidões de Transferência de Potencial Construtivo emitidas (Dec. 57.536/2016 Art. 12º), consolidação Agosto/2025"
0452980013,"Av Senador Casemiro Rocha, 825, 833, 847, 851, 859, 863, 869 e 873 e R Guarujá 126, 138 e 14",Vila Mariana,2922.17,1725,,005/22,2022,2022-11-22,0400740093,(PENDENTE-ACESSO: IPTU_2026 completo — uso/zona do receptor),"(PENDENTE-ACESSO: canônicas sócios/empresas/holdings — Fase B, gate PD-7)","DEUSO/SMUL — lista de Certidões de Transferência de Potencial Construtivo emitidas (Dec. 57.536/2016 Art. 12º), consolidação Agosto/2025"
0791330033,"Av Presidente Altino, 1789",Jaguaré,3309.24,1772.45,,002/23,2023,2023-03-24,0090660007,(PENDENTE-ACESSO: IPTU_2026 completo — uso/zona do receptor),"(PENDENTE-ACESSO: canônicas sócios/empresas/holdings — Fase B, gate PD-7)","DEUSO/SMUL — lista de Certidões de Transferência de Potencial Construtivo emitidas (Dec. 57.536/2016 Art. 12º), consolidação Agosto/2025"
0210350029,"R Cardoso de Almeida, 552 e 570",Perdizes,3255.82,2255.11,,005/23,2023,2023-06-06,0450440064,(PENDENTE-ACESSO: IPTU_2026 completo — uso/zona do receptor),"(PENDENTE-ACESSO: canônicas sócios/empresas/holdings — Fase B, gate PD-7)","DEUSO/SMUL — lista de Certidões de Transferência de Potencial Construtivo emitidas (Dec. 57.536/2016 Art. 12º), consolidação Agosto/2025"
1020980041,"R Batuns, 252, 254, Avenida Vila Ema, 1411, Rua Domingos Afonso, 715",Água Rasa,9072.31,3335.63,,010/23,2023,2023-12-22,0450440064,(PENDENTE-ACESSO: IPTU_2026 completo — uso/zona do receptor),"(PENDENTE-ACESSO: canônicas sócios/empresas/holdings — Fase B, gate PD-7)","DEUSO/SMUL — lista de Certidões de Transferência de Potencial Construtivo emitidas (Dec. 57.536/2016 Art. 12º), consolidação Agosto/2025"
0300530011,"R Fernandes Pinheiro, 80, 86, 112, 122, 122A, 130, 142, 148, R Visconde de Itaborai, 75, 91, 93, 101, 109, 119, 133, 141, 151, 157, 167",Tatuapé,1885.61,874.4,,005/24,2024,2025-01-17,0450440064,(PENDENTE-ACESSO: IPTU_2026 completo — uso/zona do receptor),"(PENDENTE-ACESSO: canônicas sócios/empresas/holdings — Fase B, gate PD-7)","DEUSO/SMUL — lista de Certidões de Transferência de Potencial Construtivo emitidas (Dec. 57.536/2016 Art. 12º), consolidação Agosto/2025"
0360140759,"Alameda Santos, 65, 73, 77, 79",Vila Mariana,3223.07,4120.87,,007/23,2023,2023-06-07,0200790028,(PENDENTE-ACESSO: IPTU_2026 completo — uso/zona do receptor),"(PENDENTE-ACESSO: canônicas sócios/empresas/holdings — Fase B, gate PD-7)","DEUSO/SMUL — lista de Certidões de Transferência de Potencial Construtivo emitidas (Dec. 57.536/2016 Art. 12º), consolidação Agosto/2025"
0070230028,"R Barão de Tatuí, 467, 469, 475, 477, 493, 495, 507, R Baronesa de Itu, 93, 107, 109, 119, 126, 133, R Martim Francisco, 422, 430",Santa Cecília,2842.95,1300,,006/23,2023,2023-05-25,0200690007,(PENDENTE-ACESSO: IPTU_2026 completo — uso/zona do receptor),"(PENDENTE-ACESSO: canônicas sócios/empresas/holdings — Fase B, gate PD-7)","DEUSO/SMUL — lista de Certidões de Transferência de Potencial Construtivo emitidas (Dec. 57.536/2016 Art. 12º), consolidação Agosto/2025"
0370200006,"R Domingos de Moraes, 250, 254, 258, 262, 266, 270, 272, 278, 280, R Doutor Eduardo Martinelli, 30, 50, 60, 74",Vila Mariana,8160.46,5216.18,,011/23,2023,2024-02-01,0090320149,(PENDENTE-ACESSO: IPTU_2026 completo — uso/zona do receptor),"(PENDENTE-ACESSO: canônicas sócios/empresas/holdings — Fase B, gate PD-7)","DEUSO/SMUL — lista de Certidões de Transferência de Potencial Construtivo emitidas (Dec. 57.536/2016 Art. 12º), consolidação Agosto/2025"
0422030001,"R Doutor Bacelar, 765, 771, 779, 787, Av Onze de Junho, 1144, 1160, 1164, 1174",Saúde,,,,001/24,2024,2024-05-14,0410420010,(PENDENTE-ACESSO: IPTU_2026 completo — uso/zona do receptor),"(PENDENTE-ACESSO: canônicas sócios/empresas/holdings — Fase B, gate PD-7)","DEUSO/SMUL — lista de Certidões de Transferência de Potencial Construtivo emitidas (Dec. 57.536/2016 Art. 12º), consolidação Agosto/2025"
0812230007,"Av Pedroso de Morais, 1066",Pinheiros,3376.75,1728.71,,003/24,2024,2024-07-04,0090150031,(PENDENTE-ACESSO: IPTU_2026 completo — uso/zona do receptor),"(PENDENTE-ACESSO: canônicas sócios/empresas/holdings — Fase B, gate PD-7)","DEUSO/SMUL — lista de Certidões de Transferência de Potencial Construtivo emitidas (Dec. 57.536/2016 Art. 12º), consolidação Agosto/2025"
0161640018,"Avenida São Gabriel, 605",Itaim Bibi,5315.75,7176.68,,009/24,2024,2024-11-13,,(PENDENTE-ACESSO: IPTU_2026 completo — uso/zona do receptor),"(PENDENTE-ACESSO: canônicas sócios/empresas/holdings — Fase B, gate PD-7)","DEUSO/SMUL — lista de Certidões de Transferência de Potencial Construtivo emitidas (Dec. 57.536/2016 Art. 12º), consolidação Agosto/2025"
0151170005,"Avenida Cidade Jardim, 130, 172, 246, 280 e 292",Pinheiros,5874.91,17003.05,,011/24,2024,2025-01-17,,(PENDENTE-ACESSO: IPTU_2026 completo — uso/zona do receptor),"(PENDENTE-ACESSO: canônicas sócios/empresas/holdings — Fase B, gate PD-7)","DEUSO/SMUL — lista de Certidões de Transferência de Potencial Construtivo emitidas (Dec. 57.536/2016 Art. 12º), consolidação Agosto/2025"
,"Av Nove de Julho, 5229, 5335",Itaim Bibi,"2.226,15",2662,,005/25,2025,2025-07-07,0090190000,(PENDENTE-ACESSO: IPTU_2026 completo — uso/zona do receptor),"(PENDENTE-ACESSO: canônicas sócios/empresas/holdings — Fase B, gate PD-7)","DEUSO/SMUL — lista de Certidões de Transferência de Potencial Construtivo emitidas (Dec. 57.536/2016 Art. 12º), consolidação Agosto/2025"
,"Rua Cristiano Viana, 119, 127, 131, 145, 155",Jardim Paulista,1373.27,2217.6,"3.901.226,62",001/25,2025,2025-06-02,,(PENDENTE-ACESSO: IPTU_2026 completo — uso/zona do receptor),"(PENDENTE-ACESSO: canônicas sócios/empresas/holdings — Fase B, gate PD-7)","DEUSO/SMUL — lista de Certidões de Transferência de Potencial Construtivo emitidas (Dec. 57.536/2016 Art. 12º), consolidação Agosto/2025"
,"Rua Cristiano Viana, 119, 127, 131, 145, 155",Jardim Paulista,1475.1,"2.380,05","4.190.508,33",002/25,2025,2025-06-03,,(PENDENTE-ACESSO: IPTU_2026 completo — uso/zona do receptor),"(PENDENTE-ACESSO: canônicas sócios/empresas/holdings — Fase B, gate PD-7)","DEUSO/SMUL — lista de Certidões de Transferência de Potencial Construtivo emitidas (Dec. 57.536/2016 Art. 12º), consolidação Agosto/2025"
,"Rua Cristiano Viana, 119, 127, 131, 145, 155",Jardim Paulista,1327.47,2139.64,"3.771.116,60",003/25,2025,2025-07-14,,(PENDENTE-ACESSO: IPTU_2026 completo — uso/zona do receptor),"(PENDENTE-ACESSO: canônicas sócios/empresas/holdings — Fase B, gate PD-7)","DEUSO/SMUL — lista de Certidões de Transferência de Potencial Construtivo emitidas (Dec. 57.536/2016 Art. 12º), consolidação Agosto/2025"
,"Av Nove de Julho, 5229, 5335",Itaim Bibi,683.23,3870,"2.342.577,04",006/25,2025,2025-07-07,0500084586,(PENDENTE-ACESSO: IPTU_2026 completo — uso/zona do receptor),"(PENDENTE-ACESSO: canônicas sócios/empresas/holdings — Fase B, gate PD-7)","DEUSO/SMUL — lista de Certidões de Transferência de Potencial Construtivo emitidas (Dec. 57.536/2016 Art. 12º), consolidação Agosto/2025"
,"Av dos Imarés, 370, Al dos Maracatins, 1545-1555",Moema,307.2,601.77,"540.780,61",008/25,2025,2025-07-07,0090200033,(PENDENTE-ACESSO: IPTU_2026 completo — uso/zona do receptor),"(PENDENTE-ACESSO: canônicas sócios/empresas/holdings — Fase B, gate PD-7)","DEUSO/SMUL — lista de Certidões de Transferência de Potencial Construtivo emitidas (Dec. 57.536/2016 Art. 12º), consolidação Agosto/2025"
,"Av dos Imarés, 370, Al dos Maracatins, 1545-1555",Moema,478.03,245.52,"429.581,66",009/25,2025,2025-07-07,0090200034,(PENDENTE-ACESSO: IPTU_2026 completo — uso/zona do receptor),"(PENDENTE-ACESSO: canônicas sócios/empresas/holdings — Fase B, gate PD-7)","DEUSO/SMUL — lista de Certidões de Transferência de Potencial Construtivo emitidas (Dec. 57.536/2016 Art. 12º), consolidação Agosto/2025"
,"Av dos Imarés, 370, Al dos Maracatins, 1545-1555",Moema,647.97,324,"582.298,24",007/25,2025,2025-07-07,0090200032,(PENDENTE-ACESSO: IPTU_2026 completo — uso/zona do receptor),"(PENDENTE-ACESSO: canônicas sócios/empresas/holdings — Fase B, gate PD-7)","DEUSO/SMUL — lista de Certidões de Transferência de Potencial Construtivo emitidas (Dec. 57.536/2016 Art. 12º), consolidação Agosto/2025"
,,,,,,,,,,(PENDENTE-ACESSO: IPTU_2026 completo — uso/zona do receptor),"(PENDENTE-ACESSO: canônicas sócios/empresas/holdings — Fase B, gate PD-7)","DEUSO/SMUL — lista de Certidões de Transferência de Potencial Construtivo emitidas (Dec. 57.536/2016 Art. 12º), consolidação Agosto/2025"
