# Reajuste anual do Quadro 14 (Cadastro de Valor de Terreno para fins de Outorga Onerosa), anexo da Lei
# 16.050/2014 (PDE-SP). O Quadro 14 é a base do VTcd (V) do Art. 128 (art128.py) e do V da Outorga (oodc.py).
# tabelas/q14-valor-terreno.csv guarda a BASE 2014 (por SQL/face); ESTA tabela guarda o FATOR que leva a
# base 2014 ao valor VIGENTE de cada exercicio. VTcd_vigente(ano) = valor_base_2014 x fator_acumulado(ano).
#
# 1.1/1.3 — o percentual e a vigencia sao DADO extraido da norma, INPUT do engine; o motor le, nao inventa.
# 1.6 — toda norma tem vigencia: cada linha vale a partir do exercicio 'ano_ref' ate o proximo reajuste.
#        O Quadro 14 NAO foi reajustado todo ano — so nos exercicios abaixo (o proprio Dec. 64.884/2025 lista
#        a cadeia: "vigentes na forma dos Decretos nº 59.166..., nº 62.135... e nº 63.108...").
# 1.7 — cada linha cita dispositivo e fonte (captura oficial 2026-07-12 de legislacao.prefeitura.sp.gov.br).
#
# PROVA DE BATER O PONTO (auditoria): base 2014 do SQL 001003/codlog 038121 = R$ 3.106,00 (nossa
#   q14-valor-terreno.csv). x fator acumulado 2024 (1,12455) = R$ 3.492,85 — EXATAMENTE o valor nominal
#   publicado na Portaria SMUL nº 19/2024 (Anexo I, mesmo SQL/codlog: 3492,85). Confirma que (a) nossa base
#   e a de 2014, (b) o reajuste e cumulativo sobre ela, (c) a Lei 17.975/2023 nao resetou numericamente o Quadro 14.
#
# Verbatim das fontes:
#  59.166/2019, Art. 1º: "...ficam atualizados em 2% (dois por cento), de forma uniforme para todas as faces
#    de quadra." Art. 3º: vigor a partir de 1º de janeiro de 2020.
#  62.135/2022, Art. 1º: "...ficam atualizados em 5% (cinco por cento), de maneira uniforme para todas as
#    faces de quadra." Art. 3º: vigor a partir de 1º de janeiro de 2023.
#  63.108/2023, Art. 1º: "...ficam atualizados em 5% (cinco por cento)..." Art. 3º: 1º de janeiro de 2024.
#  63.999/2024, Art. 1º: "...ficam atualizados em 4,5% (quatro e meio por cento)..." Art. 4º: 1º/jan/2025.
#  64.884/2025, Art. 1º: "Os valores em R$/m² ... no Quadro 14 ..., vigentes na forma dos Decretos nº 59.166,
#    de 30 de dezembro de 2019, nº 62.135, de 29 de dezembro de 2022, e nº 63.108, de 29 de dezembro de 2023,
#    ficam atualizados em 7,18% (sete virgula dezoito por cento), uniformemente para todas as faces de quadra."
#    Art. 4º: efeitos a partir de 1º de janeiro de 2026.
# fator_acumulado = produto dos (1+percentual) desde a base 2014 ate o exercicio (Decimal exato).
ano_ref,percentual,fator_anual,fator_acumulado,decreto,vigencia_inicio,dispositivo
2014,0.00,1.00,1.00,"Lei 16.050/2014 (PDE), Quadro 14 (redação original; base do cadastro)",2014-07-31,"Anexo — Quadro 14 (Cadastro de Valor de Terreno para fins de Outorga Onerosa)"
2020,0.02,1.02,1.0200,"Decreto 59.166/2019, Art. 1º","2020-01-01","atualiza o Quadro 14 em 2% uniforme (1º reajuste; não cita decreto anterior)"
2023,0.05,1.05,1.071000,"Decreto 62.135/2022, Art. 1º","2023-01-01","atualiza o Quadro 14 em 5% uniforme (sobre a base vigente do Dec. 59.166/2019)"
2024,0.05,1.05,1.12455000,"Decreto 63.108/2023, Art. 1º","2024-01-01","atualiza o Quadro 14 em 5% uniforme (nominais na Portaria SMUL 19/2024)"
2025,0.045,1.045,1.17515475000,"Decreto 63.999/2024, Art. 1º","2025-01-01","atualiza o Quadro 14 em 4,5% uniforme"
2026,0.0718,1.0718,1.259530861050000,"Decreto 64.884/2025, Art. 1º","2026-01-01","atualiza o Quadro 14 em 7,18% uniforme (cita a cadeia 59.166/62.135/63.108)"
