sql_mestre,x_utm23s,y_utm23s,origem_ponto,endereco,lacuna,motivo
0010460059,,,endereco_iptu2026,"R BRIG TOBIAS, 51",A5_sem_fonte_de_ponto,"sem centroide oficial no lote_cidadao E endereço do IPTU não geocodificável — não há de onde partir; bloqueio de FONTE, declarado"
0010800201,,,endereco_iptu2026,"R  LIBERO BADARO, 332",A5_sem_fonte_de_ponto,"sem centroide oficial no lote_cidadao E endereço do IPTU não geocodificável — não há de onde partir; bloqueio de FONTE, declarado"
0020520001,333842.561071698,7395306.847816981,centroide_lote_cidadao,"AV  MERCURIO,",E1_regime_sem_cabas,removido do SSOT: bem público não-edificável (praça/canteiro) — sem CAbás (auto-contradição no próprio SSOT: zona sem CAbás com CAbás preenchido) (tinha zona=Praça/Canteiro CAbás=1 por PDE_Art14§1(Praça/Canteiro))
0050100003,332912.8217666667,7394012.425444444,centroide_lote_cidadao,,E1_regime_sem_cabas,"camada VIGENTE (Lei 18.177/2024) no centroide OFICIAL do lote devolveu 'Praça/Canteiro': bem público não-edificável (praça/canteiro) — sem CAbás. Pendência de REGIME, não de coleta — recoletar não muda"
0050120004,333395.49875625,7394637.28645,centroide_lote_cidadao,"R  DIREITA, 61",E1_regime_sem_cabas,"camada VIGENTE (Lei 18.177/2024) no centroide OFICIAL do lote devolveu 'Praça/Canteiro': bem público não-edificável (praça/canteiro) — sem CAbás. Pendência de REGIME, não de coleta — recoletar não muda"
0050260001,333179.7327000001,7394505.536303336,centroide_lote_cidadao,"PC DA SE,",E1_regime_sem_cabas,"camada VIGENTE (Lei 18.177/2024) no centroide OFICIAL do lote devolveu 'Praça/Canteiro': bem público não-edificável (praça/canteiro) — sem CAbás. Pendência de REGIME, não de coleta — recoletar não muda"
0060020001,332627.9113764706,7394740.248117647,centroide_lote_cidadao,"R DA CONSOLACAO, 585",E1_regime_sem_cabas,"camada VIGENTE (Lei 18.177/2024) no centroide OFICIAL do lote devolveu 'Praça/Canteiro': bem público não-edificável (praça/canteiro) — sem CAbás. Pendência de REGIME, não de coleta — recoletar não muda"
0060070273,,,endereco_iptu2026,"PC DA REPUBLICA, 36",E1_regime_sem_cabas,"camada VIGENTE (Lei 18.177/2024) no centroide OFICIAL do lote devolveu 'Praça/Canteiro': bem público não-edificável (praça/canteiro) — sem CAbás. Pendência de REGIME, não de coleta — recoletar não muda"
0060140001,332265.589992,7394122.44074,centroide_lote_cidadao,"R DA CONSOLACAO, 94",E1_regime_sem_cabas,"camada VIGENTE (Lei 18.177/2024) no centroide OFICIAL do lote devolveu 'Praça/Canteiro': bem público não-edificável (praça/canteiro) — sem CAbás. Pendência de REGIME, não de coleta — recoletar não muda"
0060150001,332323.99790869566,7394089.717847827,centroide_lote_cidadao,"R BR DE ITAPETININGA, 87",E1_regime_sem_cabas,"camada VIGENTE (Lei 18.177/2024) no centroide OFICIAL do lote devolveu 'Praça/Canteiro': bem público não-edificável (praça/canteiro) — sem CAbás. Pendência de REGIME, não de coleta — recoletar não muda"
0060260001,332733.6662733333,7395163.830286667,centroide_lote_cidadao,"PC  RAMOS DE AZEVEDO, 1",E1_regime_sem_cabas,"camada VIGENTE (Lei 18.177/2024) no centroide OFICIAL do lote devolveu 'Praça/Canteiro': bem público não-edificável (praça/canteiro) — sem CAbás. Pendência de REGIME, não de coleta — recoletar não muda"
0060560020,332487.4746,7394079.138677778,centroide_lote_cidadao,"R  JACEGUAI, 520",E1_regime_sem_cabas,"removido do SSOT: ZOE tem regime PRÓPRIO — CAbás definido pelo ato/plano do perímetro, não pelo Quadro 3 (auto-contradição no próprio SSOT: zona sem CAbás com CAbás preenchido) (tinha zona=ZOE CAbás=1 por GeoSampa(Lei18177→ZOE)+Q3)"
0060560035,,,endereco_iptu2026,"R  ABOLICAO,",A1_so_v3,"camada VIGENTE (Lei 18.177/2024) sem feição no ponto; só a camada ANTIGA v3/2004 responde ('ZM-1'), cujo rótulo está fora do Quadro 3"
0060560036,,,endereco_iptu2026,"R  ABOLICAO,",A1_so_v3,"camada VIGENTE (Lei 18.177/2024) sem feição no ponto; só a camada ANTIGA v3/2004 responde ('ZM-1'), cujo rótulo está fora do Quadro 3"
0060560072,332456.544025,7394192.448525,centroide_lote_cidadao,"R  JAPURA, 322",E1_regime_sem_cabas,"removido do SSOT: ZOE tem regime PRÓPRIO — CAbás definido pelo ato/plano do perímetro, não pelo Quadro 3 (auto-contradição no próprio SSOT: zona sem CAbás com CAbás preenchido) (tinha zona=ZOE CAbás=1 por ZOE.shp +Quadro2A(basico-macroarea))"
0060560073,332457.11206666665,7394186.902322222,centroide_lote_cidadao,"R  JAPURA, 330",E1_regime_sem_cabas,"removido do SSOT: ZOE tem regime PRÓPRIO — CAbás definido pelo ato/plano do perímetro, não pelo Quadro 3 (auto-contradição no próprio SSOT: zona sem CAbás com CAbás preenchido) (tinha zona=ZOE CAbás=1 por ZOE.shp +Quadro2A(basico-macroarea))"
0060560074,332455.36675000004,7394181.287075001,centroide_lote_cidadao,"R  JAPURA, 336",E1_regime_sem_cabas,"removido do SSOT: ZOE tem regime PRÓPRIO — CAbás definido pelo ato/plano do perímetro, não pelo Quadro 3 (auto-contradição no próprio SSOT: zona sem CAbás com CAbás preenchido) (tinha zona=ZOE CAbás=1 por ZOE.shp +Quadro2A(basico-macroarea))"
0060560075,332452.1789333333,7394177.619911111,centroide_lote_cidadao,"R  JAPURA, 340",E1_regime_sem_cabas,"removido do SSOT: ZOE tem regime PRÓPRIO — CAbás definido pelo ato/plano do perímetro, não pelo Quadro 3 (auto-contradição no próprio SSOT: zona sem CAbás com CAbás preenchido) (tinha zona=ZOE CAbás=1 por ZOE.shp +Quadro2A(basico-macroarea))"
0060560076,332453.0245,7394171.6939624995,centroide_lote_cidadao,"R  JAPURA, 346",E1_regime_sem_cabas,"removido do SSOT: ZOE tem regime PRÓPRIO — CAbás definido pelo ato/plano do perímetro, não pelo Quadro 3 (auto-contradição no próprio SSOT: zona sem CAbás com CAbás preenchido) (tinha zona=ZOE CAbás=1 por ZOE.shp +Quadro2A(basico-macroarea))"
0060560077,332453.0257857143,7394167.29822857,centroide_lote_cidadao,"R  JAPURA, 350",E1_regime_sem_cabas,"removido do SSOT: ZOE tem regime PRÓPRIO — CAbás definido pelo ato/plano do perímetro, não pelo Quadro 3 (auto-contradição no próprio SSOT: zona sem CAbás com CAbás preenchido) (tinha zona=ZOE CAbás=1 por ZOE.shp +Quadro2A(basico-macroarea))"
0060560078,332449.8450142857,7394162.120957143,centroide_lote_cidadao,"R  JAPURA, 356",E1_regime_sem_cabas,"removido do SSOT: ZOE tem regime PRÓPRIO — CAbás definido pelo ato/plano do perímetro, não pelo Quadro 3 (auto-contradição no próprio SSOT: zona sem CAbás com CAbás preenchido) (tinha zona=ZOE CAbás=1 por ZOE.shp +Quadro2A(basico-macroarea))"
0060560079,332450.72401428566,7394156.753714285,centroide_lote_cidadao,"R  JAPURA, 360",E1_regime_sem_cabas,"removido do SSOT: ZOE tem regime PRÓPRIO — CAbás definido pelo ato/plano do perímetro, não pelo Quadro 3 (auto-contradição no próprio SSOT: zona sem CAbás com CAbás preenchido) (tinha zona=ZOE CAbás=1 por ZOE.shp +Quadro2A(basico-macroarea))"
0060560080,332448.7852625,7394152.221937499,centroide_lote_cidadao,"R  JAPURA, 366",E1_regime_sem_cabas,"removido do SSOT: ZOE tem regime PRÓPRIO — CAbás definido pelo ato/plano do perímetro, não pelo Quadro 3 (auto-contradição no próprio SSOT: zona sem CAbás com CAbás preenchido) (tinha zona=ZOE CAbás=1 por ZOE.shp +Quadro2A(basico-macroarea))"
0060560083,332475.1722,7394136.639700001,centroide_lote_cidadao,"R  JAPURA, 375",E1_regime_sem_cabas,"removido do SSOT: ZOE tem regime PRÓPRIO — CAbás definido pelo ato/plano do perímetro, não pelo Quadro 3 (auto-contradição no próprio SSOT: zona sem CAbás com CAbás preenchido) (tinha zona=ZOE CAbás=1 por ZOE.shp +Quadro2A(basico-macroarea))"
0060560084,332477.14778,7394143.04744,centroide_lote_cidadao,"R  JAPURA, 369",E1_regime_sem_cabas,"removido do SSOT: ZOE tem regime PRÓPRIO — CAbás definido pelo ato/plano do perímetro, não pelo Quadro 3 (auto-contradição no próprio SSOT: zona sem CAbás com CAbás preenchido) (tinha zona=ZOE CAbás=1 por ZOE.shp +Quadro2A(basico-macroarea))"
0060560086,332476.4595363636,7394153.645618183,centroide_lote_cidadao,"R DO BIXIGA, 93",E1_regime_sem_cabas,"removido do SSOT: ZOE tem regime PRÓPRIO — CAbás definido pelo ato/plano do perímetro, não pelo Quadro 3 (auto-contradição no próprio SSOT: zona sem CAbás com CAbás preenchido) (tinha zona=ZOE CAbás=1 por ZOE.shp +Quadro2A(basico-macroarea))"
0060560087,332483.2600181818,7394142.496481818,centroide_lote_cidadao,"R DO BIXIGA, 77",E1_regime_sem_cabas,"removido do SSOT: ZOE tem regime PRÓPRIO — CAbás definido pelo ato/plano do perímetro, não pelo Quadro 3 (auto-contradição no próprio SSOT: zona sem CAbás com CAbás preenchido) (tinha zona=ZOE CAbás=1 por ZOE.shp +Quadro2A(basico-macroarea))"
0060560088,332489.5201833333,7394148.813583333,centroide_lote_cidadao,"R DO BIXIGA, 73",E1_regime_sem_cabas,"removido do SSOT: ZOE tem regime PRÓPRIO — CAbás definido pelo ato/plano do perímetro, não pelo Quadro 3 (auto-contradição no próprio SSOT: zona sem CAbás com CAbás preenchido) (tinha zona=ZOE CAbás=1 por ZOE.shp +Quadro2A(basico-macroarea))"
0060560089,332495.97457142855,7394144.363471428,centroide_lote_cidadao,"R DO BIXIGA, 67",E1_regime_sem_cabas,"removido do SSOT: ZOE tem regime PRÓPRIO — CAbás definido pelo ato/plano do perímetro, não pelo Quadro 3 (auto-contradição no próprio SSOT: zona sem CAbás com CAbás preenchido) (tinha zona=ZOE CAbás=1 por ZOE.shp +Quadro2A(basico-macroarea))"
0060560090,332500.5316909091,7394144.745709091,centroide_lote_cidadao,"R DO BIXIGA, 63",E1_regime_sem_cabas,"removido do SSOT: ZOE tem regime PRÓPRIO — CAbás definido pelo ato/plano do perímetro, não pelo Quadro 3 (auto-contradição no próprio SSOT: zona sem CAbás com CAbás preenchido) (tinha zona=ZOE CAbás=1 por ZOE.shp +Quadro2A(basico-macroarea))"
0060560091,332504.5396545455,7394143.642081819,centroide_lote_cidadao,"R DO BIXIGA, 57",E1_regime_sem_cabas,"removido do SSOT: ZOE tem regime PRÓPRIO — CAbás definido pelo ato/plano do perímetro, não pelo Quadro 3 (auto-contradição no próprio SSOT: zona sem CAbás com CAbás preenchido) (tinha zona=ZOE CAbás=1 por ZOE.shp +Quadro2A(basico-macroarea))"
0060560092,332509.85244000005,7394142.26496,centroide_lote_cidadao,"R DO BIXIGA, 53",E1_regime_sem_cabas,"removido do SSOT: ZOE tem regime PRÓPRIO — CAbás definido pelo ato/plano do perímetro, não pelo Quadro 3 (auto-contradição no próprio SSOT: zona sem CAbás com CAbás preenchido) (tinha zona=ZOE CAbás=1 por ZOE.shp +Quadro2A(basico-macroarea))"
0060560093,332514.14468,7394141.332629999,centroide_lote_cidadao,"R DO BIXIGA, 47",E1_regime_sem_cabas,"removido do SSOT: ZOE tem regime PRÓPRIO — CAbás definido pelo ato/plano do perímetro, não pelo Quadro 3 (auto-contradição no próprio SSOT: zona sem CAbás com CAbás preenchido) (tinha zona=ZOE CAbás=1 por ZOE.shp +Quadro2A(basico-macroarea))"
0060570009,332539.56019999995,7394178.27625,centroide_lote_cidadao,"R STO AMARO, 496",E1_regime_sem_cabas,"removido do SSOT: ZOE tem regime PRÓPRIO — CAbás definido pelo ato/plano do perímetro, não pelo Quadro 3 (auto-contradição no próprio SSOT: zona sem CAbás com CAbás preenchido) (tinha zona=ZOE CAbás=1 por ZOE.shp +Quadro2A(basico-macroarea))"
0060570010,332542.2348714286,7394174.256128572,centroide_lote_cidadao,"R STO AMARO, 502",E1_regime_sem_cabas,"removido do SSOT: ZOE tem regime PRÓPRIO — CAbás definido pelo ato/plano do perímetro, não pelo Quadro 3 (auto-contradição no próprio SSOT: zona sem CAbás com CAbás preenchido) (tinha zona=ZOE CAbás=1 por ZOE.shp +Quadro2A(basico-macroarea))"
0060570011,332540.3973857143,7394167.7273,centroide_lote_cidadao,"R STO AMARO, 506",E1_regime_sem_cabas,"removido do SSOT: ZOE tem regime PRÓPRIO — CAbás definido pelo ato/plano do perímetro, não pelo Quadro 3 (auto-contradição no próprio SSOT: zona sem CAbás com CAbás preenchido) (tinha zona=ZOE CAbás=1 por ZOE.shp +Quadro2A(basico-macroarea))"
0060570013,332532.59201176476,7394171.8437882345,centroide_lote_cidadao,"R DO BIXIGA, 32",E1_regime_sem_cabas,"removido do SSOT: ZOE tem regime PRÓPRIO — CAbás definido pelo ato/plano do perímetro, não pelo Quadro 3 (auto-contradição no próprio SSOT: zona sem CAbás com CAbás preenchido) (tinha zona=ZOE CAbás=1 por ZOE.shp +Quadro2A(basico-macroarea))"
0060570014,332527.04684545455,7394170.358736365,centroide_lote_cidadao,"R DO BIXIGA, 38",E1_regime_sem_cabas,"removido do SSOT: ZOE tem regime PRÓPRIO — CAbás definido pelo ato/plano do perímetro, não pelo Quadro 3 (auto-contradição no próprio SSOT: zona sem CAbás com CAbás preenchido) (tinha zona=ZOE CAbás=1 por ZOE.shp +Quadro2A(basico-macroarea))"
0060570015,332520.9340727273,7394171.1898,centroide_lote_cidadao,"R DO BIXIGA, 42",E1_regime_sem_cabas,"removido do SSOT: ZOE tem regime PRÓPRIO — CAbás definido pelo ato/plano do perímetro, não pelo Quadro 3 (auto-contradição no próprio SSOT: zona sem CAbás com CAbás preenchido) (tinha zona=ZOE CAbás=1 por ZOE.shp +Quadro2A(basico-macroarea))"
0060570016,332516.85172727273,7394174.369363636,centroide_lote_cidadao,"R DO BIXIGA, 48",E1_regime_sem_cabas,"removido do SSOT: ZOE tem regime PRÓPRIO — CAbás definido pelo ato/plano do perímetro, não pelo Quadro 3 (auto-contradição no próprio SSOT: zona sem CAbás com CAbás preenchido) (tinha zona=ZOE CAbás=1 por ZOE.shp +Quadro2A(basico-macroarea))"
0060570017,332512.29010000004,7394173.896077777,centroide_lote_cidadao,"R DO BIXIGA, 54",E1_regime_sem_cabas,"removido do SSOT: ZOE tem regime PRÓPRIO — CAbás definido pelo ato/plano do perímetro, não pelo Quadro 3 (auto-contradição no próprio SSOT: zona sem CAbás com CAbás preenchido) (tinha zona=ZOE CAbás=1 por ZOE.shp +Quadro2A(basico-macroarea))"
0060570018,332505.31614444446,7394172.056744445,centroide_lote_cidadao,"R DO BIXIGA, 58",E1_regime_sem_cabas,"removido do SSOT: ZOE tem regime PRÓPRIO — CAbás definido pelo ato/plano do perímetro, não pelo Quadro 3 (auto-contradição no próprio SSOT: zona sem CAbás com CAbás preenchido) (tinha zona=ZOE CAbás=1 por ZOE.shp +Quadro2A(basico-macroarea))"
0060570019,332501.81415999995,7394175.50969,centroide_lote_cidadao,"R DO BIXIGA, 64",E1_regime_sem_cabas,"removido do SSOT: ZOE tem regime PRÓPRIO — CAbás definido pelo ato/plano do perímetro, não pelo Quadro 3 (auto-contradição no próprio SSOT: zona sem CAbás com CAbás preenchido) (tinha zona=ZOE CAbás=1 por ZOE.shp +Quadro2A(basico-macroarea))"
0060570020,332495.45981,7394176.026520001,centroide_lote_cidadao,"R DO BIXIGA, 68",E1_regime_sem_cabas,"removido do SSOT: ZOE tem regime PRÓPRIO — CAbás definido pelo ato/plano do perímetro, não pelo Quadro 3 (auto-contradição no próprio SSOT: zona sem CAbás com CAbás preenchido) (tinha zona=ZOE CAbás=1 por ZOE.shp +Quadro2A(basico-macroarea))"
0060570021,332490.74073571427,7394177.437257142,centroide_lote_cidadao,"R DO BIXIGA, 74",E1_regime_sem_cabas,"removido do SSOT: ZOE tem regime PRÓPRIO — CAbás definido pelo ato/plano do perímetro, não pelo Quadro 3 (auto-contradição no próprio SSOT: zona sem CAbás com CAbás preenchido) (tinha zona=ZOE CAbás=1 por ZOE.shp +Quadro2A(basico-macroarea))"
0060570022,332480.0920222222,7394169.0743888905,centroide_lote_cidadao,"R DO BIXIGA, 92",E1_regime_sem_cabas,"removido do SSOT: ZOE tem regime PRÓPRIO — CAbás definido pelo ato/plano do perímetro, não pelo Quadro 3 (auto-contradição no próprio SSOT: zona sem CAbás com CAbás preenchido) (tinha zona=ZOE CAbás=1 por ZOE.shp +Quadro2A(basico-macroarea))"
0060570023,332481.95377777773,7394177.3436,centroide_lote_cidadao,"R  JAPURA, 341",E1_regime_sem_cabas,"removido do SSOT: ZOE tem regime PRÓPRIO — CAbás definido pelo ato/plano do perímetro, não pelo Quadro 3 (auto-contradição no próprio SSOT: zona sem CAbás com CAbás preenchido) (tinha zona=ZOE CAbás=1 por ZOE.shp +Quadro2A(basico-macroarea))"
0060570024,332484.91942999995,7394180.58109,centroide_lote_cidadao,"R  JAPURA, 335",E1_regime_sem_cabas,"removido do SSOT: ZOE tem regime PRÓPRIO — CAbás definido pelo ato/plano do perímetro, não pelo Quadro 3 (auto-contradição no próprio SSOT: zona sem CAbás com CAbás preenchido) (tinha zona=ZOE CAbás=1 por ZOE.shp +Quadro2A(basico-macroarea))"
0060570025,332483.75145,7394187.218080001,centroide_lote_cidadao,"R  JAPURA, 331",E1_regime_sem_cabas,"removido do SSOT: ZOE tem regime PRÓPRIO — CAbás definido pelo ato/plano do perímetro, não pelo Quadro 3 (auto-contradição no próprio SSOT: zona sem CAbás com CAbás preenchido) (tinha zona=ZOE CAbás=1 por ZOE.shp +Quadro2A(basico-macroarea))"
0060570026,332482.409975,7394191.843762499,centroide_lote_cidadao,"R  JAPURA, 327",E1_regime_sem_cabas,"removido do SSOT: ZOE tem regime PRÓPRIO — CAbás definido pelo ato/plano do perímetro, não pelo Quadro 3 (auto-contradição no próprio SSOT: zona sem CAbás com CAbás preenchido) (tinha zona=ZOE CAbás=1 por ZOE.shp +Quadro2A(basico-macroarea))"
0060580000,332620.8968875,7394190.78445625,centroide_lote_cidadao,,E1_regime_sem_cabas,"removido do SSOT: ZOE tem regime PRÓPRIO — CAbás definido pelo ato/plano do perímetro, não pelo Quadro 3 (auto-contradição no próprio SSOT: zona sem CAbás com CAbás preenchido) (tinha zona=ZOE CAbás=1 por ZOE.shp +Quadro2A(basico-macroarea))"
0080390054,332675.3132106146,7396529.756272628,centroide_lote_cidadao,"R  JOSE PAULINO, 7",E1_regime_sem_cabas,"removido do SSOT: ZOE tem regime PRÓPRIO — CAbás definido pelo ato/plano do perímetro, não pelo Quadro 3 (auto-contradição no próprio SSOT: zona sem CAbás com CAbás preenchido) (tinha zona=ZOE CAbás=1 por ZOE.shp +Quadro2A(basico-macroarea))"
0080730124,,,SEM_PONTO,,A5_sem_fonte_de_ponto,"sem centroide oficial no lote_cidadao E endereço do IPTU não geocodificável — não há de onde partir; bloqueio de FONTE, declarado"
0080900027,,,SEM_PONTO,,A5_sem_fonte_de_ponto,"sem centroide oficial no lote_cidadao E endereço do IPTU não geocodificável — não há de onde partir; bloqueio de FONTE, declarado"
0080900028,,,SEM_PONTO,,A5_sem_fonte_de_ponto,"sem centroide oficial no lote_cidadao E endereço do IPTU não geocodificável — não há de onde partir; bloqueio de FONTE, declarado"
0080900029,,,SEM_PONTO,,A5_sem_fonte_de_ponto,"sem centroide oficial no lote_cidadao E endereço do IPTU não geocodificável — não há de onde partir; bloqueio de FONTE, declarado"
0080900030,,,SEM_PONTO,,A5_sem_fonte_de_ponto,"sem centroide oficial no lote_cidadao E endereço do IPTU não geocodificável — não há de onde partir; bloqueio de FONTE, declarado"
0080900031,,,SEM_PONTO,,A5_sem_fonte_de_ponto,"sem centroide oficial no lote_cidadao E endereço do IPTU não geocodificável — não há de onde partir; bloqueio de FONTE, declarado"
0080900032,,,SEM_PONTO,,A5_sem_fonte_de_ponto,"sem centroide oficial no lote_cidadao E endereço do IPTU não geocodificável — não há de onde partir; bloqueio de FONTE, declarado"
0090390140,,,endereco_iptu2026,"AV BRIG LUIS ANTONIO, 1564",A5_sem_fonte_de_ponto,"sem centroide oficial no lote_cidadao E endereço do IPTU não geocodificável — não há de onde partir; bloqueio de FONTE, declarado"
0100220001,330848.9966942857,7394588.647917143,centroide_lote_cidadao,"R DA CONSOLACAO, 1660",E1_regime_sem_cabas,"removido do SSOT: ZOE tem regime PRÓPRIO — CAbás definido pelo ato/plano do perímetro, não pelo Quadro 3 (auto-contradição no próprio SSOT: zona sem CAbás com CAbás preenchido) (tinha zona=ZOE CAbás=1 por GeoSampa(Lei18177→ZOE)+Q3)"
0100220002,331007.67187499994,7394671.27565,centroide_lote_cidadao,"R  SERGIPE, 177",E1_regime_sem_cabas,"removido do SSOT: ZOE tem regime PRÓPRIO — CAbás definido pelo ato/plano do perímetro, não pelo Quadro 3 (auto-contradição no próprio SSOT: zona sem CAbás com CAbás preenchido) (tinha zona=ZOE CAbás=1 por GeoSampa(Lei18177→ZOE)+Q3)"
0100220003,331023.8342166667,7394632.549199999,centroide_lote_cidadao,"R  SERGIPE, 83",E1_regime_sem_cabas,"removido do SSOT: ZOE tem regime PRÓPRIO — CAbás definido pelo ato/plano do perímetro, não pelo Quadro 3 (auto-contradição no próprio SSOT: zona sem CAbás com CAbás preenchido) (tinha zona=ZOE CAbás=1 por GeoSampa(Lei18177→ZOE)+Q3)"
0110770004,329576.26164032257,7394292.931883872,centroide_lote_cidadao,"AV DR ARNALDO,",E1_regime_sem_cabas,"removido do SSOT: ZOE tem regime PRÓPRIO — CAbás definido pelo ato/plano do perímetro, não pelo Quadro 3 (auto-contradição no próprio SSOT: zona sem CAbás com CAbás preenchido) (tinha zona=ZOE CAbás=1 por ZOE.shp +Quadro2A(basico-macroarea))"
0111080001,330065.5904262297,7394645.491984971,centroide_lote_cidadao,"R  ITAPOLIS,",E1_regime_sem_cabas,"removido do SSOT: ZOE tem regime PRÓPRIO — CAbás definido pelo ato/plano do perímetro, não pelo Quadro 3 (auto-contradição no próprio SSOT: zona sem CAbás com CAbás preenchido) (tinha zona=ZOE CAbás=1 por GeoSampa(Lei18177→ZOE)+Q3)"
0130050001,328757.95601724135,7392959.98904138,centroide_lote_cidadao,"AV DR ARNALDO, 165",E1_regime_sem_cabas,"removido do SSOT: ZOE tem regime PRÓPRIO — CAbás definido pelo ato/plano do perímetro, não pelo Quadro 3 (auto-contradição no próprio SSOT: zona sem CAbás com CAbás preenchido) (tinha zona=ZOE CAbás=1 por ZOE.shp +Quadro2A(basico-macroarea))"
0130050002,329368.17778444453,7394044.308416665,centroide_lote_cidadao,"AV DR ARNALDO, 455",E1_regime_sem_cabas,"removido do SSOT: ZOE tem regime PRÓPRIO — CAbás definido pelo ato/plano do perímetro, não pelo Quadro 3 (auto-contradição no próprio SSOT: zona sem CAbás com CAbás preenchido) (tinha zona=ZOE CAbás=1 por ZOE.shp +Quadro2A(basico-macroarea))"
0130050003,328702.49066400004,7392958.126940001,centroide_lote_cidadao,"AV DR ARNALDO, 355",E1_regime_sem_cabas,"removido do SSOT: ZOE tem regime PRÓPRIO — CAbás definido pelo ato/plano do perímetro, não pelo Quadro 3 (auto-contradição no próprio SSOT: zona sem CAbás com CAbás preenchido) (tinha zona=ZOE CAbás=1 por ZOE.shp +Quadro2A(basico-macroarea))"
0130090082,329395.4036071428,7393853.687949999,centroide_lote_cidadao,"AV DR ENEAS CARVALHO DE AGUIAR, 419",E1_regime_sem_cabas,"removido do SSOT: ZOE tem regime PRÓPRIO — CAbás definido pelo ato/plano do perímetro, não pelo Quadro 3 (auto-contradição no próprio SSOT: zona sem CAbás com CAbás preenchido) (tinha zona=ZOE CAbás=1 por ZOE.shp +Quadro2A(basico-macroarea))"
0160090028,,,SEM_PONTO,,A5_sem_fonte_de_ponto,"sem centroide oficial no lote_cidadao E endereço do IPTU não geocodificável — não há de onde partir; bloqueio de FONTE, declarado"
0180230037,333585.05025757576,7397365.895309092,centroide_lote_cidadao,"AV  TIRADENTES,",E1_regime_sem_cabas,"camada VIGENTE (Lei 18.177/2024) no centroide OFICIAL do lote devolveu 'Praça/Canteiro': bem público não-edificável (praça/canteiro) — sem CAbás. Pendência de REGIME, não de coleta — recoletar não muda"
0270840016,335150.43646785716,7395088.312325001,centroide_lote_cidadao,"AV  RANGEL PESTANA,",E1_regime_sem_cabas,"camada VIGENTE (Lei 18.177/2024) no centroide OFICIAL do lote devolveu 'ZOE': ZOE tem regime PRÓPRIO — CAbás definido pelo ato/plano do perímetro, não pelo Quadro 3. Pendência de REGIME, não de coleta — recoletar não muda"
0280460000,335832.1389533334,7393948.0164,centroide_lote_cidadao,,E1_regime_sem_cabas,"removido do SSOT: ZOE tem regime PRÓPRIO — CAbás definido pelo ato/plano do perímetro, não pelo Quadro 3 (auto-contradição no próprio SSOT: zona sem CAbás com CAbás preenchido) (tinha zona=ZOE CAbás=1 por ZOE.shp +Quadro2A(basico-macroarea))"
0280460049,335906.9137272727,7393896.1951181805,centroide_lote_cidadao,"R MONS JOAO FELIPO, 1",E1_regime_sem_cabas,"removido do SSOT: ZOE tem regime PRÓPRIO — CAbás definido pelo ato/plano do perímetro, não pelo Quadro 3 (auto-contradição no próprio SSOT: zona sem CAbás com CAbás preenchido) (tinha zona=ZOE CAbás=1 por ZOE.shp +Quadro2A(basico-macroarea))"
0280460057,336225.2189375,7393090.195325,centroide_lote_cidadao,"R  BORGES DE FIGUEIREDO, 1098",E1_regime_sem_cabas,"removido do SSOT: ZOE tem regime PRÓPRIO — CAbás definido pelo ato/plano do perímetro, não pelo Quadro 3 (auto-contradição no próprio SSOT: zona sem CAbás com CAbás preenchido) (tinha zona=ZOE CAbás=1 por ZOE.shp +Quadro2A(basico-macroarea))"
0280460058,336240.5526857143,7393085.968099999,centroide_lote_cidadao,"R  BORGES DE FIGUEIREDO, 1110",E1_regime_sem_cabas,"removido do SSOT: ZOE tem regime PRÓPRIO — CAbás definido pelo ato/plano do perímetro, não pelo Quadro 3 (auto-contradição no próprio SSOT: zona sem CAbás com CAbás preenchido) (tinha zona=ZOE CAbás=1 por ZOE.shp +Quadro2A(basico-macroarea))"
0280460059,336235.73321428575,7393070.750885715,centroide_lote_cidadao,"R  BORGES DE FIGUEIREDO, 1120",E1_regime_sem_cabas,"removido do SSOT: ZOE tem regime PRÓPRIO — CAbás definido pelo ato/plano do perímetro, não pelo Quadro 3 (auto-contradição no próprio SSOT: zona sem CAbás com CAbás preenchido) (tinha zona=ZOE CAbás=1 por ZOE.shp +Quadro2A(basico-macroarea))"
0280460060,336250.5500714286,7393063.825685714,centroide_lote_cidadao,"R  BORGES DE FIGUEIREDO, 1132",E1_regime_sem_cabas,"removido do SSOT: ZOE tem regime PRÓPRIO — CAbás definido pelo ato/plano do perímetro, não pelo Quadro 3 (auto-contradição no próprio SSOT: zona sem CAbás com CAbás preenchido) (tinha zona=ZOE CAbás=1 por ZOE.shp +Quadro2A(basico-macroarea))"
0280460061,336255.78682857146,7393052.226814286,centroide_lote_cidadao,"R  BORGES DE FIGUEIREDO, 1144",E1_regime_sem_cabas,"removido do SSOT: ZOE tem regime PRÓPRIO — CAbás definido pelo ato/plano do perímetro, não pelo Quadro 3 (auto-contradição no próprio SSOT: zona sem CAbás com CAbás preenchido) (tinha zona=ZOE CAbás=1 por ZOE.shp +Quadro2A(basico-macroarea))"
0280460062,336250.3902142857,7393038.266828571,centroide_lote_cidadao,"R  BORGES DE FIGUEIREDO, 1156",E1_regime_sem_cabas,"removido do SSOT: ZOE tem regime PRÓPRIO — CAbás definido pelo ato/plano do perímetro, não pelo Quadro 3 (auto-contradição no próprio SSOT: zona sem CAbás com CAbás preenchido) (tinha zona=ZOE CAbás=1 por ZOE.shp +Quadro2A(basico-macroarea))"
0280460063,336261.6552125,7393028.994112499,centroide_lote_cidadao,"R  BORGES DE FIGUEIREDO, 1168",E1_regime_sem_cabas,"removido do SSOT: ZOE tem regime PRÓPRIO — CAbás definido pelo ato/plano do perímetro, não pelo Quadro 3 (auto-contradição no próprio SSOT: zona sem CAbás com CAbás preenchido) (tinha zona=ZOE CAbás=1 por ZOE.shp +Quadro2A(basico-macroarea))"
0280460064,336265.94895000005,7393018.5665,centroide_lote_cidadao,"R  BORGES DE FIGUEIREDO, 1180",E1_regime_sem_cabas,"removido do SSOT: ZOE tem regime PRÓPRIO — CAbás definido pelo ato/plano do perímetro, não pelo Quadro 3 (auto-contradição no próprio SSOT: zona sem CAbás com CAbás preenchido) (tinha zona=ZOE CAbás=1 por ZOE.shp +Quadro2A(basico-macroarea))"
0280460065,336275.4966444445,7393009.757422221,centroide_lote_cidadao,"R  BORGES DE FIGUEIREDO, 1186",E1_regime_sem_cabas,"removido do SSOT: ZOE tem regime PRÓPRIO — CAbás definido pelo ato/plano do perímetro, não pelo Quadro 3 (auto-contradição no próprio SSOT: zona sem CAbás com CAbás preenchido) (tinha zona=ZOE CAbás=1 por ZOE.shp +Quadro2A(basico-macroarea))"
0280460066,336270.93159999995,7392992.900514285,centroide_lote_cidadao,"R  BORGES DE FIGUEIREDO, 1204",E1_regime_sem_cabas,"removido do SSOT: ZOE tem regime PRÓPRIO — CAbás definido pelo ato/plano do perímetro, não pelo Quadro 3 (auto-contradição no próprio SSOT: zona sem CAbás com CAbás preenchido) (tinha zona=ZOE CAbás=1 por ZOE.shp +Quadro2A(basico-macroarea))"
0280460067,336276.0024285714,7392981.710071429,centroide_lote_cidadao,"R  BORGES DE FIGUEIREDO, 1216",E1_regime_sem_cabas,"removido do SSOT: ZOE tem regime PRÓPRIO — CAbás definido pelo ato/plano do perímetro, não pelo Quadro 3 (auto-contradição no próprio SSOT: zona sem CAbás com CAbás preenchido) (tinha zona=ZOE CAbás=1 por ZOE.shp +Quadro2A(basico-macroarea))"
0280460068,336281.1788,7392970.269485714,centroide_lote_cidadao,"R  BORGES DE FIGUEIREDO, 1228",E1_regime_sem_cabas,"removido do SSOT: ZOE tem regime PRÓPRIO — CAbás definido pelo ato/plano do perímetro, não pelo Quadro 3 (auto-contradição no próprio SSOT: zona sem CAbás com CAbás preenchido) (tinha zona=ZOE CAbás=1 por ZOE.shp +Quadro2A(basico-macroarea))"
0280460069,336297.3689555556,7392944.184977779,centroide_lote_cidadao,"R  BORGES DE FIGUEIREDO, 1250",E1_regime_sem_cabas,"removido do SSOT: ZOE tem regime PRÓPRIO — CAbás definido pelo ato/plano do perímetro, não pelo Quadro 3 (auto-contradição no próprio SSOT: zona sem CAbás com CAbás preenchido) (tinha zona=ZOE CAbás=1 por ZOE.shp +Quadro2A(basico-macroarea))"
0280460070,336340.8943055555,7392874.235444444,centroide_lote_cidadao,"R  BORGES DE FIGUEIREDO, 1294",E1_regime_sem_cabas,"removido do SSOT: ZOE tem regime PRÓPRIO — CAbás definido pelo ato/plano do perímetro, não pelo Quadro 3 (auto-contradição no próprio SSOT: zona sem CAbás com CAbás preenchido) (tinha zona=ZOE CAbás=1 por ZOE.shp +Quadro2A(basico-macroarea))"
0280460074,335894.3945712121,7393615.9765030295,centroide_lote_cidadao,"AV PRES WILSON, 1009",E1_regime_sem_cabas,"removido do SSOT: ZOE tem regime PRÓPRIO — CAbás definido pelo ato/plano do perímetro, não pelo Quadro 3 (auto-contradição no próprio SSOT: zona sem CAbás com CAbás preenchido) (tinha zona=ZOE CAbás=1 por ZOE.shp +Quadro2A(basico-macroarea))"
0280460112,335989.04461250006,7393634.390309373,centroide_lote_cidadao,"R  BORGES DE FIGUEIREDO, 510",E1_regime_sem_cabas,"removido do SSOT: ZOE tem regime PRÓPRIO — CAbás definido pelo ato/plano do perímetro, não pelo Quadro 3 (auto-contradição no próprio SSOT: zona sem CAbás com CAbás preenchido) (tinha zona=ZOE CAbás=1 por ZOE.shp +Quadro2A(basico-macroarea))"
0280460129,336171.24078333325,7393204.612025,centroide_lote_cidadao,"R  BORGES DE FIGUEIREDO, 964",E1_regime_sem_cabas,"removido do SSOT: ZOE tem regime PRÓPRIO — CAbás definido pelo ato/plano do perímetro, não pelo Quadro 3 (auto-contradição no próprio SSOT: zona sem CAbás com CAbás preenchido) (tinha zona=ZOE CAbás=1 por ZOE.shp +Quadro2A(basico-macroarea))"
0280460130,336211.01118000003,7393128.987299999,centroide_lote_cidadao,"R  BORGES DE FIGUEIREDO, 1030",E1_regime_sem_cabas,"removido do SSOT: ZOE tem regime PRÓPRIO — CAbás definido pelo ato/plano do perímetro, não pelo Quadro 3 (auto-contradição no próprio SSOT: zona sem CAbás com CAbás preenchido) (tinha zona=ZOE CAbás=1 por ZOE.shp +Quadro2A(basico-macroarea))"
0280460134,335915.23640555557,7393807.790005554,centroide_lote_cidadao,"R  BORGES DE FIGUEIREDO, 300",E1_regime_sem_cabas,"removido do SSOT: ZOE tem regime PRÓPRIO — CAbás definido pelo ato/plano do perímetro, não pelo Quadro 3 (auto-contradição no próprio SSOT: zona sem CAbás com CAbás preenchido) (tinha zona=ZOE CAbás=1 por ZOE.shp +Quadro2A(basico-macroarea))"
0340460085,,,endereco_iptu2026,"R  MUNIZ DE SOUSA,",A1_so_v3,"camada VIGENTE (Lei 18.177/2024) sem feição no ponto; só a camada ANTIGA v3/2004 responde ('ZM-3b'), cujo rótulo está fora do Quadro 3"
0360090001,331129.73151199985,7390782.317856579,centroide_lote_cidadao,"AV  PAULISTA, 227",E1_regime_sem_cabas,"camada VIGENTE (Lei 18.177/2024) no centroide OFICIAL do lote devolveu 'Praça/Canteiro': bem público não-edificável (praça/canteiro) — sem CAbás. Pendência de REGIME, não de coleta — recoletar não muda"
0361380154,331051.33569397597,7391485.914144577,centroide_lote_cidadao,"R  MANUEL DA NOBREGA, 1111",E1_regime_sem_cabas,"removido do SSOT: ZOE tem regime PRÓPRIO — CAbás definido pelo ato/plano do perímetro, não pelo Quadro 3 (auto-contradição no próprio SSOT: zona sem CAbás com CAbás preenchido) (tinha zona=ZOE CAbás=1 por ZOE.shp +Quadro2A(basico-macroarea))"
0513190002,340193.8098821099,7390600.04950734,centroide_lote_cidadao,"R DOS RAINUNCULOS, 423",E1_regime_sem_cabas,"removido do SSOT: ZOE tem regime PRÓPRIO — CAbás definido pelo ato/plano do perímetro, não pelo Quadro 3 (auto-contradição no próprio SSOT: zona sem CAbás com CAbás preenchido) (tinha zona=ZOE CAbás=1 por ZOE.shp +Quadro2A(basico-macroarea))"
0610530001,341772.58680606046,7397330.7959848475,centroide_lote_cidadao,"PC NSRA DA PENHA, 1682",E1_regime_sem_cabas,"camada VIGENTE (Lei 18.177/2024) no centroide OFICIAL do lote devolveu 'Praça/Canteiro': bem público não-edificável (praça/canteiro) — sem CAbás. Pendência de REGIME, não de coleta — recoletar não muda"
0812100001,328033.71109999996,7393661.014921211,centroide_lote_cidadao,"R CARD ARCOVERDE, 99",E1_regime_sem_cabas,"removido do SSOT: ZOE tem regime PRÓPRIO — CAbás definido pelo ato/plano do perímetro, não pelo Quadro 3 (auto-contradição no próprio SSOT: zona sem CAbás com CAbás preenchido) (tinha zona=ZOE CAbás=1 por ZOE.shp +Quadro2A(basico-macroarea))"
0825170012,324321.6518009135,7392515.021256163,centroide_lote_cidadao,"AV  VITAL BRAZIL,",E1_regime_sem_cabas,"removido do SSOT: ZOE tem regime PRÓPRIO — CAbás definido pelo ato/plano do perímetro, não pelo Quadro 3 (auto-contradição no próprio SSOT: zona sem CAbás com CAbás preenchido) (tinha zona=ZOE CAbás=1 por ZOE.shp +Quadro2A(basico-macroarea))"
0825170014,323243.2007925855,7393041.365777376,centroide_lote_cidadao,"AV  ESCOLA POLITECNICA,",E1_regime_sem_cabas,"removido do SSOT: ZOE tem regime PRÓPRIO — CAbás definido pelo ato/plano do perímetro, não pelo Quadro 3 (auto-contradição no próprio SSOT: zona sem CAbás com CAbás preenchido) (tinha zona=ZOE CAbás=1 por ZOE.shp +Quadro2A(basico-macroarea))"
0904790108,,,endereco_iptu2026,"R VISC DE PORTO SEGURO, 688",A1_so_v3,"camada VIGENTE (Lei 18.177/2024) sem feição no ponto; só a camada ANTIGA v3/2004 responde ('ZER-1'), cujo rótulo está fora do Quadro 3"
0980470002,325428.41161300807,7398321.422426828,centroide_lote_cidadao,"AV  RAIMUNDO PEREIRA DE MAGALHAES, 1000",E1_regime_sem_cabas,"removido do SSOT: ZOE tem regime PRÓPRIO — CAbás definido pelo ato/plano do perímetro, não pelo Quadro 3 (auto-contradição no próprio SSOT: zona sem CAbás com CAbás preenchido) (tinha zona=ZOE CAbás=1 por ZOE.shp +Quadro2A(basico-macroarea))"
0990280082,325812.55690769234,7398303.881661539,centroide_lote_cidadao,"R  WILLIAM SPEERS, 1212",E1_regime_sem_cabas,"removido do SSOT: ZOE tem regime PRÓPRIO — CAbás definido pelo ato/plano do perímetro, não pelo Quadro 3 (auto-contradição no próprio SSOT: zona sem CAbás com CAbás preenchido) (tinha zona=ZOE CAbás=1 por ZOE.shp +Quadro2A(basico-macroarea))"
0990280083,325849.1356,7398299.541922223,centroide_lote_cidadao,"R  WILLIAM SPEERS, 1202",E1_regime_sem_cabas,"removido do SSOT: ZOE tem regime PRÓPRIO — CAbás definido pelo ato/plano do perímetro, não pelo Quadro 3 (auto-contradição no próprio SSOT: zona sem CAbás com CAbás preenchido) (tinha zona=ZOE CAbás=1 por ZOE.shp +Quadro2A(basico-macroarea))"
0990280084,325871.83966923074,7398284.889623078,centroide_lote_cidadao,"R  WILLIAM SPEERS, 1180",E1_regime_sem_cabas,"removido do SSOT: ZOE tem regime PRÓPRIO — CAbás definido pelo ato/plano do perímetro, não pelo Quadro 3 (auto-contradição no próprio SSOT: zona sem CAbás com CAbás preenchido) (tinha zona=ZOE CAbás=1 por ZOE.shp +Quadro2A(basico-macroarea))"
1231280001,324468.21828935476,7388872.081061937,centroide_lote_cidadao,"PC  ROBERTO GOMES PEDROSA, 1",E1_regime_sem_cabas,"removido do SSOT: ZOE tem regime PRÓPRIO — CAbás definido pelo ato/plano do perímetro, não pelo Quadro 3 (auto-contradição no próprio SSOT: zona sem CAbás com CAbás preenchido) (tinha zona=ZOE CAbás=1 por ZOE.shp +Quadro2A(basico-macroarea))"
1970340026,327903.6931782609,7398048.912621737,centroide_lote_cidadao,"AV MARQ DE SAO VICENTE, 2477",E1_regime_sem_cabas,"removido do SSOT: ZOE tem regime PRÓPRIO — CAbás definido pelo ato/plano do perímetro, não pelo Quadro 3 (auto-contradição no próprio SSOT: zona sem CAbás com CAbás preenchido) (tinha zona=ZOE CAbás=1 por ZOE.shp +Quadro2A(basico-macroarea))"
2000560004,326323.7791341462,7391909.654470733,centroide_lote_cidadao,"R  BENTO FRIAS, 223",E1_regime_sem_cabas,"removido do SSOT: ZOE tem regime PRÓPRIO — CAbás definido pelo ato/plano do perímetro, não pelo Quadro 3 (auto-contradição no próprio SSOT: zona sem CAbás com CAbás preenchido) (tinha zona=ZOE CAbás=1 por ZOE.shp +Quadro2A(basico-macroarea))"
2000580001,326717.3233484733,7391191.523996948,centroide_lote_cidadao,"AV  LINEU DE PAULA MACHADO, 1263",E1_regime_sem_cabas,"removido do SSOT: ZOE tem regime PRÓPRIO — CAbás definido pelo ato/plano do perímetro, não pelo Quadro 3 (auto-contradição no próprio SSOT: zona sem CAbás com CAbás preenchido) (tinha zona=ZOE CAbás=1 por ZOE.shp +Quadro2A(basico-macroarea))"
3040090001,,,endereco_iptu2026,"AV  CRUZEIRO DO SUL, 2516",A2_ponto_sem_zona,"ponto não interseccionou NENHUMA camada de zoneamento (nem a vigente, nem a v3)"
3060600013,,,endereco_iptu2026,"R STO ANSELMO, 102",A1_so_v3,"camada VIGENTE (Lei 18.177/2024) sem feição no ponto; só a camada ANTIGA v3/2004 responde ('ZER-1'), cujo rótulo está fora do Quadro 3"
