sql_mestre,zona_v3,zona_18177,na_aiu_sce,status
0010110001,ZCP-a,ZEIS-3,1,ok
0010110002,ZCP-a,ZEIS-3,1,ok
0010190004,ZCP-a,ZC,1,ok
0010190038,ZCP-a,ZC,1,ok
0010190309,ZCP-a,ZC,1,ok
0010200034,ZCP-a,ZC,1,ok
0010230162,ZCP-a,ZC,1,ok
0010260004,ZCP-b,ZC,1,ok
0010260005,ZCP-b,ZC,1,ok
0010270028,ZCP-b,ZC,1,ok
0010270031,ZCP-b,ZC,1,ok
0010340024,ZM-3a,ZC,1,ok
0010360279,ZCP-b,ZC,1,ok
0010450004,ZCP-b,ZC,1,ok
0010460003,ZCP-b,ZC,1,ok
0010460007,ZCP-b,ZC,1,ok
0010460275,ZCP-b,ZC,1,ok
0010500001,ZCP-b,ZC,1,ok
0010500002,ZCP-b,ZC,1,ok
0010500003,ZCP-b,ZC,1,ok
0010500005,ZCP-b,ZC,1,ok
0010500006,ZCP-b,ZC,1,ok
0010500007,ZCP-b,ZC,1,ok
0010500081,ZCP-b,ZC,1,ok
0010510055,ZCP-b,ZC,1,ok
0010520006,ZCP-b,ZC,1,ok
0010530000,ZCP-b,ZEIS-5,1,ok
0010530048,ZCP-b,ZC,1,ok
0010530049,ZCP-b,ZC,1,ok
0010720098,ZCP-b,ZC,1,ok
0010720099,ZCP-b,ZC,1,ok
0010750010,ZCP-b,ZC,1,ok
0010770000,ZCP-b,ZC,1,ok
0010770003,ZCP-b,ZC,1,ok
0010770009,ZCP-b,ZC,1,ok
0010800000,ZCP-b,ZC,1,ok
0010800009,ZCP-b,ZC,1,ok
0010800014,ZCP-b,ZC,1,ok
0010800016,ZCP-b,ZC,1,ok
0020110015,ZM-3a,ZEIS-3,1,ok
0020110016,ZM-3a,ZEIS-3,1,ok
0020110034,ZM-3a,ZEIS-3,1,ok
0020110045,ZM-3a,ZEIS-3,1,ok
0020110046,ZM-3a,ZEIS-3,1,ok
0020120003,ZM-3a,ZEIS-3,1,ok
0020120014,ZM-3a,ZEIS-3,1,ok
0020120020,ZM-3a,ZEIS-3,1,ok
0020130003,ZM-3a,ZEIS-3,1,ok
0020130011,ZM-3a,ZEIS-3,1,ok
0020130016,ZM-3a,ZEIS-3,1,ok
0020140011,ZM-3a,ZEIS-3,1,ok
0020140013,ZM-3a,ZEIS-3,1,ok
0020160000,ZM-3a,ZEIS-3,1,ok
0020160002,ZM-3a,ZEIS-3,1,ok
0020520001,,Praça/Canteiro,1,ok
0020590052,ZCP-b,ZC,1,ok
0020610004,ZCP-b,ZC,1,ok
0020620001,ZCP-b,ZC,1,ok
0020630001,ZCP-b,ZC,1,ok
0020660017,ZCP-b,ZC,1,ok
0020660018,ZCP-b,ZC,1,ok
0020660019,ZCP-b,ZC,1,ok
0020680007,ZCP-b,ZC,1,ok
0020730003,ZCP-b,ZC,1,ok
0020730004,ZCP-b,ZC,1,ok
0020740007,ZCP-b,ZC,1,ok
0030020011,ZCP-b,ZC,1,ok
0030020020,ZCP-b,ZC,1,ok
0030020021,ZCP-b,ZC,1,ok
0030060019,ZCP-b,ZC,1,ok
0040110006,ZCP-b,ZEIS-3,1,ok
0050030048,ZCP-b,ZC,1,ok
0050080001,ZCP-b,ZC,1,ok
0050100002,ZCP-b,ZC,1,ok
0050100003,ZCP-b,Praça/Canteiro,1,ok
0050100006,ZCP-b,ZC,1,ok
0050110000,ZCP-b,ZC,1,ok
0050110022,ZCP-b,ZC,1,ok
0050120004,ZCP-b,Praça/Canteiro,1,ok
0050130119,ZCP-b,ZC,1,ok
0050140030,ZCP-b,ZC,1,ok
0050160034,ZCP-b,ZC,1,ok
0050190000,ZCP-b,ZC,1,ok
0050190017,ZCP-b,ZC,1,ok
0050191050,ZCP-b,ZC,1,ok
0050220002,ZCP-b,ZC,1,ok
0050220003,ZCP-b,ZC,1,ok
0050220004,ZCP-b,ZC,1,ok
0050220005,ZCP-b,ZC,1,ok
0050240050,ZCP-b,ZC,1,ok
0050260001,ZCP-b,Praça/Canteiro,1,ok
0050280000,ZCP-b,ZC,1,ok
0050280004,ZCP-b,ZC,1,ok
0050280017,ZCP-b,ZC,1,ok
0050280018,ZCP-b,ZC,1,ok
0050280021,ZCP-b,ZC,1,ok
0050280023,ZCP-b,ZC,1,ok
0050300000,ZCP-b,ZC,1,ok
0050300016,ZCP-b,ZC,1,ok
0050300022,ZCP-b,ZC,1,ok
0050340000,ZCP-b,ZC,1,ok
0050350000,ZCP-b,ZC,1,ok
0050380002,ZCP-b,ZC,1,ok
0050380003,ZCP-b,ZC,1,ok
0050380004,ZCP-b,ZC,1,ok
0050380005,ZCP-b,ZC,1,ok
0050390000,ZCP-b,ZC,1,ok
0050400043,ZCP-b,ZC,1,ok
0050430009,ZCP-b,ZEIS-3,1,ok
0050440014,ZCP-b,ZEIS-3,1,ok
0050460003,ZCP-b,ZEIS-5,1,ok
0050460056,ZCP-b,ZEIS-5,1,ok
0050460067,ZCP-b,ZEIS-5,1,ok
0050460076,ZCP-b,ZEIS-5,1,ok
0050460077,ZCP-b,ZEIS-5,1,ok
0050460081,ZCP-b,ZEIS-5,1,ok
0050460082,ZCP-b,ZEIS-5,1,ok
0050460083,ZCP-b,ZEIS-5,1,ok
0050460084,ZCP-b,ZEIS-5,1,ok
0050460085,ZCP-b,ZEIS-5,1,ok
0050480029,ZCP-a,ZEIS-3,1,ok
0050510039,ZCP-b,ZC,1,ok
0050580004,ZCP-b,ZEU,1,ok
0050760082,ZCP-b,ZEIS-3,1,ok
0050760100,ZCP-b,ZEIS-3,1,ok
0050790015,ZCP-b,ZC,1,ok
0050820000,ZCP-b,ZC,1,ok
0050820013,ZCP-b,ZC,1,ok
0050820014,ZCP-b,ZC,1,ok
0050820018,ZCP-b,ZC,1,ok
0050860061,ZCP-a,ZEIS-3,1,ok
0050870017,ZCP-a,ZEU,1,ok
0060020001,ZCP-b,Praça/Canteiro,1,ok
0060121019,ZCP-b,ZC,1,ok
0060140001,ZCP-b,Praça/Canteiro,1,ok
0060150001,ZCP-b,Praça/Canteiro,1,ok
0060230018,ZCP-b,ZC,1,ok
0060230019,ZCP-b,ZC,1,ok
0060250000,ZCP-b,ZC,1,ok
0060250015,ZCP-b,ZEIS-3,1,ok
0060260001,ZCP-b,Praça/Canteiro,1,ok
0060270000,ZCP-b,ZC,1,ok
0060270025,ZCP-b,ZC,1,ok
0060270027,ZCP-b,ZC,1,ok
0060470001,ZCP-b,ZC,1,ok
0060470065,ZCP-b,ZC,1,ok
0060470114,ZCP-b,ZC,1,ok
0060470122,ZCP-b,ZC,1,ok
0060480016,ZCP-b,ZC,1,ok
0060480024,ZCP-b,ZC,1,ok
0060490028,ZCP-b,ZC,1,ok
0060550000,ZCP-b,ZC,1,ok
0060550011,ZCP-b,ZC,1,ok
0060560020,ZCP-b,ZOE,1,ok
0060560035,,,,sem_lote
0060560036,,,,sem_lote
0060560048,ZCP-b,ZC,1,ok
0060560060,ZCP-b,ZC,1,ok
0060560061,ZCP-b,ZC,1,ok
0060560081,ZCP-b,ZC,1,ok
0060560082,ZCP-b,ZC,1,ok
0060570036,ZCP-b,ZC,1,ok
0060570037,ZCP-b,ZC,1,ok
0060680017,ZCP-b,ZC,1,ok
0060680018,ZCP-b,ZC,1,ok
0060680288,ZCP-b,ZC,1,ok
0060730007,ZCP-b,ZC,1,ok
0060730008,ZCP-b,ZC,1,ok
0060730009,ZCP-b,ZC,1,ok
0060730010,ZCP-b,ZC,1,ok
0060730013,ZCP-b,ZC,1,ok
0060730014,ZCP-b,ZC,1,ok
0060730016,ZCP-b,ZC,1,ok
0060730017,ZCP-b,ZC,1,ok
0060730020,ZCP-b,ZC,1,ok
0060740006,ZM-3a,ZC,1,ok
0070520000,ZCP-b,ZC,1,ok
0070570371,ZM-3b,ZM,0,ok
0070720000,ZCP-b,ZC,1,ok
0070750000,ZCP-b,ZC,1,ok
0070750029,ZCP-b,ZC,1,ok
0070750176,ZCP-b,ZC,1,ok
0080250002,ZCP-a,ZEM,1,ok
0080250111,ZCP-a,ZEM,1,ok
0080360027,ZCP-a,ZEIS-3,1,ok
0080360049,ZCP-a,ZEIS-3,1,ok
0080370003,ZCP-a,ZEIS-3,1,ok
0080370014,ZCP-a,ZEIS-3,1,ok
0080380024,ZCP-a,ZEIS-3,1,ok
0080390049,ZCP-a,ZC,1,ok
0080450000,ZM-3b,ZC,1,ok
0080610000,ZCP-b,ZC,1,ok
0080650000,ZCP-b,ZC,1,ok
0080660055,ZCP-b,ZC,1,ok
0080670066,ZCP-a,ZEIS-3,1,ok
0080670069,ZCP-a,ZEIS-3,1,ok
0080700037,ZCP-b,ZC,1,ok
0080730001,ZCP-b,ZC,1,ok
0080730008,ZCP-b,ZC,1,ok
0080730036,ZCP-b,ZC,1,ok
0080730124,,,,sem_lote
0080780001,ZCP-b,ZC,1,ok
0080780002,ZCP-b,ZC,1,ok
0080780003,ZCP-b,ZC,1,ok
0080810002,ZCP-b,ZC,1,ok
0080810028,ZCP-b,ZC,1,ok
0080810244,ZCP-b,ZC,1,ok
0080810263,ZCP-b,ZC,1,ok
0080820022,ZCP-b,ZEIS-3,1,ok
0080830003,ZCP-b,ZEIS-3,1,ok
0080880018,ZCP-b,ZC,1,ok
0080880218,ZCP-b,ZC,1,ok
0080880231,ZCP-b,ZC,1,ok
0080890027,ZCP-b,ZEIS-3,1,ok
0080890159,ZCP-b,ZEIS-3,1,ok
0080890170,ZCP-b,ZC,1,ok
0080890171,ZCP-b,ZC,1,ok
0080890172,ZCP-b,ZC,1,ok
0080890174,ZCP-b,ZC,1,ok
0080890175,ZCP-b,ZC,1,ok
0080890176,ZCP-b,ZC,1,ok
0080890177,ZCP-b,ZC,1,ok
0080890178,ZCP-b,ZC,1,ok
0080890179,ZCP-b,ZC,1,ok
0080890279,ZCP-b,ZEIS-3,1,ok
0080900027,,,,sem_lote
0080900028,,,,sem_lote
0080900029,,,,sem_lote
0080900030,,,,sem_lote
0080900031,,,,sem_lote
0080900032,,,,sem_lote
0080930000,,,,sem_lote
0080930063,,,,sem_lote
0090010000,,,,sem_lote
0090040021,,,,sem_lote
0090040022,,,,sem_lote
0090040041,,,,sem_lote
0090050033,,,,sem_lote
0090060014,,,,sem_lote
0090060015,,,,sem_lote
0090060016,,,,sem_lote
0090070080,,,,sem_lote
0090080050,,,,sem_lote
0090110006,,,,sem_lote
0090110007,,,,sem_lote
0090110008,,,,sem_lote
0090110040,,,,sem_lote
0090120053,,,,sem_lote
0090140076,,,,sem_lote
0090140096,,,,sem_lote
0090170052,,,,sem_lote
0090170053,,,,sem_lote
0090170054,,,,sem_lote
0090170055,,,,sem_lote
0090170056,,,,sem_lote
0090170057,,,,sem_lote
0090170060,,,,sem_lote
0090170176,,,,sem_lote
0090170180,,,,sem_lote
0090170243,,,,sem_lote
0090190036,,,,sem_lote
0090190037,,,,sem_lote
0090190044,,,,sem_lote
0090190058,,,,sem_lote
0090190059,,,,sem_lote
0090190078,,,,sem_lote
0090190079,,,,sem_lote
0090190088,,,,sem_lote
0090200003,,,,sem_lote
0090200021,,,,sem_lote
0090200033,,,,sem_lote
0090210037,,,,sem_lote
0090210038,,,,sem_lote
0090210039,,,,sem_lote
0090210040,,,,sem_lote
0090210043,,,,sem_lote
0090210044,,,,sem_lote
0090210045,,,,sem_lote
0090210046,,,,sem_lote
0090210047,,,,sem_lote
0090210048,,,,sem_lote
0090210055,,,,sem_lote
0090210056,,,,sem_lote
0090210058,,,,sem_lote
0090210059,,,,sem_lote
0090220066,,,,sem_lote
0090220145,,,,sem_lote
0090230035,,,,sem_lote
0090250033,,,,sem_lote
0090380001,,,,sem_lote
0090380002,,,,sem_lote
0090380003,,,,sem_lote
0090380004,ZM-3a,ZM,1,ok
0090380005,ZM-3a,ZM,1,ok
0090380009,ZM-3a,ZM,1,ok
0090380010,ZM-3a,ZM,1,ok
0090380013,ZM-3a,ZM,1,ok
0090380014,ZM-3a,ZM,1,ok
0090380017,ZM-3a,ZM,1,ok
0090380020,ZM-3a,ZM,1,ok
0090380026,ZM-3a,ZM,1,ok
0090380027,ZM-3a,ZM,1,ok
0090380031,ZM-3a,ZM,1,ok
0090380088,ZM-3a,ZM,1,ok
0090390000,ZM-3a,ZEIS-5,1,ok
0090390063,ZM-3a,ZEIS-5,1,ok
0090390069,ZM-3a,ZEIS-5,1,ok
0090390083,ZM-3a,ZEIS-5,1,ok
0090410056,ZM-3a,ZEIS-5,1,ok
0090410057,ZM-3a,ZEIS-5,1,ok
0090410058,ZM-3a,ZEIS-5,1,ok
0090410059,ZM-3a,ZEIS-5,1,ok
0090420023,ZM-3a,ZEIS-5,1,ok
0090420024,ZM-3a,ZEIS-5,1,ok
0090440308,ZCP-a,ZM,1,ok
0090511590,ZM-3a,ZEU,1,ok
0090520019,ZCP-a,ZEU,1,ok
0090530000,ZCP-a,ZEU,1,ok
0090530003,ZCP-a,ZEU,1,ok
0090530024,ZCP-a,ZEU,1,ok
0090530025,ZCP-a,ZEU,1,ok
0090530026,ZCP-a,ZEU,1,ok
0090530027,ZCP-a,ZEU,1,ok
0090650000,ZM-3a,ZEU,1,ok
0090660667,ZCP-a,ZEU,1,ok
0090700001,ZCP-a,ZEU,1,ok
0090710464,ZCP-a,ZEU,1,ok
0090940037,ZM-3a,ZEIS-3,1,ok
0090940038,ZM-3a,ZEIS-3,1,ok
0090940047,ZM-3a,ZEIS-3,1,ok
0100130015,ZCP-b,ZEU,0,ok
0100130024,ZCP-b,ZEU,0,ok
0100140323,ZCP-b,ZEU,0,ok
0100220001,ZCP-b,ZOE,0,ok
0100220002,ZCP-b,ZOE,0,ok
0100220003,ZCP-b,ZOE,0,ok
0100300080,ZCP-b,ZEU,0,ok
0100300081,ZCP-b,ZEU,0,ok
0110020075,ZM-1,ZC,0,ok
0110980024,ZM-2,ZC,0,ok
0110980025,ZM-2,ZC,0,ok
0111080001,ZER-1,ZOE,0,ok
0111330016,ZER-1,ZER-1,0,ok
0111440038,ZER-1,ZER-1,0,ok
0130090136,ZM-2,AC-1,0,ok
0140230001,EI-8,AC-1,0,ok
0160090028,,,,sem_lote
0180010008,ZCP-a,AC-1,1,ok
0330050023,ZCP-a,ZEU,1,ok
0330050040,ZCP-a,ZEU,1,ok
0330070009,ZCP-a,ZM,1,ok
0330100010,ZCP-a,ZEU,1,ok
0330130125,ZCP-a,ZEU,1,ok
0330130126,ZCP-a,ZEU,1,ok
0330130127,ZCP-a,ZEU,1,ok
0330140010,ZCP-a,ZEU,1,ok
0330140011,ZCP-a,ZEU,1,ok
0330140012,ZCP-a,ZEU,1,ok
0330140013,ZCP-a,ZEU,1,ok
0330160032,ZCP-b,ZC,1,ok
0330160033,ZCP-b,ZC,1,ok
0330160034,ZCP-b,ZC,1,ok
0330190005,ZCP-b,ZM,1,ok
0330190023,ZM-1,ZM,1,ok
0330190027,ZM-1,ZM,1,ok
0330190028,ZM-1,ZM,1,ok
0330200002,ZM-1,ZM,1,ok
0330200003,ZM-1,ZM,1,ok
0330200010,ZM-1,ZM,1,ok
0330210040,ZM-1,ZM,1,ok
0330210056,ZM-1,ZM,1,ok
0330210057,ZM-1,ZM,1,ok
0380020016,ZCP-a,ZEU,1,ok
0380020023,ZCP-a,ZEU,1,ok
0380050038,ZCP-b,ZEU,1,ok
0381160001,ZCP-a,ZEU,1,ok
1230010010,ZM-1,ZEPAM,0,ok
