sql_mestre,zona_selo,zona_base_atual,zona_base_2004,ca_basico,ca_max,na_aiu_sce,nota,fonte
0010110001,ZEPEC_APC,ZEIS-3,ZCP-a,1,4,1,,GeoSampa WFS perimetro_zona_lei_18177_24 + perímetro AIU-SCE (sob selo ZEPEC_APC)
0010110002,ZEPEC_APC,ZEIS-3,ZCP-a,1,4,1,,GeoSampa WFS perimetro_zona_lei_18177_24 + perímetro AIU-SCE (sob selo ZEPEC_APC)
0010190004,ZEPEC_APC,ZC,ZCP-a,1,2,1,,GeoSampa WFS perimetro_zona_lei_18177_24 + perímetro AIU-SCE (sob selo ZEPEC_APC)
0010190038,ZEPEC_APC,ZC,ZCP-a,1,2,1,,GeoSampa WFS perimetro_zona_lei_18177_24 + perímetro AIU-SCE (sob selo ZEPEC_APC)
0010190309,ZEPEC_APC,ZC,ZCP-a,1,2,1,,GeoSampa WFS perimetro_zona_lei_18177_24 + perímetro AIU-SCE (sob selo ZEPEC_APC)
0010200034,ZEPEC_APC,ZC,ZCP-a,1,2,1,,GeoSampa WFS perimetro_zona_lei_18177_24 + perímetro AIU-SCE (sob selo ZEPEC_APC)
0010230162,ZEPEC_APC,ZC,ZCP-a,1,2,1,,GeoSampa WFS perimetro_zona_lei_18177_24 + perímetro AIU-SCE (sob selo ZEPEC_APC)
0010260004,ZEPEC_APC,ZC,ZCP-b,1,2,1,,GeoSampa WFS perimetro_zona_lei_18177_24 + perímetro AIU-SCE (sob selo ZEPEC_APC)
0010260005,ZEPEC_APC,ZC,ZCP-b,1,2,1,,GeoSampa WFS perimetro_zona_lei_18177_24 + perímetro AIU-SCE (sob selo ZEPEC_APC)
0010270028,ZEPEC_APC,ZC,ZCP-b,1,2,1,,GeoSampa WFS perimetro_zona_lei_18177_24 + perímetro AIU-SCE (sob selo ZEPEC_APC)
0010270031,ZEPEC_APC,ZC,ZCP-b,1,2,1,,GeoSampa WFS perimetro_zona_lei_18177_24 + perímetro AIU-SCE (sob selo ZEPEC_APC)
0010340024,ZEPEC_APC,ZC,ZM-3a,1,2,1,,GeoSampa WFS perimetro_zona_lei_18177_24 + perímetro AIU-SCE (sob selo ZEPEC_APC)
0010360279,ZEPEC_APC,ZC,ZCP-b,1,2,1,,GeoSampa WFS perimetro_zona_lei_18177_24 + perímetro AIU-SCE (sob selo ZEPEC_APC)
0010450004,ZEPEC_APC,ZC,ZCP-b,1,2,1,,GeoSampa WFS perimetro_zona_lei_18177_24 + perímetro AIU-SCE (sob selo ZEPEC_APC)
0010460003,ZEPEC_APC,ZC,ZCP-b,1,2,1,,GeoSampa WFS perimetro_zona_lei_18177_24 + perímetro AIU-SCE (sob selo ZEPEC_APC)
0010460007,ZEPEC_APC,ZC,ZCP-b,1,2,1,,GeoSampa WFS perimetro_zona_lei_18177_24 + perímetro AIU-SCE (sob selo ZEPEC_APC)
0010460275,ZEPEC_APC,ZC,ZCP-b,1,2,1,,GeoSampa WFS perimetro_zona_lei_18177_24 + perímetro AIU-SCE (sob selo ZEPEC_APC)
0010500001,ZEPEC_APC,ZC,ZCP-b,1,2,1,,GeoSampa WFS perimetro_zona_lei_18177_24 + perímetro AIU-SCE (sob selo ZEPEC_APC)
0010500002,ZEPEC_APC,ZC,ZCP-b,1,2,1,,GeoSampa WFS perimetro_zona_lei_18177_24 + perímetro AIU-SCE (sob selo ZEPEC_APC)
0010500003,ZEPEC_APC,ZC,ZCP-b,1,2,1,,GeoSampa WFS perimetro_zona_lei_18177_24 + perímetro AIU-SCE (sob selo ZEPEC_APC)
0010500005,ZEPEC_APC,ZC,ZCP-b,1,2,1,,GeoSampa WFS perimetro_zona_lei_18177_24 + perímetro AIU-SCE (sob selo ZEPEC_APC)
0010500006,ZEPEC_APC,ZC,ZCP-b,1,2,1,,GeoSampa WFS perimetro_zona_lei_18177_24 + perímetro AIU-SCE (sob selo ZEPEC_APC)
0010500007,ZEPEC_APC,ZC,ZCP-b,1,2,1,,GeoSampa WFS perimetro_zona_lei_18177_24 + perímetro AIU-SCE (sob selo ZEPEC_APC)
0010500081,ZEPEC_APC,ZC,ZCP-b,1,2,1,,GeoSampa WFS perimetro_zona_lei_18177_24 + perímetro AIU-SCE (sob selo ZEPEC_APC)
0010510055,ZEPEC_APC,ZC,ZCP-b,1,2,1,,GeoSampa WFS perimetro_zona_lei_18177_24 + perímetro AIU-SCE (sob selo ZEPEC_APC)
0010520006,ZEPEC_APC,ZC,ZCP-b,1,2,1,,GeoSampa WFS perimetro_zona_lei_18177_24 + perímetro AIU-SCE (sob selo ZEPEC_APC)
0010530000,ZEPEC_APC,ZEIS-5,ZCP-b,1,4,1,,GeoSampa WFS perimetro_zona_lei_18177_24 + perímetro AIU-SCE (sob selo ZEPEC_APC)
0010530048,ZEPEC_APC,ZC,ZCP-b,1,2,1,,GeoSampa WFS perimetro_zona_lei_18177_24 + perímetro AIU-SCE (sob selo ZEPEC_APC)
0010530049,ZEPEC_APC,ZC,ZCP-b,1,2,1,,GeoSampa WFS perimetro_zona_lei_18177_24 + perímetro AIU-SCE (sob selo ZEPEC_APC)
0010720098,ZEPEC_APC,ZC,ZCP-b,1,2,1,,GeoSampa WFS perimetro_zona_lei_18177_24 + perímetro AIU-SCE (sob selo ZEPEC_APC)
0010720099,ZEPEC_APC,ZC,ZCP-b,1,2,1,,GeoSampa WFS perimetro_zona_lei_18177_24 + perímetro AIU-SCE (sob selo ZEPEC_APC)
0010750010,ZEPEC_APC,ZC,ZCP-b,1,2,1,,GeoSampa WFS perimetro_zona_lei_18177_24 + perímetro AIU-SCE (sob selo ZEPEC_APC)
0010770000,ZEPEC_APC,ZC,ZCP-b,1,2,1,,GeoSampa WFS perimetro_zona_lei_18177_24 + perímetro AIU-SCE (sob selo ZEPEC_APC)
0010770003,ZEPEC_APC,ZC,ZCP-b,1,2,1,,GeoSampa WFS perimetro_zona_lei_18177_24 + perímetro AIU-SCE (sob selo ZEPEC_APC)
0010770009,ZEPEC_APC,ZC,ZCP-b,1,2,1,,GeoSampa WFS perimetro_zona_lei_18177_24 + perímetro AIU-SCE (sob selo ZEPEC_APC)
0010800000,ZEPEC_APC,ZC,ZCP-b,1,2,1,,GeoSampa WFS perimetro_zona_lei_18177_24 + perímetro AIU-SCE (sob selo ZEPEC_APC)
0010800009,ZEPEC_APC,ZC,ZCP-b,1,2,1,,GeoSampa WFS perimetro_zona_lei_18177_24 + perímetro AIU-SCE (sob selo ZEPEC_APC)
0010800014,ZEPEC_APC,ZC,ZCP-b,1,2,1,,GeoSampa WFS perimetro_zona_lei_18177_24 + perímetro AIU-SCE (sob selo ZEPEC_APC)
0010800016,ZEPEC_APC,ZC,ZCP-b,1,2,1,,GeoSampa WFS perimetro_zona_lei_18177_24 + perímetro AIU-SCE (sob selo ZEPEC_APC)
0020110015,ZEPEC_APC,ZEIS-3,ZM-3a,1,4,1,,GeoSampa WFS perimetro_zona_lei_18177_24 + perímetro AIU-SCE (sob selo ZEPEC_APC)
0020110016,ZEPEC_APC,ZEIS-3,ZM-3a,1,4,1,,GeoSampa WFS perimetro_zona_lei_18177_24 + perímetro AIU-SCE (sob selo ZEPEC_APC)
0020110034,ZEPEC_APC,ZEIS-3,ZM-3a,1,4,1,,GeoSampa WFS perimetro_zona_lei_18177_24 + perímetro AIU-SCE (sob selo ZEPEC_APC)
0020110045,ZEPEC_APC,ZEIS-3,ZM-3a,1,4,1,,GeoSampa WFS perimetro_zona_lei_18177_24 + perímetro AIU-SCE (sob selo ZEPEC_APC)
0020110046,ZEPEC_APC,ZEIS-3,ZM-3a,1,4,1,,GeoSampa WFS perimetro_zona_lei_18177_24 + perímetro AIU-SCE (sob selo ZEPEC_APC)
0020120003,ZEPEC_APC,ZEIS-3,ZM-3a,1,4,1,,GeoSampa WFS perimetro_zona_lei_18177_24 + perímetro AIU-SCE (sob selo ZEPEC_APC)
0020120014,ZEPEC_APC,ZEIS-3,ZM-3a,1,4,1,,GeoSampa WFS perimetro_zona_lei_18177_24 + perímetro AIU-SCE (sob selo ZEPEC_APC)
0020120020,ZEPEC_APC,ZEIS-3,ZM-3a,1,4,1,,GeoSampa WFS perimetro_zona_lei_18177_24 + perímetro AIU-SCE (sob selo ZEPEC_APC)
0020130003,ZEPEC_APC,ZEIS-3,ZM-3a,1,4,1,,GeoSampa WFS perimetro_zona_lei_18177_24 + perímetro AIU-SCE (sob selo ZEPEC_APC)
0020130011,ZEPEC_APC,ZEIS-3,ZM-3a,1,4,1,,GeoSampa WFS perimetro_zona_lei_18177_24 + perímetro AIU-SCE (sob selo ZEPEC_APC)
0020130016,ZEPEC_APC,ZEIS-3,ZM-3a,1,4,1,,GeoSampa WFS perimetro_zona_lei_18177_24 + perímetro AIU-SCE (sob selo ZEPEC_APC)
0020140011,ZEPEC_APC,ZEIS-3,ZM-3a,1,4,1,,GeoSampa WFS perimetro_zona_lei_18177_24 + perímetro AIU-SCE (sob selo ZEPEC_APC)
0020140013,ZEPEC_APC,ZEIS-3,ZM-3a,1,4,1,,GeoSampa WFS perimetro_zona_lei_18177_24 + perímetro AIU-SCE (sob selo ZEPEC_APC)
0020160000,ZEPEC_APC,ZEIS-3,ZM-3a,1,4,1,,GeoSampa WFS perimetro_zona_lei_18177_24 + perímetro AIU-SCE (sob selo ZEPEC_APC)
0020160002,ZEPEC_APC,ZEIS-3,ZM-3a,1,4,1,,GeoSampa WFS perimetro_zona_lei_18177_24 + perímetro AIU-SCE (sob selo ZEPEC_APC)
0020520001,ZEPEC_APC,Praça/Canteiro,,,,1,"bem COLETIVO/público (praça/canteiro) — não-comercializável (G3, D-DONO-11)",GeoSampa WFS perimetro_zona_lei_18177_24 + perímetro AIU-SCE (sob selo ZEPEC_APC)
0020590052,ZEPEC_APC,ZC,ZCP-b,1,2,1,,GeoSampa WFS perimetro_zona_lei_18177_24 + perímetro AIU-SCE (sob selo ZEPEC_APC)
0020610004,ZEPEC_APC,ZC,ZCP-b,1,2,1,,GeoSampa WFS perimetro_zona_lei_18177_24 + perímetro AIU-SCE (sob selo ZEPEC_APC)
0020620001,ZEPEC_APC,ZC,ZCP-b,1,2,1,,GeoSampa WFS perimetro_zona_lei_18177_24 + perímetro AIU-SCE (sob selo ZEPEC_APC)
0020630001,ZEPEC_APC,ZC,ZCP-b,1,2,1,,GeoSampa WFS perimetro_zona_lei_18177_24 + perímetro AIU-SCE (sob selo ZEPEC_APC)
0020660017,ZEPEC_APC,ZC,ZCP-b,1,2,1,,GeoSampa WFS perimetro_zona_lei_18177_24 + perímetro AIU-SCE (sob selo ZEPEC_APC)
0020660018,ZEPEC_APC,ZC,ZCP-b,1,2,1,,GeoSampa WFS perimetro_zona_lei_18177_24 + perímetro AIU-SCE (sob selo ZEPEC_APC)
0020660019,ZEPEC_APC,ZC,ZCP-b,1,2,1,,GeoSampa WFS perimetro_zona_lei_18177_24 + perímetro AIU-SCE (sob selo ZEPEC_APC)
0020680007,ZEPEC_APC,ZC,ZCP-b,1,2,1,,GeoSampa WFS perimetro_zona_lei_18177_24 + perímetro AIU-SCE (sob selo ZEPEC_APC)
0020730003,ZEPEC_APC,ZC,ZCP-b,1,2,1,,GeoSampa WFS perimetro_zona_lei_18177_24 + perímetro AIU-SCE (sob selo ZEPEC_APC)
0020730004,ZEPEC_APC,ZC,ZCP-b,1,2,1,,GeoSampa WFS perimetro_zona_lei_18177_24 + perímetro AIU-SCE (sob selo ZEPEC_APC)
0020740007,ZEPEC_APC,ZC,ZCP-b,1,2,1,,GeoSampa WFS perimetro_zona_lei_18177_24 + perímetro AIU-SCE (sob selo ZEPEC_APC)
0030020011,ZEPEC_APC,ZC,ZCP-b,1,2,1,,GeoSampa WFS perimetro_zona_lei_18177_24 + perímetro AIU-SCE (sob selo ZEPEC_APC)
0030020020,ZEPEC_APC,ZC,ZCP-b,1,2,1,,GeoSampa WFS perimetro_zona_lei_18177_24 + perímetro AIU-SCE (sob selo ZEPEC_APC)
0030020021,ZEPEC_APC,ZC,ZCP-b,1,2,1,,GeoSampa WFS perimetro_zona_lei_18177_24 + perímetro AIU-SCE (sob selo ZEPEC_APC)
0030060019,ZEPEC_APC,ZC,ZCP-b,1,2,1,,GeoSampa WFS perimetro_zona_lei_18177_24 + perímetro AIU-SCE (sob selo ZEPEC_APC)
0040110006,ZEPEC_APC,ZEIS-3,ZCP-b,1,4,1,,GeoSampa WFS perimetro_zona_lei_18177_24 + perímetro AIU-SCE (sob selo ZEPEC_APC)
0050030048,ZEPEC_APC,ZC,ZCP-b,1,2,1,,GeoSampa WFS perimetro_zona_lei_18177_24 + perímetro AIU-SCE (sob selo ZEPEC_APC)
0050080001,ZEPEC_APC,ZC,ZCP-b,1,2,1,,GeoSampa WFS perimetro_zona_lei_18177_24 + perímetro AIU-SCE (sob selo ZEPEC_APC)
0050100002,ZEPEC_APC,ZC,ZCP-b,1,2,1,,GeoSampa WFS perimetro_zona_lei_18177_24 + perímetro AIU-SCE (sob selo ZEPEC_APC)
0050100003,ZEPEC_APC,Praça/Canteiro,ZCP-b,,,1,"bem COLETIVO/público (praça/canteiro) — não-comercializável (G3, D-DONO-11)",GeoSampa WFS perimetro_zona_lei_18177_24 + perímetro AIU-SCE (sob selo ZEPEC_APC)
0050100006,ZEPEC_APC,ZC,ZCP-b,1,2,1,,GeoSampa WFS perimetro_zona_lei_18177_24 + perímetro AIU-SCE (sob selo ZEPEC_APC)
0050110000,ZEPEC_APC,ZC,ZCP-b,1,2,1,,GeoSampa WFS perimetro_zona_lei_18177_24 + perímetro AIU-SCE (sob selo ZEPEC_APC)
0050110022,ZEPEC_APC,ZC,ZCP-b,1,2,1,,GeoSampa WFS perimetro_zona_lei_18177_24 + perímetro AIU-SCE (sob selo ZEPEC_APC)
0050120004,ZEPEC_APC,Praça/Canteiro,ZCP-b,,,1,"bem COLETIVO/público (praça/canteiro) — não-comercializável (G3, D-DONO-11)",GeoSampa WFS perimetro_zona_lei_18177_24 + perímetro AIU-SCE (sob selo ZEPEC_APC)
0050130119,ZEPEC_APC,ZC,ZCP-b,1,2,1,,GeoSampa WFS perimetro_zona_lei_18177_24 + perímetro AIU-SCE (sob selo ZEPEC_APC)
0050140030,ZEPEC_APC,ZC,ZCP-b,1,2,1,,GeoSampa WFS perimetro_zona_lei_18177_24 + perímetro AIU-SCE (sob selo ZEPEC_APC)
0050160034,ZEPEC_APC,ZC,ZCP-b,1,2,1,,GeoSampa WFS perimetro_zona_lei_18177_24 + perímetro AIU-SCE (sob selo ZEPEC_APC)
0050190000,ZEPEC_APC,ZC,ZCP-b,1,2,1,,GeoSampa WFS perimetro_zona_lei_18177_24 + perímetro AIU-SCE (sob selo ZEPEC_APC)
0050190017,ZEPEC_APC,ZC,ZCP-b,1,2,1,,GeoSampa WFS perimetro_zona_lei_18177_24 + perímetro AIU-SCE (sob selo ZEPEC_APC)
0050191050,ZEPEC_APC,ZC,ZCP-b,1,2,1,,GeoSampa WFS perimetro_zona_lei_18177_24 + perímetro AIU-SCE (sob selo ZEPEC_APC)
0050220002,ZEPEC_APC,ZC,ZCP-b,1,2,1,,GeoSampa WFS perimetro_zona_lei_18177_24 + perímetro AIU-SCE (sob selo ZEPEC_APC)
0050220003,ZEPEC_APC,ZC,ZCP-b,1,2,1,,GeoSampa WFS perimetro_zona_lei_18177_24 + perímetro AIU-SCE (sob selo ZEPEC_APC)
0050220004,ZEPEC_APC,ZC,ZCP-b,1,2,1,,GeoSampa WFS perimetro_zona_lei_18177_24 + perímetro AIU-SCE (sob selo ZEPEC_APC)
0050220005,ZEPEC_APC,ZC,ZCP-b,1,2,1,,GeoSampa WFS perimetro_zona_lei_18177_24 + perímetro AIU-SCE (sob selo ZEPEC_APC)
0050240050,ZEPEC_APC,ZC,ZCP-b,1,2,1,,GeoSampa WFS perimetro_zona_lei_18177_24 + perímetro AIU-SCE (sob selo ZEPEC_APC)
0050260001,ZEPEC_APC,Praça/Canteiro,ZCP-b,,,1,"bem COLETIVO/público (praça/canteiro) — não-comercializável (G3, D-DONO-11)",GeoSampa WFS perimetro_zona_lei_18177_24 + perímetro AIU-SCE (sob selo ZEPEC_APC)
0050280000,ZEPEC_APC,ZC,ZCP-b,1,2,1,,GeoSampa WFS perimetro_zona_lei_18177_24 + perímetro AIU-SCE (sob selo ZEPEC_APC)
0050280004,ZEPEC_APC,ZC,ZCP-b,1,2,1,,GeoSampa WFS perimetro_zona_lei_18177_24 + perímetro AIU-SCE (sob selo ZEPEC_APC)
0050280017,ZEPEC_APC,ZC,ZCP-b,1,2,1,,GeoSampa WFS perimetro_zona_lei_18177_24 + perímetro AIU-SCE (sob selo ZEPEC_APC)
0050280018,ZEPEC_APC,ZC,ZCP-b,1,2,1,,GeoSampa WFS perimetro_zona_lei_18177_24 + perímetro AIU-SCE (sob selo ZEPEC_APC)
0050280021,ZEPEC_APC,ZC,ZCP-b,1,2,1,,GeoSampa WFS perimetro_zona_lei_18177_24 + perímetro AIU-SCE (sob selo ZEPEC_APC)
0050280023,ZEPEC_APC,ZC,ZCP-b,1,2,1,,GeoSampa WFS perimetro_zona_lei_18177_24 + perímetro AIU-SCE (sob selo ZEPEC_APC)
0050300000,ZEPEC_APC,ZC,ZCP-b,1,2,1,,GeoSampa WFS perimetro_zona_lei_18177_24 + perímetro AIU-SCE (sob selo ZEPEC_APC)
0050300016,ZEPEC_APC,ZC,ZCP-b,1,2,1,,GeoSampa WFS perimetro_zona_lei_18177_24 + perímetro AIU-SCE (sob selo ZEPEC_APC)
0050300022,ZEPEC_APC,ZC,ZCP-b,1,2,1,,GeoSampa WFS perimetro_zona_lei_18177_24 + perímetro AIU-SCE (sob selo ZEPEC_APC)
0050340000,ZEPEC_APC,ZC,ZCP-b,1,2,1,,GeoSampa WFS perimetro_zona_lei_18177_24 + perímetro AIU-SCE (sob selo ZEPEC_APC)
0050350000,ZEPEC_APC,ZC,ZCP-b,1,2,1,,GeoSampa WFS perimetro_zona_lei_18177_24 + perímetro AIU-SCE (sob selo ZEPEC_APC)
0050380002,ZEPEC_APC,ZC,ZCP-b,1,2,1,,GeoSampa WFS perimetro_zona_lei_18177_24 + perímetro AIU-SCE (sob selo ZEPEC_APC)
0050380003,ZEPEC_APC,ZC,ZCP-b,1,2,1,,GeoSampa WFS perimetro_zona_lei_18177_24 + perímetro AIU-SCE (sob selo ZEPEC_APC)
0050380004,ZEPEC_APC,ZC,ZCP-b,1,2,1,,GeoSampa WFS perimetro_zona_lei_18177_24 + perímetro AIU-SCE (sob selo ZEPEC_APC)
0050380005,ZEPEC_APC,ZC,ZCP-b,1,2,1,,GeoSampa WFS perimetro_zona_lei_18177_24 + perímetro AIU-SCE (sob selo ZEPEC_APC)
0050390000,ZEPEC_APC,ZC,ZCP-b,1,2,1,,GeoSampa WFS perimetro_zona_lei_18177_24 + perímetro AIU-SCE (sob selo ZEPEC_APC)
0050400043,ZEPEC_APC,ZC,ZCP-b,1,2,1,,GeoSampa WFS perimetro_zona_lei_18177_24 + perímetro AIU-SCE (sob selo ZEPEC_APC)
0050430009,ZEPEC_APC,ZEIS-3,ZCP-b,1,4,1,,GeoSampa WFS perimetro_zona_lei_18177_24 + perímetro AIU-SCE (sob selo ZEPEC_APC)
0050440014,ZEPEC_APC,ZEIS-3,ZCP-b,1,4,1,,GeoSampa WFS perimetro_zona_lei_18177_24 + perímetro AIU-SCE (sob selo ZEPEC_APC)
0050460003,ZEPEC_APC,ZEIS-5,ZCP-b,1,4,1,,GeoSampa WFS perimetro_zona_lei_18177_24 + perímetro AIU-SCE (sob selo ZEPEC_APC)
0050460056,ZEPEC_APC,ZEIS-5,ZCP-b,1,4,1,,GeoSampa WFS perimetro_zona_lei_18177_24 + perímetro AIU-SCE (sob selo ZEPEC_APC)
0050460067,ZEPEC_APC,ZEIS-5,ZCP-b,1,4,1,,GeoSampa WFS perimetro_zona_lei_18177_24 + perímetro AIU-SCE (sob selo ZEPEC_APC)
0050460076,ZEPEC_APC,ZEIS-5,ZCP-b,1,4,1,,GeoSampa WFS perimetro_zona_lei_18177_24 + perímetro AIU-SCE (sob selo ZEPEC_APC)
0050460077,ZEPEC_APC,ZEIS-5,ZCP-b,1,4,1,,GeoSampa WFS perimetro_zona_lei_18177_24 + perímetro AIU-SCE (sob selo ZEPEC_APC)
0050460081,ZEPEC_APC,ZEIS-5,ZCP-b,1,4,1,,GeoSampa WFS perimetro_zona_lei_18177_24 + perímetro AIU-SCE (sob selo ZEPEC_APC)
0050460082,ZEPEC_APC,ZEIS-5,ZCP-b,1,4,1,,GeoSampa WFS perimetro_zona_lei_18177_24 + perímetro AIU-SCE (sob selo ZEPEC_APC)
0050460083,ZEPEC_APC,ZEIS-5,ZCP-b,1,4,1,,GeoSampa WFS perimetro_zona_lei_18177_24 + perímetro AIU-SCE (sob selo ZEPEC_APC)
0050460084,ZEPEC_APC,ZEIS-5,ZCP-b,1,4,1,,GeoSampa WFS perimetro_zona_lei_18177_24 + perímetro AIU-SCE (sob selo ZEPEC_APC)
0050460085,ZEPEC_APC,ZEIS-5,ZCP-b,1,4,1,,GeoSampa WFS perimetro_zona_lei_18177_24 + perímetro AIU-SCE (sob selo ZEPEC_APC)
0050480029,ZEPEC_APC,ZEIS-3,ZCP-a,1,4,1,,GeoSampa WFS perimetro_zona_lei_18177_24 + perímetro AIU-SCE (sob selo ZEPEC_APC)
0050510039,ZEPEC_APC,ZC,ZCP-b,1,2,1,,GeoSampa WFS perimetro_zona_lei_18177_24 + perímetro AIU-SCE (sob selo ZEPEC_APC)
0050580004,ZEPEC_APC,ZEU,ZCP-b,1,4,1,,GeoSampa WFS perimetro_zona_lei_18177_24 + perímetro AIU-SCE (sob selo ZEPEC_APC)
0050760082,ZEPEC_APC,ZEIS-3,ZCP-b,1,4,1,,GeoSampa WFS perimetro_zona_lei_18177_24 + perímetro AIU-SCE (sob selo ZEPEC_APC)
0050760100,ZEPEC_APC,ZEIS-3,ZCP-b,1,4,1,,GeoSampa WFS perimetro_zona_lei_18177_24 + perímetro AIU-SCE (sob selo ZEPEC_APC)
0050790015,ZEPEC_APC,ZC,ZCP-b,1,2,1,,GeoSampa WFS perimetro_zona_lei_18177_24 + perímetro AIU-SCE (sob selo ZEPEC_APC)
0050820000,ZEPEC_APC,ZC,ZCP-b,1,2,1,,GeoSampa WFS perimetro_zona_lei_18177_24 + perímetro AIU-SCE (sob selo ZEPEC_APC)
0050820013,ZEPEC_APC,ZC,ZCP-b,1,2,1,,GeoSampa WFS perimetro_zona_lei_18177_24 + perímetro AIU-SCE (sob selo ZEPEC_APC)
0050820014,ZEPEC_APC,ZC,ZCP-b,1,2,1,,GeoSampa WFS perimetro_zona_lei_18177_24 + perímetro AIU-SCE (sob selo ZEPEC_APC)
0050820018,ZEPEC_APC,ZC,ZCP-b,1,2,1,,GeoSampa WFS perimetro_zona_lei_18177_24 + perímetro AIU-SCE (sob selo ZEPEC_APC)
0050860061,ZEPEC_APC,ZEIS-3,ZCP-a,1,4,1,,GeoSampa WFS perimetro_zona_lei_18177_24 + perímetro AIU-SCE (sob selo ZEPEC_APC)
0050870017,ZEPEC_APC,ZEU,ZCP-a,1,4,1,,GeoSampa WFS perimetro_zona_lei_18177_24 + perímetro AIU-SCE (sob selo ZEPEC_APC)
0060020001,ZEPEC_APC,Praça/Canteiro,ZCP-b,,,1,"bem COLETIVO/público (praça/canteiro) — não-comercializável (G3, D-DONO-11)",GeoSampa WFS perimetro_zona_lei_18177_24 + perímetro AIU-SCE (sob selo ZEPEC_APC)
0060121019,ZEPEC_APC,ZC,ZCP-b,1,2,1,,GeoSampa WFS perimetro_zona_lei_18177_24 + perímetro AIU-SCE (sob selo ZEPEC_APC)
0060140001,ZEPEC_APC,Praça/Canteiro,ZCP-b,,,1,"bem COLETIVO/público (praça/canteiro) — não-comercializável (G3, D-DONO-11)",GeoSampa WFS perimetro_zona_lei_18177_24 + perímetro AIU-SCE (sob selo ZEPEC_APC)
0060150001,ZEPEC_APC,Praça/Canteiro,ZCP-b,,,1,"bem COLETIVO/público (praça/canteiro) — não-comercializável (G3, D-DONO-11)",GeoSampa WFS perimetro_zona_lei_18177_24 + perímetro AIU-SCE (sob selo ZEPEC_APC)
0060230018,ZEPEC_APC,ZC,ZCP-b,1,2,1,,GeoSampa WFS perimetro_zona_lei_18177_24 + perímetro AIU-SCE (sob selo ZEPEC_APC)
0060230019,ZEPEC_APC,ZC,ZCP-b,1,2,1,,GeoSampa WFS perimetro_zona_lei_18177_24 + perímetro AIU-SCE (sob selo ZEPEC_APC)
0060250000,ZEPEC_APC,ZC,ZCP-b,1,2,1,,GeoSampa WFS perimetro_zona_lei_18177_24 + perímetro AIU-SCE (sob selo ZEPEC_APC)
0060250015,ZEPEC_APC,ZEIS-3,ZCP-b,1,4,1,,GeoSampa WFS perimetro_zona_lei_18177_24 + perímetro AIU-SCE (sob selo ZEPEC_APC)
0060260001,ZEPEC_APC,Praça/Canteiro,ZCP-b,,,1,"bem COLETIVO/público (praça/canteiro) — não-comercializável (G3, D-DONO-11)",GeoSampa WFS perimetro_zona_lei_18177_24 + perímetro AIU-SCE (sob selo ZEPEC_APC)
0060270000,ZEPEC_APC,ZC,ZCP-b,1,2,1,,GeoSampa WFS perimetro_zona_lei_18177_24 + perímetro AIU-SCE (sob selo ZEPEC_APC)
0060270025,ZEPEC_APC,ZC,ZCP-b,1,2,1,,GeoSampa WFS perimetro_zona_lei_18177_24 + perímetro AIU-SCE (sob selo ZEPEC_APC)
0060270027,ZEPEC_APC,ZC,ZCP-b,1,2,1,,GeoSampa WFS perimetro_zona_lei_18177_24 + perímetro AIU-SCE (sob selo ZEPEC_APC)
0060470001,ZEPEC_APC,ZC,ZCP-b,1,2,1,,GeoSampa WFS perimetro_zona_lei_18177_24 + perímetro AIU-SCE (sob selo ZEPEC_APC)
0060470065,ZEPEC_APC,ZC,ZCP-b,1,2,1,,GeoSampa WFS perimetro_zona_lei_18177_24 + perímetro AIU-SCE (sob selo ZEPEC_APC)
0060470114,ZEPEC_APC,ZC,ZCP-b,1,2,1,,GeoSampa WFS perimetro_zona_lei_18177_24 + perímetro AIU-SCE (sob selo ZEPEC_APC)
0060470122,ZEPEC_APC,ZC,ZCP-b,1,2,1,,GeoSampa WFS perimetro_zona_lei_18177_24 + perímetro AIU-SCE (sob selo ZEPEC_APC)
0060480016,ZEPEC_APC,ZC,ZCP-b,1,2,1,,GeoSampa WFS perimetro_zona_lei_18177_24 + perímetro AIU-SCE (sob selo ZEPEC_APC)
0060480024,ZEPEC_APC,ZC,ZCP-b,1,2,1,,GeoSampa WFS perimetro_zona_lei_18177_24 + perímetro AIU-SCE (sob selo ZEPEC_APC)
0060490028,ZEPEC_APC,ZC,ZCP-b,1,2,1,,GeoSampa WFS perimetro_zona_lei_18177_24 + perímetro AIU-SCE (sob selo ZEPEC_APC)
0060550000,ZEPEC_APC,ZC,ZCP-b,1,2,1,,GeoSampa WFS perimetro_zona_lei_18177_24 + perímetro AIU-SCE (sob selo ZEPEC_APC)
0060550011,ZEPEC_APC,ZC,ZCP-b,1,2,1,,GeoSampa WFS perimetro_zona_lei_18177_24 + perímetro AIU-SCE (sob selo ZEPEC_APC)
0060560020,ZEPEC_APC,ZOE,ZCP-b,,,1,"ZOE (Zona de Ocupação Especial): regime PRÓPRIO — CAbás definido por lei/plano específico do perímetro, NÃO pelo Quadro 3. Buscar o ato do ZOE.",GeoSampa WFS perimetro_zona_lei_18177_24 + perímetro AIU-SCE (sob selo ZEPEC_APC)
0060560035,ZEPEC_APC,,,,,,lote NÃO resolvido no GeoSampa (extinto/remembrado/condomínio) — reconsultar por matrícula/endereço,GeoSampa WFS perimetro_zona_lei_18177_24 + perímetro AIU-SCE (sob selo ZEPEC_APC)
0060560036,ZEPEC_APC,,,,,,lote NÃO resolvido no GeoSampa (extinto/remembrado/condomínio) — reconsultar por matrícula/endereço,GeoSampa WFS perimetro_zona_lei_18177_24 + perímetro AIU-SCE (sob selo ZEPEC_APC)
0060560048,ZEPEC_APC,ZC,ZCP-b,1,2,1,,GeoSampa WFS perimetro_zona_lei_18177_24 + perímetro AIU-SCE (sob selo ZEPEC_APC)
0060560060,ZEPEC_APC,ZC,ZCP-b,1,2,1,,GeoSampa WFS perimetro_zona_lei_18177_24 + perímetro AIU-SCE (sob selo ZEPEC_APC)
0060560061,ZEPEC_APC,ZC,ZCP-b,1,2,1,,GeoSampa WFS perimetro_zona_lei_18177_24 + perímetro AIU-SCE (sob selo ZEPEC_APC)
0060560081,ZEPEC_APC,ZC,ZCP-b,1,2,1,,GeoSampa WFS perimetro_zona_lei_18177_24 + perímetro AIU-SCE (sob selo ZEPEC_APC)
0060560082,ZEPEC_APC,ZC,ZCP-b,1,2,1,,GeoSampa WFS perimetro_zona_lei_18177_24 + perímetro AIU-SCE (sob selo ZEPEC_APC)
0060570036,ZEPEC_APC,ZC,ZCP-b,1,2,1,,GeoSampa WFS perimetro_zona_lei_18177_24 + perímetro AIU-SCE (sob selo ZEPEC_APC)
0060570037,ZEPEC_APC,ZC,ZCP-b,1,2,1,,GeoSampa WFS perimetro_zona_lei_18177_24 + perímetro AIU-SCE (sob selo ZEPEC_APC)
0060680017,ZEPEC_APC,ZC,ZCP-b,1,2,1,,GeoSampa WFS perimetro_zona_lei_18177_24 + perímetro AIU-SCE (sob selo ZEPEC_APC)
0060680018,ZEPEC_APC,ZC,ZCP-b,1,2,1,,GeoSampa WFS perimetro_zona_lei_18177_24 + perímetro AIU-SCE (sob selo ZEPEC_APC)
0060680288,ZEPEC_APC,ZC,ZCP-b,1,2,1,,GeoSampa WFS perimetro_zona_lei_18177_24 + perímetro AIU-SCE (sob selo ZEPEC_APC)
0060730007,ZEPEC_APC,ZC,ZCP-b,1,2,1,,GeoSampa WFS perimetro_zona_lei_18177_24 + perímetro AIU-SCE (sob selo ZEPEC_APC)
0060730008,ZEPEC_APC,ZC,ZCP-b,1,2,1,,GeoSampa WFS perimetro_zona_lei_18177_24 + perímetro AIU-SCE (sob selo ZEPEC_APC)
0060730009,ZEPEC_APC,ZC,ZCP-b,1,2,1,,GeoSampa WFS perimetro_zona_lei_18177_24 + perímetro AIU-SCE (sob selo ZEPEC_APC)
0060730010,ZEPEC_APC,ZC,ZCP-b,1,2,1,,GeoSampa WFS perimetro_zona_lei_18177_24 + perímetro AIU-SCE (sob selo ZEPEC_APC)
0060730013,ZEPEC_APC,ZC,ZCP-b,1,2,1,,GeoSampa WFS perimetro_zona_lei_18177_24 + perímetro AIU-SCE (sob selo ZEPEC_APC)
0060730014,ZEPEC_APC,ZC,ZCP-b,1,2,1,,GeoSampa WFS perimetro_zona_lei_18177_24 + perímetro AIU-SCE (sob selo ZEPEC_APC)
0060730016,ZEPEC_APC,ZC,ZCP-b,1,2,1,,GeoSampa WFS perimetro_zona_lei_18177_24 + perímetro AIU-SCE (sob selo ZEPEC_APC)
0060730017,ZEPEC_APC,ZC,ZCP-b,1,2,1,,GeoSampa WFS perimetro_zona_lei_18177_24 + perímetro AIU-SCE (sob selo ZEPEC_APC)
0060730020,ZEPEC_APC,ZC,ZCP-b,1,2,1,,GeoSampa WFS perimetro_zona_lei_18177_24 + perímetro AIU-SCE (sob selo ZEPEC_APC)
0060740006,ZEPEC_APC,ZC,ZM-3a,1,2,1,,GeoSampa WFS perimetro_zona_lei_18177_24 + perímetro AIU-SCE (sob selo ZEPEC_APC)
0070520000,ZEPEC_APC,ZC,ZCP-b,1,2,1,,GeoSampa WFS perimetro_zona_lei_18177_24 + perímetro AIU-SCE (sob selo ZEPEC_APC)
0070570371,ZEPEC_APC,ZM,ZM-3b,1,2,0,,GeoSampa WFS perimetro_zona_lei_18177_24 + perímetro AIU-SCE (sob selo ZEPEC_APC)
0070720000,ZEPEC_APC,ZC,ZCP-b,1,2,1,,GeoSampa WFS perimetro_zona_lei_18177_24 + perímetro AIU-SCE (sob selo ZEPEC_APC)
0070750000,ZEPEC_APC,ZC,ZCP-b,1,2,1,,GeoSampa WFS perimetro_zona_lei_18177_24 + perímetro AIU-SCE (sob selo ZEPEC_APC)
0070750029,ZEPEC_APC,ZC,ZCP-b,1,2,1,,GeoSampa WFS perimetro_zona_lei_18177_24 + perímetro AIU-SCE (sob selo ZEPEC_APC)
0070750176,ZEPEC_APC,ZC,ZCP-b,1,2,1,,GeoSampa WFS perimetro_zona_lei_18177_24 + perímetro AIU-SCE (sob selo ZEPEC_APC)
0080250002,ZEPEC_APC,ZEM,ZCP-a,1,2,1,,GeoSampa WFS perimetro_zona_lei_18177_24 + perímetro AIU-SCE (sob selo ZEPEC_APC)
0080250111,ZEPEC_APC,ZEM,ZCP-a,1,2,1,,GeoSampa WFS perimetro_zona_lei_18177_24 + perímetro AIU-SCE (sob selo ZEPEC_APC)
0080360027,ZEPEC_APC,ZEIS-3,ZCP-a,1,4,1,,GeoSampa WFS perimetro_zona_lei_18177_24 + perímetro AIU-SCE (sob selo ZEPEC_APC)
0080360049,ZEPEC_APC,ZEIS-3,ZCP-a,1,4,1,,GeoSampa WFS perimetro_zona_lei_18177_24 + perímetro AIU-SCE (sob selo ZEPEC_APC)
0080370003,ZEPEC_APC,ZEIS-3,ZCP-a,1,4,1,,GeoSampa WFS perimetro_zona_lei_18177_24 + perímetro AIU-SCE (sob selo ZEPEC_APC)
0080370014,ZEPEC_APC,ZEIS-3,ZCP-a,1,4,1,,GeoSampa WFS perimetro_zona_lei_18177_24 + perímetro AIU-SCE (sob selo ZEPEC_APC)
0080380024,ZEPEC_APC,ZEIS-3,ZCP-a,1,4,1,,GeoSampa WFS perimetro_zona_lei_18177_24 + perímetro AIU-SCE (sob selo ZEPEC_APC)
0080390049,ZEPEC_APC,ZC,ZCP-a,1,2,1,,GeoSampa WFS perimetro_zona_lei_18177_24 + perímetro AIU-SCE (sob selo ZEPEC_APC)
0080450000,ZEPEC_APC,ZC,ZM-3b,1,2,1,,GeoSampa WFS perimetro_zona_lei_18177_24 + perímetro AIU-SCE (sob selo ZEPEC_APC)
0080610000,ZEPEC_APC,ZC,ZCP-b,1,2,1,,GeoSampa WFS perimetro_zona_lei_18177_24 + perímetro AIU-SCE (sob selo ZEPEC_APC)
0080650000,ZEPEC_APC,ZC,ZCP-b,1,2,1,,GeoSampa WFS perimetro_zona_lei_18177_24 + perímetro AIU-SCE (sob selo ZEPEC_APC)
0080660055,ZEPEC_APC,ZC,ZCP-b,1,2,1,,GeoSampa WFS perimetro_zona_lei_18177_24 + perímetro AIU-SCE (sob selo ZEPEC_APC)
0080670066,ZEPEC_APC,ZEIS-3,ZCP-a,1,4,1,,GeoSampa WFS perimetro_zona_lei_18177_24 + perímetro AIU-SCE (sob selo ZEPEC_APC)
0080670069,ZEPEC_APC,ZEIS-3,ZCP-a,1,4,1,,GeoSampa WFS perimetro_zona_lei_18177_24 + perímetro AIU-SCE (sob selo ZEPEC_APC)
0080700037,ZEPEC_APC,ZC,ZCP-b,1,2,1,,GeoSampa WFS perimetro_zona_lei_18177_24 + perímetro AIU-SCE (sob selo ZEPEC_APC)
0080730001,ZEPEC_APC,ZC,ZCP-b,1,2,1,,GeoSampa WFS perimetro_zona_lei_18177_24 + perímetro AIU-SCE (sob selo ZEPEC_APC)
0080730008,ZEPEC_APC,ZC,ZCP-b,1,2,1,,GeoSampa WFS perimetro_zona_lei_18177_24 + perímetro AIU-SCE (sob selo ZEPEC_APC)
0080730036,ZEPEC_APC,ZC,ZCP-b,1,2,1,,GeoSampa WFS perimetro_zona_lei_18177_24 + perímetro AIU-SCE (sob selo ZEPEC_APC)
0080730124,ZEPEC_APC,,,,,,lote NÃO resolvido no GeoSampa (extinto/remembrado/condomínio) — reconsultar por matrícula/endereço,GeoSampa WFS perimetro_zona_lei_18177_24 + perímetro AIU-SCE (sob selo ZEPEC_APC)
0080780001,ZEPEC_APC,ZC,ZCP-b,1,2,1,,GeoSampa WFS perimetro_zona_lei_18177_24 + perímetro AIU-SCE (sob selo ZEPEC_APC)
0080780002,ZEPEC_APC,ZC,ZCP-b,1,2,1,,GeoSampa WFS perimetro_zona_lei_18177_24 + perímetro AIU-SCE (sob selo ZEPEC_APC)
0080780003,ZEPEC_APC,ZC,ZCP-b,1,2,1,,GeoSampa WFS perimetro_zona_lei_18177_24 + perímetro AIU-SCE (sob selo ZEPEC_APC)
0080810002,ZEPEC_APC,ZC,ZCP-b,1,2,1,,GeoSampa WFS perimetro_zona_lei_18177_24 + perímetro AIU-SCE (sob selo ZEPEC_APC)
0080810028,ZEPEC_APC,ZC,ZCP-b,1,2,1,,GeoSampa WFS perimetro_zona_lei_18177_24 + perímetro AIU-SCE (sob selo ZEPEC_APC)
0080810244,ZEPEC_APC,ZC,ZCP-b,1,2,1,,GeoSampa WFS perimetro_zona_lei_18177_24 + perímetro AIU-SCE (sob selo ZEPEC_APC)
0080810263,ZEPEC_APC,ZC,ZCP-b,1,2,1,,GeoSampa WFS perimetro_zona_lei_18177_24 + perímetro AIU-SCE (sob selo ZEPEC_APC)
0080820022,ZEPEC_APC,ZEIS-3,ZCP-b,1,4,1,,GeoSampa WFS perimetro_zona_lei_18177_24 + perímetro AIU-SCE (sob selo ZEPEC_APC)
0080830003,ZEPEC_APC,ZEIS-3,ZCP-b,1,4,1,,GeoSampa WFS perimetro_zona_lei_18177_24 + perímetro AIU-SCE (sob selo ZEPEC_APC)
0080880018,ZEPEC_APC,ZC,ZCP-b,1,2,1,,GeoSampa WFS perimetro_zona_lei_18177_24 + perímetro AIU-SCE (sob selo ZEPEC_APC)
0080880218,ZEPEC_APC,ZC,ZCP-b,1,2,1,,GeoSampa WFS perimetro_zona_lei_18177_24 + perímetro AIU-SCE (sob selo ZEPEC_APC)
0080880231,ZEPEC_APC,ZC,ZCP-b,1,2,1,,GeoSampa WFS perimetro_zona_lei_18177_24 + perímetro AIU-SCE (sob selo ZEPEC_APC)
0080890027,ZEPEC_APC,ZEIS-3,ZCP-b,1,4,1,,GeoSampa WFS perimetro_zona_lei_18177_24 + perímetro AIU-SCE (sob selo ZEPEC_APC)
0080890159,ZEPEC_APC,ZEIS-3,ZCP-b,1,4,1,,GeoSampa WFS perimetro_zona_lei_18177_24 + perímetro AIU-SCE (sob selo ZEPEC_APC)
0080890170,ZEPEC_APC,ZC,ZCP-b,1,2,1,,GeoSampa WFS perimetro_zona_lei_18177_24 + perímetro AIU-SCE (sob selo ZEPEC_APC)
0080890171,ZEPEC_APC,ZC,ZCP-b,1,2,1,,GeoSampa WFS perimetro_zona_lei_18177_24 + perímetro AIU-SCE (sob selo ZEPEC_APC)
0080890172,ZEPEC_APC,ZC,ZCP-b,1,2,1,,GeoSampa WFS perimetro_zona_lei_18177_24 + perímetro AIU-SCE (sob selo ZEPEC_APC)
0080890174,ZEPEC_APC,ZC,ZCP-b,1,2,1,,GeoSampa WFS perimetro_zona_lei_18177_24 + perímetro AIU-SCE (sob selo ZEPEC_APC)
0080890175,ZEPEC_APC,ZC,ZCP-b,1,2,1,,GeoSampa WFS perimetro_zona_lei_18177_24 + perímetro AIU-SCE (sob selo ZEPEC_APC)
0080890176,ZEPEC_APC,ZC,ZCP-b,1,2,1,,GeoSampa WFS perimetro_zona_lei_18177_24 + perímetro AIU-SCE (sob selo ZEPEC_APC)
0080890177,ZEPEC_APC,ZC,ZCP-b,1,2,1,,GeoSampa WFS perimetro_zona_lei_18177_24 + perímetro AIU-SCE (sob selo ZEPEC_APC)
0080890178,ZEPEC_APC,ZC,ZCP-b,1,2,1,,GeoSampa WFS perimetro_zona_lei_18177_24 + perímetro AIU-SCE (sob selo ZEPEC_APC)
0080890179,ZEPEC_APC,ZC,ZCP-b,1,2,1,,GeoSampa WFS perimetro_zona_lei_18177_24 + perímetro AIU-SCE (sob selo ZEPEC_APC)
0080890279,ZEPEC_APC,ZEIS-3,ZCP-b,1,4,1,,GeoSampa WFS perimetro_zona_lei_18177_24 + perímetro AIU-SCE (sob selo ZEPEC_APC)
0080900027,ZEPEC_APC,,,,,,lote NÃO resolvido no GeoSampa (extinto/remembrado/condomínio) — reconsultar por matrícula/endereço,GeoSampa WFS perimetro_zona_lei_18177_24 + perímetro AIU-SCE (sob selo ZEPEC_APC)
0080900028,ZEPEC_APC,,,,,,lote NÃO resolvido no GeoSampa (extinto/remembrado/condomínio) — reconsultar por matrícula/endereço,GeoSampa WFS perimetro_zona_lei_18177_24 + perímetro AIU-SCE (sob selo ZEPEC_APC)
0080900029,ZEPEC_APC,,,,,,lote NÃO resolvido no GeoSampa (extinto/remembrado/condomínio) — reconsultar por matrícula/endereço,GeoSampa WFS perimetro_zona_lei_18177_24 + perímetro AIU-SCE (sob selo ZEPEC_APC)
0080900030,ZEPEC_APC,,,,,,lote NÃO resolvido no GeoSampa (extinto/remembrado/condomínio) — reconsultar por matrícula/endereço,GeoSampa WFS perimetro_zona_lei_18177_24 + perímetro AIU-SCE (sob selo ZEPEC_APC)
0080900031,ZEPEC_APC,,,,,,lote NÃO resolvido no GeoSampa (extinto/remembrado/condomínio) — reconsultar por matrícula/endereço,GeoSampa WFS perimetro_zona_lei_18177_24 + perímetro AIU-SCE (sob selo ZEPEC_APC)
0080900032,ZEPEC_APC,,,,,,lote NÃO resolvido no GeoSampa (extinto/remembrado/condomínio) — reconsultar por matrícula/endereço,GeoSampa WFS perimetro_zona_lei_18177_24 + perímetro AIU-SCE (sob selo ZEPEC_APC)
0080930000,ZEPEC_APC,ZC,ZCP-b,1,2,,,GeoSampa WFS perimetro_zona_lei_18177_24 + perímetro AIU-SCE (sob selo ZEPEC_APC)
0080930063,ZEPEC_APC,ZC,ZCP-b,1,2,,,GeoSampa WFS perimetro_zona_lei_18177_24 + perímetro AIU-SCE (sob selo ZEPEC_APC)
0090010000,ZEPEC_APC,ZM,ZM-3a,1,2,,,GeoSampa WFS perimetro_zona_lei_18177_24 + perímetro AIU-SCE (sob selo ZEPEC_APC)
0090040021,ZEPEC_APC,ZM,ZM-3a,1,2,,,GeoSampa WFS perimetro_zona_lei_18177_24 + perímetro AIU-SCE (sob selo ZEPEC_APC)
0090040022,ZEPEC_APC,ZM,ZM-3a,1,2,,,GeoSampa WFS perimetro_zona_lei_18177_24 + perímetro AIU-SCE (sob selo ZEPEC_APC)
0090040041,ZEPEC_APC,ZM,ZM-3a,1,2,,,GeoSampa WFS perimetro_zona_lei_18177_24 + perímetro AIU-SCE (sob selo ZEPEC_APC)
0090050033,ZEPEC_APC,ZM,ZM-3a,1,2,,,GeoSampa WFS perimetro_zona_lei_18177_24 + perímetro AIU-SCE (sob selo ZEPEC_APC)
0090060014,ZEPEC_APC,ZEIS-3,ZM-3a,1,4,,,GeoSampa WFS perimetro_zona_lei_18177_24 + perímetro AIU-SCE (sob selo ZEPEC_APC)
0090060015,ZEPEC_APC,ZEIS-3,ZM-3a,1,4,,,GeoSampa WFS perimetro_zona_lei_18177_24 + perímetro AIU-SCE (sob selo ZEPEC_APC)
0090060016,ZEPEC_APC,ZEIS-3,ZM-3a,1,4,,,GeoSampa WFS perimetro_zona_lei_18177_24 + perímetro AIU-SCE (sob selo ZEPEC_APC)
0090070080,ZEPEC_APC,ZEIS-3,ZM-3a,1,4,,,GeoSampa WFS perimetro_zona_lei_18177_24 + perímetro AIU-SCE (sob selo ZEPEC_APC)
0090080050,ZEPEC_APC,ZEIS-3,ZM-3a,1,4,,,GeoSampa WFS perimetro_zona_lei_18177_24 + perímetro AIU-SCE (sob selo ZEPEC_APC)
0090110006,ZEPEC_APC,ZM,ZM-3a,1,2,,,GeoSampa WFS perimetro_zona_lei_18177_24 + perímetro AIU-SCE (sob selo ZEPEC_APC)
0090110007,ZEPEC_APC,ZM,ZM-3a,1,2,,,GeoSampa WFS perimetro_zona_lei_18177_24 + perímetro AIU-SCE (sob selo ZEPEC_APC)
0090110008,ZEPEC_APC,ZM,ZM-3a,1,2,,,GeoSampa WFS perimetro_zona_lei_18177_24 + perímetro AIU-SCE (sob selo ZEPEC_APC)
0090110040,ZEPEC_APC,ZM,ZM-3a,1,2,,,GeoSampa WFS perimetro_zona_lei_18177_24 + perímetro AIU-SCE (sob selo ZEPEC_APC)
0090120053,ZEPEC_APC,ZM,ZM-3a,1,2,,,GeoSampa WFS perimetro_zona_lei_18177_24 + perímetro AIU-SCE (sob selo ZEPEC_APC)
0090140076,ZEPEC_APC,ZEU,ZM-3a,1,4,,,GeoSampa WFS perimetro_zona_lei_18177_24 + perímetro AIU-SCE (sob selo ZEPEC_APC)
0090140096,ZEPEC_APC,ZEU,ZM-3a,1,4,,,GeoSampa WFS perimetro_zona_lei_18177_24 + perímetro AIU-SCE (sob selo ZEPEC_APC)
0090170052,ZEPEC_APC,ZM,ZM-3a,1,2,,,GeoSampa WFS perimetro_zona_lei_18177_24 + perímetro AIU-SCE (sob selo ZEPEC_APC)
0090170053,ZEPEC_APC,ZM,ZM-3a,1,2,,,GeoSampa WFS perimetro_zona_lei_18177_24 + perímetro AIU-SCE (sob selo ZEPEC_APC)
0090170054,ZEPEC_APC,ZM,ZM-3a,1,2,,,GeoSampa WFS perimetro_zona_lei_18177_24 + perímetro AIU-SCE (sob selo ZEPEC_APC)
0090170055,ZEPEC_APC,ZM,ZM-3a,1,2,,,GeoSampa WFS perimetro_zona_lei_18177_24 + perímetro AIU-SCE (sob selo ZEPEC_APC)
0090170056,ZEPEC_APC,ZM,ZM-3a,1,2,,,GeoSampa WFS perimetro_zona_lei_18177_24 + perímetro AIU-SCE (sob selo ZEPEC_APC)
0090170057,ZEPEC_APC,ZM,ZM-3a,1,2,,,GeoSampa WFS perimetro_zona_lei_18177_24 + perímetro AIU-SCE (sob selo ZEPEC_APC)
0090170060,ZEPEC_APC,ZM,ZM-3a,1,2,,,GeoSampa WFS perimetro_zona_lei_18177_24 + perímetro AIU-SCE (sob selo ZEPEC_APC)
0090170176,ZEPEC_APC,ZM,ZM-3a,1,2,,,GeoSampa WFS perimetro_zona_lei_18177_24 + perímetro AIU-SCE (sob selo ZEPEC_APC)
0090170180,ZEPEC_APC,ZM,ZM-3a,1,2,,,GeoSampa WFS perimetro_zona_lei_18177_24 + perímetro AIU-SCE (sob selo ZEPEC_APC)
0090170243,ZEPEC_APC,ZM,ZM-3a,1,2,,,GeoSampa WFS perimetro_zona_lei_18177_24 + perímetro AIU-SCE (sob selo ZEPEC_APC)
0090190036,ZEPEC_APC,ZM,ZM-3a,1,2,,,GeoSampa WFS perimetro_zona_lei_18177_24 + perímetro AIU-SCE (sob selo ZEPEC_APC)
0090190037,ZEPEC_APC,ZM,ZM-3a,1,2,,,GeoSampa WFS perimetro_zona_lei_18177_24 + perímetro AIU-SCE (sob selo ZEPEC_APC)
0090190044,ZEPEC_APC,ZM,ZM-3a,1,2,,,GeoSampa WFS perimetro_zona_lei_18177_24 + perímetro AIU-SCE (sob selo ZEPEC_APC)
0090190058,ZEPEC_APC,ZM,ZM-3a,1,2,,,GeoSampa WFS perimetro_zona_lei_18177_24 + perímetro AIU-SCE (sob selo ZEPEC_APC)
0090190059,ZEPEC_APC,ZM,ZM-3a,1,2,,,GeoSampa WFS perimetro_zona_lei_18177_24 + perímetro AIU-SCE (sob selo ZEPEC_APC)
0090190078,ZEPEC_APC,ZM,ZM-3a,1,2,,,GeoSampa WFS perimetro_zona_lei_18177_24 + perímetro AIU-SCE (sob selo ZEPEC_APC)
0090190079,ZEPEC_APC,ZM,ZM-3a,1,2,,,GeoSampa WFS perimetro_zona_lei_18177_24 + perímetro AIU-SCE (sob selo ZEPEC_APC)
0090190088,ZEPEC_APC,ZM,ZM-3a,1,2,,,GeoSampa WFS perimetro_zona_lei_18177_24 + perímetro AIU-SCE (sob selo ZEPEC_APC)
0090200003,ZEPEC_APC,ZM,ZM-3a,1,2,,,GeoSampa WFS perimetro_zona_lei_18177_24 + perímetro AIU-SCE (sob selo ZEPEC_APC)
0090200021,ZEPEC_APC,ZM,ZM-3a,1,2,,,GeoSampa WFS perimetro_zona_lei_18177_24 + perímetro AIU-SCE (sob selo ZEPEC_APC)
0090200033,ZEPEC_APC,ZM,ZM-3a,1,2,,,GeoSampa WFS perimetro_zona_lei_18177_24 + perímetro AIU-SCE (sob selo ZEPEC_APC)
0090210037,ZEPEC_APC,ZM,ZM-3a,1,2,,,GeoSampa WFS perimetro_zona_lei_18177_24 + perímetro AIU-SCE (sob selo ZEPEC_APC)
0090210038,ZEPEC_APC,ZM,ZM-3a,1,2,,,GeoSampa WFS perimetro_zona_lei_18177_24 + perímetro AIU-SCE (sob selo ZEPEC_APC)
0090210039,ZEPEC_APC,ZM,ZM-3a,1,2,,,GeoSampa WFS perimetro_zona_lei_18177_24 + perímetro AIU-SCE (sob selo ZEPEC_APC)
0090210040,ZEPEC_APC,ZM,ZM-3a,1,2,,,GeoSampa WFS perimetro_zona_lei_18177_24 + perímetro AIU-SCE (sob selo ZEPEC_APC)
0090210043,ZEPEC_APC,ZM,ZM-3a,1,2,,,GeoSampa WFS perimetro_zona_lei_18177_24 + perímetro AIU-SCE (sob selo ZEPEC_APC)
0090210044,ZEPEC_APC,ZM,ZM-3a,1,2,,,GeoSampa WFS perimetro_zona_lei_18177_24 + perímetro AIU-SCE (sob selo ZEPEC_APC)
0090210045,ZEPEC_APC,ZM,ZM-3a,1,2,,,GeoSampa WFS perimetro_zona_lei_18177_24 + perímetro AIU-SCE (sob selo ZEPEC_APC)
0090210046,ZEPEC_APC,ZM,ZM-3a,1,2,,,GeoSampa WFS perimetro_zona_lei_18177_24 + perímetro AIU-SCE (sob selo ZEPEC_APC)
0090210047,ZEPEC_APC,ZM,ZM-3a,1,2,,,GeoSampa WFS perimetro_zona_lei_18177_24 + perímetro AIU-SCE (sob selo ZEPEC_APC)
0090210048,ZEPEC_APC,ZM,ZM-3a,1,2,,,GeoSampa WFS perimetro_zona_lei_18177_24 + perímetro AIU-SCE (sob selo ZEPEC_APC)
0090210055,ZEPEC_APC,ZM,ZM-3a,1,2,,,GeoSampa WFS perimetro_zona_lei_18177_24 + perímetro AIU-SCE (sob selo ZEPEC_APC)
0090210056,ZEPEC_APC,ZM,ZM-3a,1,2,,,GeoSampa WFS perimetro_zona_lei_18177_24 + perímetro AIU-SCE (sob selo ZEPEC_APC)
0090210058,ZEPEC_APC,ZM,ZM-3a,1,2,,,GeoSampa WFS perimetro_zona_lei_18177_24 + perímetro AIU-SCE (sob selo ZEPEC_APC)
0090210059,ZEPEC_APC,ZM,ZM-3a,1,2,,,GeoSampa WFS perimetro_zona_lei_18177_24 + perímetro AIU-SCE (sob selo ZEPEC_APC)
0090220066,ZEPEC_APC,ZM,ZM-3a,1,2,,,GeoSampa WFS perimetro_zona_lei_18177_24 + perímetro AIU-SCE (sob selo ZEPEC_APC)
0090220145,ZEPEC_APC,ZM,ZM-3a,1,2,,,GeoSampa WFS perimetro_zona_lei_18177_24 + perímetro AIU-SCE (sob selo ZEPEC_APC)
0090230035,ZEPEC_APC,ZM,ZM-3a,1,2,,,GeoSampa WFS perimetro_zona_lei_18177_24 + perímetro AIU-SCE (sob selo ZEPEC_APC)
0090250033,ZEPEC_APC,ZEIS-3,ZM-3a,1,4,,,GeoSampa WFS perimetro_zona_lei_18177_24 + perímetro AIU-SCE (sob selo ZEPEC_APC)
0090380001,ZEPEC_APC,ZM,ZM-3a,1,2,,,GeoSampa WFS perimetro_zona_lei_18177_24 + perímetro AIU-SCE (sob selo ZEPEC_APC)
0090380002,ZEPEC_APC,ZM,ZM-3a,1,2,,,GeoSampa WFS perimetro_zona_lei_18177_24 + perímetro AIU-SCE (sob selo ZEPEC_APC)
0090380003,ZEPEC_APC,ZM,ZM-3a,1,2,,,GeoSampa WFS perimetro_zona_lei_18177_24 + perímetro AIU-SCE (sob selo ZEPEC_APC)
0090380004,ZEPEC_APC,ZM,ZM-3a,1,2,1,,GeoSampa WFS perimetro_zona_lei_18177_24 + perímetro AIU-SCE (sob selo ZEPEC_APC)
0090380005,ZEPEC_APC,ZM,ZM-3a,1,2,1,,GeoSampa WFS perimetro_zona_lei_18177_24 + perímetro AIU-SCE (sob selo ZEPEC_APC)
0090380009,ZEPEC_APC,ZM,ZM-3a,1,2,1,,GeoSampa WFS perimetro_zona_lei_18177_24 + perímetro AIU-SCE (sob selo ZEPEC_APC)
0090380010,ZEPEC_APC,ZM,ZM-3a,1,2,1,,GeoSampa WFS perimetro_zona_lei_18177_24 + perímetro AIU-SCE (sob selo ZEPEC_APC)
0090380013,ZEPEC_APC,ZM,ZM-3a,1,2,1,,GeoSampa WFS perimetro_zona_lei_18177_24 + perímetro AIU-SCE (sob selo ZEPEC_APC)
0090380014,ZEPEC_APC,ZM,ZM-3a,1,2,1,,GeoSampa WFS perimetro_zona_lei_18177_24 + perímetro AIU-SCE (sob selo ZEPEC_APC)
0090380017,ZEPEC_APC,ZM,ZM-3a,1,2,1,,GeoSampa WFS perimetro_zona_lei_18177_24 + perímetro AIU-SCE (sob selo ZEPEC_APC)
0090380020,ZEPEC_APC,ZM,ZM-3a,1,2,1,,GeoSampa WFS perimetro_zona_lei_18177_24 + perímetro AIU-SCE (sob selo ZEPEC_APC)
0090380026,ZEPEC_APC,ZM,ZM-3a,1,2,1,,GeoSampa WFS perimetro_zona_lei_18177_24 + perímetro AIU-SCE (sob selo ZEPEC_APC)
0090380027,ZEPEC_APC,ZM,ZM-3a,1,2,1,,GeoSampa WFS perimetro_zona_lei_18177_24 + perímetro AIU-SCE (sob selo ZEPEC_APC)
0090380031,ZEPEC_APC,ZM,ZM-3a,1,2,1,,GeoSampa WFS perimetro_zona_lei_18177_24 + perímetro AIU-SCE (sob selo ZEPEC_APC)
0090380088,ZEPEC_APC,ZM,ZM-3a,1,2,1,,GeoSampa WFS perimetro_zona_lei_18177_24 + perímetro AIU-SCE (sob selo ZEPEC_APC)
0090390000,ZEPEC_APC,ZEIS-5,ZM-3a,1,4,1,,GeoSampa WFS perimetro_zona_lei_18177_24 + perímetro AIU-SCE (sob selo ZEPEC_APC)
0090390063,ZEPEC_APC,ZEIS-5,ZM-3a,1,4,1,,GeoSampa WFS perimetro_zona_lei_18177_24 + perímetro AIU-SCE (sob selo ZEPEC_APC)
0090390069,ZEPEC_APC,ZEIS-5,ZM-3a,1,4,1,,GeoSampa WFS perimetro_zona_lei_18177_24 + perímetro AIU-SCE (sob selo ZEPEC_APC)
0090390083,ZEPEC_APC,ZEIS-5,ZM-3a,1,4,1,,GeoSampa WFS perimetro_zona_lei_18177_24 + perímetro AIU-SCE (sob selo ZEPEC_APC)
0090410056,ZEPEC_APC,ZEIS-5,ZM-3a,1,4,1,,GeoSampa WFS perimetro_zona_lei_18177_24 + perímetro AIU-SCE (sob selo ZEPEC_APC)
0090410057,ZEPEC_APC,ZEIS-5,ZM-3a,1,4,1,,GeoSampa WFS perimetro_zona_lei_18177_24 + perímetro AIU-SCE (sob selo ZEPEC_APC)
0090410058,ZEPEC_APC,ZEIS-5,ZM-3a,1,4,1,,GeoSampa WFS perimetro_zona_lei_18177_24 + perímetro AIU-SCE (sob selo ZEPEC_APC)
0090410059,ZEPEC_APC,ZEIS-5,ZM-3a,1,4,1,,GeoSampa WFS perimetro_zona_lei_18177_24 + perímetro AIU-SCE (sob selo ZEPEC_APC)
0090420023,ZEPEC_APC,ZEIS-5,ZM-3a,1,4,1,,GeoSampa WFS perimetro_zona_lei_18177_24 + perímetro AIU-SCE (sob selo ZEPEC_APC)
0090420024,ZEPEC_APC,ZEIS-5,ZM-3a,1,4,1,,GeoSampa WFS perimetro_zona_lei_18177_24 + perímetro AIU-SCE (sob selo ZEPEC_APC)
0090440308,ZEPEC_APC,ZM,ZCP-a,1,2,1,,GeoSampa WFS perimetro_zona_lei_18177_24 + perímetro AIU-SCE (sob selo ZEPEC_APC)
0090511590,ZEPEC_APC,ZEU,ZM-3a,1,4,1,,GeoSampa WFS perimetro_zona_lei_18177_24 + perímetro AIU-SCE (sob selo ZEPEC_APC)
0090520019,ZEPEC_APC,ZEU,ZCP-a,1,4,1,,GeoSampa WFS perimetro_zona_lei_18177_24 + perímetro AIU-SCE (sob selo ZEPEC_APC)
0090530000,ZEPEC_APC,ZEU,ZCP-a,1,4,1,,GeoSampa WFS perimetro_zona_lei_18177_24 + perímetro AIU-SCE (sob selo ZEPEC_APC)
0090530003,ZEPEC_APC,ZEU,ZCP-a,1,4,1,,GeoSampa WFS perimetro_zona_lei_18177_24 + perímetro AIU-SCE (sob selo ZEPEC_APC)
0090530024,ZEPEC_APC,ZEU,ZCP-a,1,4,1,,GeoSampa WFS perimetro_zona_lei_18177_24 + perímetro AIU-SCE (sob selo ZEPEC_APC)
0090530025,ZEPEC_APC,ZEU,ZCP-a,1,4,1,,GeoSampa WFS perimetro_zona_lei_18177_24 + perímetro AIU-SCE (sob selo ZEPEC_APC)
0090530026,ZEPEC_APC,ZEU,ZCP-a,1,4,1,,GeoSampa WFS perimetro_zona_lei_18177_24 + perímetro AIU-SCE (sob selo ZEPEC_APC)
0090530027,ZEPEC_APC,ZEU,ZCP-a,1,4,1,,GeoSampa WFS perimetro_zona_lei_18177_24 + perímetro AIU-SCE (sob selo ZEPEC_APC)
0090650000,ZEPEC_APC,ZEU,ZM-3a,1,4,1,,GeoSampa WFS perimetro_zona_lei_18177_24 + perímetro AIU-SCE (sob selo ZEPEC_APC)
0090660667,ZEPEC_APC,ZEU,ZCP-a,1,4,1,,GeoSampa WFS perimetro_zona_lei_18177_24 + perímetro AIU-SCE (sob selo ZEPEC_APC)
0090700001,ZEPEC_APC,ZEU,ZCP-a,1,4,1,,GeoSampa WFS perimetro_zona_lei_18177_24 + perímetro AIU-SCE (sob selo ZEPEC_APC)
0090710464,ZEPEC_APC,ZEU,ZCP-a,1,4,1,,GeoSampa WFS perimetro_zona_lei_18177_24 + perímetro AIU-SCE (sob selo ZEPEC_APC)
0090940037,ZEPEC_APC,ZEIS-3,ZM-3a,1,4,1,,GeoSampa WFS perimetro_zona_lei_18177_24 + perímetro AIU-SCE (sob selo ZEPEC_APC)
0090940038,ZEPEC_APC,ZEIS-3,ZM-3a,1,4,1,,GeoSampa WFS perimetro_zona_lei_18177_24 + perímetro AIU-SCE (sob selo ZEPEC_APC)
0090940047,ZEPEC_APC,ZEIS-3,ZM-3a,1,4,1,,GeoSampa WFS perimetro_zona_lei_18177_24 + perímetro AIU-SCE (sob selo ZEPEC_APC)
0100130015,ZEPEC_APC,ZEU,ZCP-b,1,4,0,,GeoSampa WFS perimetro_zona_lei_18177_24 + perímetro AIU-SCE (sob selo ZEPEC_APC)
0100130024,ZEPEC_APC,ZEU,ZCP-b,1,4,0,,GeoSampa WFS perimetro_zona_lei_18177_24 + perímetro AIU-SCE (sob selo ZEPEC_APC)
0100140323,ZEPEC_APC,ZEU,ZCP-b,1,4,0,,GeoSampa WFS perimetro_zona_lei_18177_24 + perímetro AIU-SCE (sob selo ZEPEC_APC)
0100220001,ZEPEC_APC,ZOE,ZCP-b,,,0,"ZOE (Zona de Ocupação Especial): regime PRÓPRIO — CAbás definido por lei/plano específico do perímetro, NÃO pelo Quadro 3. Buscar o ato do ZOE.",GeoSampa WFS perimetro_zona_lei_18177_24 + perímetro AIU-SCE (sob selo ZEPEC_APC)
0100220002,ZEPEC_APC,ZOE,ZCP-b,,,0,"ZOE (Zona de Ocupação Especial): regime PRÓPRIO — CAbás definido por lei/plano específico do perímetro, NÃO pelo Quadro 3. Buscar o ato do ZOE.",GeoSampa WFS perimetro_zona_lei_18177_24 + perímetro AIU-SCE (sob selo ZEPEC_APC)
0100220003,ZEPEC_APC,ZOE,ZCP-b,,,0,"ZOE (Zona de Ocupação Especial): regime PRÓPRIO — CAbás definido por lei/plano específico do perímetro, NÃO pelo Quadro 3. Buscar o ato do ZOE.",GeoSampa WFS perimetro_zona_lei_18177_24 + perímetro AIU-SCE (sob selo ZEPEC_APC)
0100300080,ZEPEC_APC,ZEU,ZCP-b,1,4,0,,GeoSampa WFS perimetro_zona_lei_18177_24 + perímetro AIU-SCE (sob selo ZEPEC_APC)
0100300081,ZEPEC_APC,ZEU,ZCP-b,1,4,0,,GeoSampa WFS perimetro_zona_lei_18177_24 + perímetro AIU-SCE (sob selo ZEPEC_APC)
0110020075,ZEPEC_APC,ZC,ZM-1,1,2,0,,GeoSampa WFS perimetro_zona_lei_18177_24 + perímetro AIU-SCE (sob selo ZEPEC_APC)
0110980024,ZEPEC_APC,ZC,ZM-2,1,2,0,,GeoSampa WFS perimetro_zona_lei_18177_24 + perímetro AIU-SCE (sob selo ZEPEC_APC)
0110980025,ZEPEC_APC,ZC,ZM-2,1,2,0,,GeoSampa WFS perimetro_zona_lei_18177_24 + perímetro AIU-SCE (sob selo ZEPEC_APC)
0111080001,ZEPEC_APC,ZOE,ZER-1,,,0,"ZOE (Zona de Ocupação Especial): regime PRÓPRIO — CAbás definido por lei/plano específico do perímetro, NÃO pelo Quadro 3. Buscar o ato do ZOE.",GeoSampa WFS perimetro_zona_lei_18177_24 + perímetro AIU-SCE (sob selo ZEPEC_APC)
0111330016,ZEPEC_APC,ZER-1,ZER-1,1,1,0,,GeoSampa WFS perimetro_zona_lei_18177_24 + perímetro AIU-SCE (sob selo ZEPEC_APC)
0111440038,ZEPEC_APC,ZER-1,ZER-1,1,1,0,,GeoSampa WFS perimetro_zona_lei_18177_24 + perímetro AIU-SCE (sob selo ZEPEC_APC)
0130090136,ZEPEC_APC,AC-1,ZM-2,"0,6","0,6",0,,GeoSampa WFS perimetro_zona_lei_18177_24 + perímetro AIU-SCE (sob selo ZEPEC_APC)
0140230001,ZEPEC_APC,AC-1,EI-8,"0,6","0,6",0,,GeoSampa WFS perimetro_zona_lei_18177_24 + perímetro AIU-SCE (sob selo ZEPEC_APC)
0160090028,ZEPEC_APC,,,,,,lote NÃO resolvido no GeoSampa (extinto/remembrado/condomínio) — reconsultar por matrícula/endereço,GeoSampa WFS perimetro_zona_lei_18177_24 + perímetro AIU-SCE (sob selo ZEPEC_APC)
0180010008,ZEPEC_APC,AC-1,ZCP-a,"0,6","0,6",1,,GeoSampa WFS perimetro_zona_lei_18177_24 + perímetro AIU-SCE (sob selo ZEPEC_APC)
0330050023,ZEPEC_APC,ZEU,ZCP-a,1,4,1,,GeoSampa WFS perimetro_zona_lei_18177_24 + perímetro AIU-SCE (sob selo ZEPEC_APC)
0330050040,ZEPEC_APC,ZEU,ZCP-a,1,4,1,,GeoSampa WFS perimetro_zona_lei_18177_24 + perímetro AIU-SCE (sob selo ZEPEC_APC)
0330070009,ZEPEC_APC,ZM,ZCP-a,1,2,1,,GeoSampa WFS perimetro_zona_lei_18177_24 + perímetro AIU-SCE (sob selo ZEPEC_APC)
0330100010,ZEPEC_APC,ZEU,ZCP-a,1,4,1,,GeoSampa WFS perimetro_zona_lei_18177_24 + perímetro AIU-SCE (sob selo ZEPEC_APC)
0330130125,ZEPEC_APC,ZEU,ZCP-a,1,4,1,,GeoSampa WFS perimetro_zona_lei_18177_24 + perímetro AIU-SCE (sob selo ZEPEC_APC)
0330130126,ZEPEC_APC,ZEU,ZCP-a,1,4,1,,GeoSampa WFS perimetro_zona_lei_18177_24 + perímetro AIU-SCE (sob selo ZEPEC_APC)
0330130127,ZEPEC_APC,ZEU,ZCP-a,1,4,1,,GeoSampa WFS perimetro_zona_lei_18177_24 + perímetro AIU-SCE (sob selo ZEPEC_APC)
0330140010,ZEPEC_APC,ZEU,ZCP-a,1,4,1,,GeoSampa WFS perimetro_zona_lei_18177_24 + perímetro AIU-SCE (sob selo ZEPEC_APC)
0330140011,ZEPEC_APC,ZEU,ZCP-a,1,4,1,,GeoSampa WFS perimetro_zona_lei_18177_24 + perímetro AIU-SCE (sob selo ZEPEC_APC)
0330140012,ZEPEC_APC,ZEU,ZCP-a,1,4,1,,GeoSampa WFS perimetro_zona_lei_18177_24 + perímetro AIU-SCE (sob selo ZEPEC_APC)
0330140013,ZEPEC_APC,ZEU,ZCP-a,1,4,1,,GeoSampa WFS perimetro_zona_lei_18177_24 + perímetro AIU-SCE (sob selo ZEPEC_APC)
0330160032,ZEPEC_APC,ZC,ZCP-b,1,2,1,,GeoSampa WFS perimetro_zona_lei_18177_24 + perímetro AIU-SCE (sob selo ZEPEC_APC)
0330160033,ZEPEC_APC,ZC,ZCP-b,1,2,1,,GeoSampa WFS perimetro_zona_lei_18177_24 + perímetro AIU-SCE (sob selo ZEPEC_APC)
0330160034,ZEPEC_APC,ZC,ZCP-b,1,2,1,,GeoSampa WFS perimetro_zona_lei_18177_24 + perímetro AIU-SCE (sob selo ZEPEC_APC)
0330190005,ZEPEC_APC,ZM,ZCP-b,1,2,1,,GeoSampa WFS perimetro_zona_lei_18177_24 + perímetro AIU-SCE (sob selo ZEPEC_APC)
0330190023,ZEPEC_APC,ZM,ZM-1,1,2,1,,GeoSampa WFS perimetro_zona_lei_18177_24 + perímetro AIU-SCE (sob selo ZEPEC_APC)
0330190027,ZEPEC_APC,ZM,ZM-1,1,2,1,,GeoSampa WFS perimetro_zona_lei_18177_24 + perímetro AIU-SCE (sob selo ZEPEC_APC)
0330190028,ZEPEC_APC,ZM,ZM-1,1,2,1,,GeoSampa WFS perimetro_zona_lei_18177_24 + perímetro AIU-SCE (sob selo ZEPEC_APC)
0330200002,ZEPEC_APC,ZM,ZM-1,1,2,1,,GeoSampa WFS perimetro_zona_lei_18177_24 + perímetro AIU-SCE (sob selo ZEPEC_APC)
0330200003,ZEPEC_APC,ZM,ZM-1,1,2,1,,GeoSampa WFS perimetro_zona_lei_18177_24 + perímetro AIU-SCE (sob selo ZEPEC_APC)
0330200010,ZEPEC_APC,ZM,ZM-1,1,2,1,,GeoSampa WFS perimetro_zona_lei_18177_24 + perímetro AIU-SCE (sob selo ZEPEC_APC)
0330210040,ZEPEC_APC,ZM,ZM-1,1,2,1,,GeoSampa WFS perimetro_zona_lei_18177_24 + perímetro AIU-SCE (sob selo ZEPEC_APC)
0330210056,ZEPEC_APC,ZM,ZM-1,1,2,1,,GeoSampa WFS perimetro_zona_lei_18177_24 + perímetro AIU-SCE (sob selo ZEPEC_APC)
0330210057,ZEPEC_APC,ZM,ZM-1,1,2,1,,GeoSampa WFS perimetro_zona_lei_18177_24 + perímetro AIU-SCE (sob selo ZEPEC_APC)
0380020016,ZEPEC_APC,ZEU,ZCP-a,1,4,1,,GeoSampa WFS perimetro_zona_lei_18177_24 + perímetro AIU-SCE (sob selo ZEPEC_APC)
0380020023,ZEPEC_APC,ZEU,ZCP-a,1,4,1,,GeoSampa WFS perimetro_zona_lei_18177_24 + perímetro AIU-SCE (sob selo ZEPEC_APC)
0380050038,ZEPEC_APC,ZEU,ZCP-b,1,4,1,,GeoSampa WFS perimetro_zona_lei_18177_24 + perímetro AIU-SCE (sob selo ZEPEC_APC)
0381160001,ZEPEC_APC,ZEU,ZCP-a,1,4,1,,GeoSampa WFS perimetro_zona_lei_18177_24 + perímetro AIU-SCE (sob selo ZEPEC_APC)
1230010010,ZEPEC_APC,ZEPAM,ZM-1,"0,1","0,1",0,,GeoSampa WFS perimetro_zona_lei_18177_24 + perímetro AIU-SCE (sob selo ZEPEC_APC)
