camada;tema;n_componentes;componentes(ext);completa(sim/nao);destino
AC_1;Area de controle / AC;4;cpg,dbf,shp,shx;sim;05-Geo=1VxXDspnEwYuiCMXjn9-YPp65h3vtb_pr
AC_2;Area de controle / AC;4;cpg,dbf,shp,shx;sim;05-Geo=1VxXDspnEwYuiCMXjn9-YPp65h3vtb_pr
SIRGAS_SHP_benstombados;Bens tombados (patrimonio);4;cpg,dbf,shp,shx;sim;05-Geo=1VxXDspnEwYuiCMXjn9-YPp65h3vtb_pr
SIRGAS_SHP_cota_solidariedade;Cota de solidariedade;4;cpg,dbf,shp,shx;sim;05-Geo=1VxXDspnEwYuiCMXjn9-YPp65h3vtb_pr
layer_geosampa_apas;GeoPackage - APAs (areas protecao ambiental) GeoSampa;1;gpkg;sim;05-Geo=1VxXDspnEwYuiCMXjn9-YPp65h3vtb_pr
area_potencial_e_suspeita_de_contaminacao.xlsx;GeoPackage - areas contaminadas/suspeitas;1;gpkg;sim;05-Geo=1VxXDspnEwYuiCMXjn9-YPp65h3vtb_pr
SIRGAS_SHP_PLANO_DIRETOR_DRENAGEM;Hidrografia / drenagem;5;cpg,dbf,prj,shp,shx;sim;05-Geo=1VxXDspnEwYuiCMXjn9-YPp65h3vtb_pr
SIRGAS_SHP_baciahidro_polygon;Hidrografia / drenagem;4;cpg,dbf,shp,shx;sim;05-Geo=1VxXDspnEwYuiCMXjn9-YPp65h3vtb_pr
SIRGAS_SHP_hidrolinha;Hidrografia / drenagem;4;cpg,dbf,shp,shx;sim;05-Geo=1VxXDspnEwYuiCMXjn9-YPp65h3vtb_pr
INCENTIVO_GARAGEM;Incentivo garagem;4;cpg,dbf,shp,shx;sim;05-Geo=1VxXDspnEwYuiCMXjn9-YPp65h3vtb_pr
SIRGAS_SHP_logradouronbl;Logradouros;4;cpg,dbf,shp,shx;sim;05-Geo=1VxXDspnEwYuiCMXjn9-YPp65h3vtb_pr
SIRGAS_SHP_LOTES_01_AGUA_RASA;Lotes (geometria por SQL / distrito);4;cpg,dbf,shp,shx;sim;05-Geo=1VxXDspnEwYuiCMXjn9-YPp65h3vtb_pr
SIRGAS_SHP_LOTES_02_ALTO_DE_PINHEIROS;Lotes (geometria por SQL / distrito);4;cpg,dbf,shp,shx;sim;05-Geo=1VxXDspnEwYuiCMXjn9-YPp65h3vtb_pr
SIRGAS_SHP_LOTES_03_ANHANGUERA;Lotes (geometria por SQL / distrito);4;cpg,dbf,shp,shx;sim;05-Geo=1VxXDspnEwYuiCMXjn9-YPp65h3vtb_pr
SIRGAS_SHP_LOTES_04_ARICANDUVA;Lotes (geometria por SQL / distrito);4;cpg,dbf,shp,shx;sim;05-Geo=1VxXDspnEwYuiCMXjn9-YPp65h3vtb_pr
SIRGAS_SHP_LOTES_05_ARTUR_ALVIM;Lotes (geometria por SQL / distrito);4;cpg,dbf,shp,shx;sim;05-Geo=1VxXDspnEwYuiCMXjn9-YPp65h3vtb_pr
SIRGAS_SHP_LOTES_06_BARRA_FUNDA;Lotes (geometria por SQL / distrito);4;cpg,dbf,shp,shx;sim;05-Geo=1VxXDspnEwYuiCMXjn9-YPp65h3vtb_pr
SIRGAS_SHP_LOTES_07_BELA_VISTA;Lotes (geometria por SQL / distrito);4;cpg,dbf,shp,shx;sim;05-Geo=1VxXDspnEwYuiCMXjn9-YPp65h3vtb_pr
SIRGAS_SHP_LOTES_08_BELEM;Lotes (geometria por SQL / distrito);4;cpg,dbf,shp,shx;sim;05-Geo=1VxXDspnEwYuiCMXjn9-YPp65h3vtb_pr
SIRGAS_SHP_LOTES_09_BOM_RETIRO;Lotes (geometria por SQL / distrito);4;cpg,dbf,shp,shx;sim;05-Geo=1VxXDspnEwYuiCMXjn9-YPp65h3vtb_pr
SIRGAS_SHP_LOTES_10_BRAS;Lotes (geometria por SQL / distrito);4;cpg,dbf,shp,shx;sim;05-Geo=1VxXDspnEwYuiCMXjn9-YPp65h3vtb_pr
SIRGAS_SHP_LOTES_11_BRASILANDIA;Lotes (geometria por SQL / distrito);4;cpg,dbf,shp,shx;sim;05-Geo=1VxXDspnEwYuiCMXjn9-YPp65h3vtb_pr
SIRGAS_SHP_LOTES_12_BUTANTA;Lotes (geometria por SQL / distrito);4;cpg,dbf,shp,shx;sim;05-Geo=1VxXDspnEwYuiCMXjn9-YPp65h3vtb_pr
SIRGAS_SHP_LOTES_13_CACHOEIRINHA;Lotes (geometria por SQL / distrito);4;cpg,dbf,shp,shx;sim;05-Geo=1VxXDspnEwYuiCMXjn9-YPp65h3vtb_pr
SIRGAS_SHP_LOTES_14_CAMBUCI;Lotes (geometria por SQL / distrito);4;cpg,dbf,shp,shx;sim;05-Geo=1VxXDspnEwYuiCMXjn9-YPp65h3vtb_pr
SIRGAS_SHP_LOTES_15_CAMPO_BELO;Lotes (geometria por SQL / distrito);4;cpg,dbf,shp,shx;sim;05-Geo=1VxXDspnEwYuiCMXjn9-YPp65h3vtb_pr
SIRGAS_SHP_LOTES_16_CAMPO_GRANDE;Lotes (geometria por SQL / distrito);4;cpg,dbf,shp,shx;sim;05-Geo=1VxXDspnEwYuiCMXjn9-YPp65h3vtb_pr
SIRGAS_SHP_LOTES_17_CAMPO_LIMPO;Lotes (geometria por SQL / distrito);4;cpg,dbf,shp,shx;sim;05-Geo=1VxXDspnEwYuiCMXjn9-YPp65h3vtb_pr
SIRGAS_SHP_LOTES_18_CANGAIBA;Lotes (geometria por SQL / distrito);4;cpg,dbf,shp,shx;sim;05-Geo=1VxXDspnEwYuiCMXjn9-YPp65h3vtb_pr
SIRGAS_SHP_LOTES_19_CAPAO_REDONDO;Lotes (geometria por SQL / distrito);4;cpg,dbf,shp,shx;sim;05-Geo=1VxXDspnEwYuiCMXjn9-YPp65h3vtb_pr
SIRGAS_SHP_LOTES_20_CARRAO;Lotes (geometria por SQL / distrito);4;cpg,dbf,shp,shx;sim;05-Geo=1VxXDspnEwYuiCMXjn9-YPp65h3vtb_pr
SIRGAS_SHP_LOTES_21_CASA_VERDE;Lotes (geometria por SQL / distrito);4;cpg,dbf,shp,shx;sim;05-Geo=1VxXDspnEwYuiCMXjn9-YPp65h3vtb_pr
SIRGAS_SHP_LOTES_22_CIDADE_ADEMAR;Lotes (geometria por SQL / distrito);4;cpg,dbf,shp,shx;sim;05-Geo=1VxXDspnEwYuiCMXjn9-YPp65h3vtb_pr
SIRGAS_SHP_LOTES_23_CIDADE_DUTRA;Lotes (geometria por SQL / distrito);4;cpg,dbf,shp,shx;sim;05-Geo=1VxXDspnEwYuiCMXjn9-YPp65h3vtb_pr
SIRGAS_SHP_LOTES_24_CIDADE_LIDER;Lotes (geometria por SQL / distrito);4;cpg,dbf,shp,shx;sim;05-Geo=1VxXDspnEwYuiCMXjn9-YPp65h3vtb_pr
SIRGAS_SHP_LOTES_25_CIDADE_TIRADENTES;Lotes (geometria por SQL / distrito);4;cpg,dbf,shp,shx;sim;05-Geo=1VxXDspnEwYuiCMXjn9-YPp65h3vtb_pr
SIRGAS_SHP_LOTES_26_CONSOLACAO;Lotes (geometria por SQL / distrito);4;cpg,dbf,shp,shx;sim;05-Geo=1VxXDspnEwYuiCMXjn9-YPp65h3vtb_pr
SIRGAS_SHP_LOTES_27_CURSINO;Lotes (geometria por SQL / distrito);4;cpg,dbf,shp,shx;sim;05-Geo=1VxXDspnEwYuiCMXjn9-YPp65h3vtb_pr
SIRGAS_SHP_LOTES_28_ERMELINO_MATARAZZO;Lotes (geometria por SQL / distrito);4;cpg,dbf,shp,shx;sim;05-Geo=1VxXDspnEwYuiCMXjn9-YPp65h3vtb_pr
SIRGAS_SHP_LOTES_29_FREGUESIA_DO_O;Lotes (geometria por SQL / distrito);4;cpg,dbf,shp,shx;sim;05-Geo=1VxXDspnEwYuiCMXjn9-YPp65h3vtb_pr
SIRGAS_SHP_LOTES_30_GRAJAU;Lotes (geometria por SQL / distrito);4;cpg,dbf,shp,shx;sim;05-Geo=1VxXDspnEwYuiCMXjn9-YPp65h3vtb_pr
SIRGAS_SHP_LOTES_31_GUAIANASES;Lotes (geometria por SQL / distrito);4;cpg,dbf,shp,shx;sim;05-Geo=1VxXDspnEwYuiCMXjn9-YPp65h3vtb_pr
SIRGAS_SHP_LOTES_32_MOEMA;Lotes (geometria por SQL / distrito);4;cpg,dbf,shp,shx;sim;05-Geo=1VxXDspnEwYuiCMXjn9-YPp65h3vtb_pr
SIRGAS_SHP_LOTES_33_IGUATEMI;Lotes (geometria por SQL / distrito);4;cpg,dbf,shp,shx;sim;05-Geo=1VxXDspnEwYuiCMXjn9-YPp65h3vtb_pr
SIRGAS_SHP_LOTES_34_IPIRANGA;Lotes (geometria por SQL / distrito);4;cpg,dbf,shp,shx;sim;05-Geo=1VxXDspnEwYuiCMXjn9-YPp65h3vtb_pr
SIRGAS_SHP_LOTES_35_ITAIM_BIBI;Lotes (geometria por SQL / distrito);4;cpg,dbf,shp,shx;sim;05-Geo=1VxXDspnEwYuiCMXjn9-YPp65h3vtb_pr
SIRGAS_SHP_LOTES_36_ITAIM_PAULISTA;Lotes (geometria por SQL / distrito);4;cpg,dbf,shp,shx;sim;05-Geo=1VxXDspnEwYuiCMXjn9-YPp65h3vtb_pr
SIRGAS_SHP_LOTES_37_ITAQUERA;Lotes (geometria por SQL / distrito);4;cpg,dbf,shp,shx;sim;05-Geo=1VxXDspnEwYuiCMXjn9-YPp65h3vtb_pr
SIRGAS_SHP_LOTES_38_JABAQUARA;Lotes (geometria por SQL / distrito);4;cpg,dbf,shp,shx;sim;05-Geo=1VxXDspnEwYuiCMXjn9-YPp65h3vtb_pr
SIRGAS_SHP_LOTES_39_JACANA;Lotes (geometria por SQL / distrito);4;cpg,dbf,shp,shx;sim;05-Geo=1VxXDspnEwYuiCMXjn9-YPp65h3vtb_pr
SIRGAS_SHP_LOTES_40_JAGUARA;Lotes (geometria por SQL / distrito);4;cpg,dbf,shp,shx;sim;05-Geo=1VxXDspnEwYuiCMXjn9-YPp65h3vtb_pr
SIRGAS_SHP_LOTES_41_JAGUARE;Lotes (geometria por SQL / distrito);4;cpg,dbf,shp,shx;sim;05-Geo=1VxXDspnEwYuiCMXjn9-YPp65h3vtb_pr
SIRGAS_SHP_LOTES_42_JARAGUA;Lotes (geometria por SQL / distrito);4;cpg,dbf,shp,shx;sim;05-Geo=1VxXDspnEwYuiCMXjn9-YPp65h3vtb_pr
SIRGAS_SHP_LOTES_43_JARDIM_ANGELA;Lotes (geometria por SQL / distrito);4;cpg,dbf,shp,shx;sim;05-Geo=1VxXDspnEwYuiCMXjn9-YPp65h3vtb_pr
SIRGAS_SHP_LOTES_44_JARDIM_HELENA;Lotes (geometria por SQL / distrito);4;cpg,dbf,shp,shx;sim;05-Geo=1VxXDspnEwYuiCMXjn9-YPp65h3vtb_pr
SIRGAS_SHP_LOTES_45_JARDIM_PAULISTA;Lotes (geometria por SQL / distrito);4;cpg,dbf,shp,shx;sim;05-Geo=1VxXDspnEwYuiCMXjn9-YPp65h3vtb_pr
SIRGAS_SHP_LOTES_46_JARDIM_SAO_LUIS;Lotes (geometria por SQL / distrito);4;cpg,dbf,shp,shx;sim;05-Geo=1VxXDspnEwYuiCMXjn9-YPp65h3vtb_pr
SIRGAS_SHP_LOTES_47_JOSE_BONIFACIO;Lotes (geometria por SQL / distrito);4;cpg,dbf,shp,shx;sim;05-Geo=1VxXDspnEwYuiCMXjn9-YPp65h3vtb_pr
SIRGAS_SHP_LOTES_48_LAPA;Lotes (geometria por SQL / distrito);4;cpg,dbf,shp,shx;sim;05-Geo=1VxXDspnEwYuiCMXjn9-YPp65h3vtb_pr
SIRGAS_SHP_LOTES_49_LIBERDADE;Lotes (geometria por SQL / distrito);4;cpg,dbf,shp,shx;sim;05-Geo=1VxXDspnEwYuiCMXjn9-YPp65h3vtb_pr
SIRGAS_SHP_LOTES_50_LIMAO;Lotes (geometria por SQL / distrito);4;cpg,dbf,shp,shx;sim;05-Geo=1VxXDspnEwYuiCMXjn9-YPp65h3vtb_pr
SIRGAS_SHP_LOTES_51_MANDAQUI;Lotes (geometria por SQL / distrito);4;cpg,dbf,shp,shx;sim;05-Geo=1VxXDspnEwYuiCMXjn9-YPp65h3vtb_pr
SIRGAS_SHP_LOTES_52_MARSILAC;Lotes (geometria por SQL / distrito);4;cpg,dbf,shp,shx;sim;05-Geo=1VxXDspnEwYuiCMXjn9-YPp65h3vtb_pr
SIRGAS_SHP_LOTES_53_MOOCA;Lotes (geometria por SQL / distrito);4;cpg,dbf,shp,shx;sim;05-Geo=1VxXDspnEwYuiCMXjn9-YPp65h3vtb_pr
SIRGAS_SHP_LOTES_54_MORUMBI;Lotes (geometria por SQL / distrito);4;cpg,dbf,shp,shx;sim;05-Geo=1VxXDspnEwYuiCMXjn9-YPp65h3vtb_pr
SIRGAS_SHP_LOTES_55_PARELHEIROS;Lotes (geometria por SQL / distrito);4;cpg,dbf,shp,shx;sim;05-Geo=1VxXDspnEwYuiCMXjn9-YPp65h3vtb_pr
SIRGAS_SHP_LOTES_56_PARI;Lotes (geometria por SQL / distrito);4;cpg,dbf,shp,shx;sim;05-Geo=1VxXDspnEwYuiCMXjn9-YPp65h3vtb_pr
SIRGAS_SHP_LOTES_57_PARQUE_DO_CARMO;Lotes (geometria por SQL / distrito);4;cpg,dbf,shp,shx;sim;05-Geo=1VxXDspnEwYuiCMXjn9-YPp65h3vtb_pr
SIRGAS_SHP_LOTES_58_PEDREIRA;Lotes (geometria por SQL / distrito);4;cpg,dbf,shp,shx;sim;05-Geo=1VxXDspnEwYuiCMXjn9-YPp65h3vtb_pr
SIRGAS_SHP_LOTES_59_PENHA;Lotes (geometria por SQL / distrito);4;cpg,dbf,shp,shx;sim;05-Geo=1VxXDspnEwYuiCMXjn9-YPp65h3vtb_pr
SIRGAS_SHP_LOTES_60_PERDIZES;Lotes (geometria por SQL / distrito);4;cpg,dbf,shp,shx;sim;05-Geo=1VxXDspnEwYuiCMXjn9-YPp65h3vtb_pr
SIRGAS_SHP_LOTES_61_PERUS;Lotes (geometria por SQL / distrito);4;cpg,dbf,shp,shx;sim;05-Geo=1VxXDspnEwYuiCMXjn9-YPp65h3vtb_pr
SIRGAS_SHP_LOTES_62_PINHEIROS;Lotes (geometria por SQL / distrito);4;cpg,dbf,shp,shx;sim;05-Geo=1VxXDspnEwYuiCMXjn9-YPp65h3vtb_pr
SIRGAS_SHP_LOTES_63_PIRITUBA;Lotes (geometria por SQL / distrito);4;cpg,dbf,shp,shx;sim;05-Geo=1VxXDspnEwYuiCMXjn9-YPp65h3vtb_pr
SIRGAS_SHP_LOTES_64_PONTE_RASA;Lotes (geometria por SQL / distrito);4;cpg,dbf,shp,shx;sim;05-Geo=1VxXDspnEwYuiCMXjn9-YPp65h3vtb_pr
SIRGAS_SHP_LOTES_65_RAPOSO_TAVARES;Lotes (geometria por SQL / distrito);4;cpg,dbf,shp,shx;sim;05-Geo=1VxXDspnEwYuiCMXjn9-YPp65h3vtb_pr
SIRGAS_SHP_LOTES_66_REPUBLICA;Lotes (geometria por SQL / distrito);4;cpg,dbf,shp,shx;sim;05-Geo=1VxXDspnEwYuiCMXjn9-YPp65h3vtb_pr
SIRGAS_SHP_LOTES_67_RIO_PEQUENO;Lotes (geometria por SQL / distrito);4;cpg,dbf,shp,shx;sim;05-Geo=1VxXDspnEwYuiCMXjn9-YPp65h3vtb_pr
SIRGAS_SHP_LOTES_68_SACOMA;Lotes (geometria por SQL / distrito);4;cpg,dbf,shp,shx;sim;05-Geo=1VxXDspnEwYuiCMXjn9-YPp65h3vtb_pr
SIRGAS_SHP_LOTES_69_SANTA_CECILIA;Lotes (geometria por SQL / distrito);4;cpg,dbf,shp,shx;sim;05-Geo=1VxXDspnEwYuiCMXjn9-YPp65h3vtb_pr
SIRGAS_SHP_LOTES_70_SANTANA;Lotes (geometria por SQL / distrito);4;cpg,dbf,shp,shx;sim;05-Geo=1VxXDspnEwYuiCMXjn9-YPp65h3vtb_pr
SIRGAS_SHP_LOTES_71_SANTO_AMARO;Lotes (geometria por SQL / distrito);4;cpg,dbf,shp,shx;sim;05-Geo=1VxXDspnEwYuiCMXjn9-YPp65h3vtb_pr
SIRGAS_SHP_LOTES_72_SAO_LUCAS;Lotes (geometria por SQL / distrito);4;cpg,dbf,shp,shx;sim;05-Geo=1VxXDspnEwYuiCMXjn9-YPp65h3vtb_pr
SIRGAS_SHP_LOTES_73_SAO_MATEUS;Lotes (geometria por SQL / distrito);4;cpg,dbf,shp,shx;sim;05-Geo=1VxXDspnEwYuiCMXjn9-YPp65h3vtb_pr
SIRGAS_SHP_LOTES_74_SAO_MIGUEL;Lotes (geometria por SQL / distrito);4;cpg,dbf,shp,shx;sim;05-Geo=1VxXDspnEwYuiCMXjn9-YPp65h3vtb_pr
SIRGAS_SHP_LOTES_75_SAO_RAFAEL;Lotes (geometria por SQL / distrito);4;cpg,dbf,shp,shx;sim;05-Geo=1VxXDspnEwYuiCMXjn9-YPp65h3vtb_pr
SIRGAS_SHP_LOTES_76_SAPOPEMBA;Lotes (geometria por SQL / distrito);4;cpg,dbf,shp,shx;sim;05-Geo=1VxXDspnEwYuiCMXjn9-YPp65h3vtb_pr
SIRGAS_SHP_LOTES_77_SAUDE;Lotes (geometria por SQL / distrito);4;cpg,dbf,shp,shx;sim;05-Geo=1VxXDspnEwYuiCMXjn9-YPp65h3vtb_pr
SIRGAS_SHP_LOTES_78_SE;Lotes (geometria por SQL / distrito);4;cpg,dbf,shp,shx;sim;05-Geo=1VxXDspnEwYuiCMXjn9-YPp65h3vtb_pr
SIRGAS_SHP_LOTES_79_SOCORRO;Lotes (geometria por SQL / distrito);4;cpg,dbf,shp,shx;sim;05-Geo=1VxXDspnEwYuiCMXjn9-YPp65h3vtb_pr
SIRGAS_SHP_LOTES_80_TATUAPE;Lotes (geometria por SQL / distrito);4;cpg,dbf,shp,shx;sim;05-Geo=1VxXDspnEwYuiCMXjn9-YPp65h3vtb_pr
SIRGAS_SHP_LOTES_81_TREMEMBE;Lotes (geometria por SQL / distrito);4;cpg,dbf,shp,shx;sim;05-Geo=1VxXDspnEwYuiCMXjn9-YPp65h3vtb_pr
SIRGAS_SHP_LOTES_82_TUCURUVI;Lotes (geometria por SQL / distrito);4;cpg,dbf,shp,shx;sim;05-Geo=1VxXDspnEwYuiCMXjn9-YPp65h3vtb_pr
SIRGAS_SHP_LOTES_83_VILA_ANDRADE;Lotes (geometria por SQL / distrito);4;cpg,dbf,shp,shx;sim;05-Geo=1VxXDspnEwYuiCMXjn9-YPp65h3vtb_pr
SIRGAS_SHP_LOTES_84_VILA_CURUCA;Lotes (geometria por SQL / distrito);4;cpg,dbf,shp,shx;sim;05-Geo=1VxXDspnEwYuiCMXjn9-YPp65h3vtb_pr
SIRGAS_SHP_LOTES_85_VILA_FORMOSA;Lotes (geometria por SQL / distrito);4;cpg,dbf,shp,shx;sim;05-Geo=1VxXDspnEwYuiCMXjn9-YPp65h3vtb_pr
SIRGAS_SHP_LOTES_86_VILA_GUILHERME;Lotes (geometria por SQL / distrito);4;cpg,dbf,shp,shx;sim;05-Geo=1VxXDspnEwYuiCMXjn9-YPp65h3vtb_pr
SIRGAS_SHP_LOTES_87_VILA_JACUI;Lotes (geometria por SQL / distrito);4;cpg,dbf,shp,shx;sim;05-Geo=1VxXDspnEwYuiCMXjn9-YPp65h3vtb_pr
SIRGAS_SHP_LOTES_88_VILA_LEOPOLDINA;Lotes (geometria por SQL / distrito);4;cpg,dbf,shp,shx;sim;05-Geo=1VxXDspnEwYuiCMXjn9-YPp65h3vtb_pr
SIRGAS_SHP_LOTES_89_VILA_MARIA;Lotes (geometria por SQL / distrito);4;cpg,dbf,shp,shx;sim;05-Geo=1VxXDspnEwYuiCMXjn9-YPp65h3vtb_pr
SIRGAS_SHP_LOTES_90_VILA_MARIANA;Lotes (geometria por SQL / distrito);4;cpg,dbf,shp,shx;sim;05-Geo=1VxXDspnEwYuiCMXjn9-YPp65h3vtb_pr
SIRGAS_SHP_LOTES_91_VILA_MATILDE;Lotes (geometria por SQL / distrito);4;cpg,dbf,shp,shx;sim;05-Geo=1VxXDspnEwYuiCMXjn9-YPp65h3vtb_pr
SIRGAS_SHP_LOTES_92_VILA_MEDEIROS;Lotes (geometria por SQL / distrito);4;cpg,dbf,shp,shx;sim;05-Geo=1VxXDspnEwYuiCMXjn9-YPp65h3vtb_pr
SIRGAS_SHP_LOTES_93_VILA_PRUDENTE;Lotes (geometria por SQL / distrito);4;cpg,dbf,shp,shx;sim;05-Geo=1VxXDspnEwYuiCMXjn9-YPp65h3vtb_pr
SIRGAS_SHP_LOTES_94_VILA_SONIA;Lotes (geometria por SQL / distrito);4;cpg,dbf,shp,shx;sim;05-Geo=1VxXDspnEwYuiCMXjn9-YPp65h3vtb_pr
SIRGAS_SHP_LOTES_95_SAO_DOMINGOS;Lotes (geometria por SQL / distrito);4;cpg,dbf,shp,shx;sim;05-Geo=1VxXDspnEwYuiCMXjn9-YPp65h3vtb_pr
SIRGAS_SHP_LOTES_96_LAJEADO;Lotes (geometria por SQL / distrito);4;cpg,dbf,shp,shx;sim;05-Geo=1VxXDspnEwYuiCMXjn9-YPp65h3vtb_pr
SIRGAS_SHP_zeup_zemp;Outro / a verificar;4;dbf,prj,shp,shx;sim;05-Geo=1VxXDspnEwYuiCMXjn9-YPp65h3vtb_pr
PCA_CANT;PCA (perimetro/cantos);3;dbf,shp,shx;sim;05-Geo=1VxXDspnEwYuiCMXjn9-YPp65h3vtb_pr
SAD69-96_SHP_planoacao_polygon;Plano diretor - macrozonas/macroareas;4;cpg,dbf,shp,shx;sim;05-Geo=1VxXDspnEwYuiCMXjn9-YPp65h3vtb_pr
SAD69-96_SHP_planomacro_polygon;Plano diretor - macrozonas/macroareas;4;cpg,dbf,shp,shx;sim;05-Geo=1VxXDspnEwYuiCMXjn9-YPp65h3vtb_pr
SIRGAS_SHP_planoacao_polygon;Plano diretor - macrozonas/macroareas;3;cpg,shp,shx;nao;05-Geo=1VxXDspnEwYuiCMXjn9-YPp65h3vtb_pr
SIRGAS_SHP_planomacro_polygon;Plano diretor - macrozonas/macroareas;4;cpg,dbf,shp,shx;sim;05-Geo=1VxXDspnEwYuiCMXjn9-YPp65h3vtb_pr
QA;Quadras / cadastro fiscal;4;cpg,dbf,shp,shx;sim;05-Geo=1VxXDspnEwYuiCMXjn9-YPp65h3vtb_pr
SIRGAS_SHP_quadraMDSF;Quadras / cadastro fiscal;4;cpg,dbf,shp,shx;sim;05-Geo=1VxXDspnEwYuiCMXjn9-YPp65h3vtb_pr
SIRGAS_SHP_requalifica_centro;Requalifica Centro;5;cpg,dbf,prj,shp,shx;sim;05-Geo=1VxXDspnEwYuiCMXjn9-YPp65h3vtb_pr
SAD69-96_SHP_restricaomirantesantana_polygon;Restricao mirante (gabarito);4;cpg,dbf,shp,shx;sim;05-Geo=1VxXDspnEwYuiCMXjn9-YPp65h3vtb_pr
SIRGAS_SHP_restricaomirantesantana_polygon;Restricao mirante (gabarito);4;cpg,dbf,shp,shx;sim;05-Geo=1VxXDspnEwYuiCMXjn9-YPp65h3vtb_pr
SIRGAS_SHP_setorfiscal;Setor fiscal (IPTU);4;cpg,dbf,shp,shx;sim;05-Geo=1VxXDspnEwYuiCMXjn9-YPp65h3vtb_pr
SIRGAS_SHP_subvencao_economica;Subvencao economica;4;cpg,dbf,shp,shx;sim;05-Geo=1VxXDspnEwYuiCMXjn9-YPp65h3vtb_pr
Tabela VI - Tipos e padroes de construcao - Lei 16768-2017;Tabela VI (PDF escaneado, sem texto) - precisa OCR/extracao manual;1;tgz(pdf-imagem);nao;05-Geo=1VxXDspnEwYuiCMXjn9-YPp65h3vtb_pr
VETOS_TODOS;Vetos (legislacao);4;cpg,dbf,shp,shx;sim;05-Geo=1VxXDspnEwYuiCMXjn9-YPp65h3vtb_pr
ZEIS_1;ZEIS (interesse social);4;cpg,dbf,shp,shx;sim;05-Geo=1VxXDspnEwYuiCMXjn9-YPp65h3vtb_pr
ZEIS_2;ZEIS (interesse social);4;cpg,dbf,shp,shx;sim;05-Geo=1VxXDspnEwYuiCMXjn9-YPp65h3vtb_pr
ZEIS_3;ZEIS (interesse social);4;cpg,dbf,shp,shx;sim;05-Geo=1VxXDspnEwYuiCMXjn9-YPp65h3vtb_pr
ZEIS_4;ZEIS (interesse social);4;cpg,dbf,shp,shx;sim;05-Geo=1VxXDspnEwYuiCMXjn9-YPp65h3vtb_pr
ZEIS_5;ZEIS (interesse social);4;cpg,dbf,shp,shx;sim;05-Geo=1VxXDspnEwYuiCMXjn9-YPp65h3vtb_pr
ZEPEC_APC;ZEPEC (patrimonio cultural);4;cpg,dbf,shp,shx;sim;05-Geo=1VxXDspnEwYuiCMXjn9-YPp65h3vtb_pr
ZEPEC_APP;ZEPEC (patrimonio cultural);4;cpg,dbf,shp,shx;sim;05-Geo=1VxXDspnEwYuiCMXjn9-YPp65h3vtb_pr
ZEPEC_APP-BIR;ZEPEC (patrimonio cultural);4;cpg,dbf,shp,shx;sim;05-Geo=1VxXDspnEwYuiCMXjn9-YPp65h3vtb_pr
ZEPEC_AUE;ZEPEC (patrimonio cultural);4;cpg,dbf,shp,shx;sim;05-Geo=1VxXDspnEwYuiCMXjn9-YPp65h3vtb_pr
ZEPEC_AUE_INDIC;ZEPEC (patrimonio cultural);4;cpg,dbf,shp,shx;sim;05-Geo=1VxXDspnEwYuiCMXjn9-YPp65h3vtb_pr
ZEPEC_BIR;ZEPEC (patrimonio cultural);4;cpg,dbf,shp,shx;sim;05-Geo=1VxXDspnEwYuiCMXjn9-YPp65h3vtb_pr
ZEPEC_BIR_INDIC;ZEPEC (patrimonio cultural);4;cpg,dbf,shp,shx;sim;05-Geo=1VxXDspnEwYuiCMXjn9-YPp65h3vtb_pr
ZC;Zoneamento - centralidade (ZC);4;cpg,dbf,shp,shx;sim;05-Geo=1VxXDspnEwYuiCMXjn9-YPp65h3vtb_pr
ZCOR_1;Zoneamento - centralidade (ZC);4;cpg,dbf,shp,shx;sim;05-Geo=1VxXDspnEwYuiCMXjn9-YPp65h3vtb_pr
ZCOR_2;Zoneamento - centralidade (ZC);4;cpg,dbf,shp,shx;sim;05-Geo=1VxXDspnEwYuiCMXjn9-YPp65h3vtb_pr
ZCOR_3;Zoneamento - centralidade (ZC);4;cpg,dbf,shp,shx;sim;05-Geo=1VxXDspnEwYuiCMXjn9-YPp65h3vtb_pr
ZCOR_a;Zoneamento - centralidade (ZC);4;cpg,dbf,shp,shx;sim;05-Geo=1VxXDspnEwYuiCMXjn9-YPp65h3vtb_pr
ZC_ZEIS;Zoneamento - centralidade (ZC);4;cpg,dbf,shp,shx;sim;05-Geo=1VxXDspnEwYuiCMXjn9-YPp65h3vtb_pr
ZC_a;Zoneamento - centralidade (ZC);4;cpg,dbf,shp,shx;sim;05-Geo=1VxXDspnEwYuiCMXjn9-YPp65h3vtb_pr
ZC_u;Zoneamento - centralidade (ZC);1;cpg;nao;05-Geo=1VxXDspnEwYuiCMXjn9-YPp65h3vtb_pr
ZDE_1;Zoneamento - desenv. economico (ZDE);4;cpg,dbf,shp,shx;sim;05-Geo=1VxXDspnEwYuiCMXjn9-YPp65h3vtb_pr
ZDE_2;Zoneamento - desenv. economico (ZDE);4;cpg,dbf,shp,shx;sim;05-Geo=1VxXDspnEwYuiCMXjn9-YPp65h3vtb_pr
ZPDS_r;Zoneamento - desenv. sustentavel (ZPDS);4;cpg,dbf,shp,shx;sim;05-Geo=1VxXDspnEwYuiCMXjn9-YPp65h3vtb_pr
ZPDS_u;Zoneamento - desenv. sustentavel (ZPDS);4;cpg,dbf,shp,shx;sim;05-Geo=1VxXDspnEwYuiCMXjn9-YPp65h3vtb_pr
ZEUP_a;Zoneamento - eixo/urbanizacao (ZEU/ZEUP);4;cpg,dbf,shp,shx;sim;05-Geo=1VxXDspnEwYuiCMXjn9-YPp65h3vtb_pr
ZEUP_u;Zoneamento - eixo/urbanizacao (ZEU/ZEUP);4;cpg,dbf,shp,shx;sim;05-Geo=1VxXDspnEwYuiCMXjn9-YPp65h3vtb_pr
ZEU_a;Zoneamento - eixo/urbanizacao (ZEU/ZEUP);4;cpg,dbf,shp,shx;sim;05-Geo=1VxXDspnEwYuiCMXjn9-YPp65h3vtb_pr
ZEU_u;Zoneamento - eixo/urbanizacao (ZEU/ZEUP);4;cpg,dbf,shp,shx;sim;05-Geo=1VxXDspnEwYuiCMXjn9-YPp65h3vtb_pr
ZEM;Zoneamento - estruturacao metropolitana (ZEM/ZEMP);4;cpg,dbf,shp,shx;sim;05-Geo=1VxXDspnEwYuiCMXjn9-YPp65h3vtb_pr
ZEMP;Zoneamento - estruturacao metropolitana (ZEM/ZEMP);4;cpg,dbf,shp,shx;sim;05-Geo=1VxXDspnEwYuiCMXjn9-YPp65h3vtb_pr
ZER_1;Zoneamento - exclus. residencial (ZER);4;cpg,dbf,shp,shx;sim;05-Geo=1VxXDspnEwYuiCMXjn9-YPp65h3vtb_pr
ZER_2;Zoneamento - exclus. residencial (ZER);4;cpg,dbf,shp,shx;sim;05-Geo=1VxXDspnEwYuiCMXjn9-YPp65h3vtb_pr
ZER_a;Zoneamento - exclus. residencial (ZER);4;cpg,dbf,shp,shx;sim;05-Geo=1VxXDspnEwYuiCMXjn9-YPp65h3vtb_pr
ZMIS_a;Zoneamento - mista (ZM/ZMIS);4;cpg,dbf,shp,shx;sim;05-Geo=1VxXDspnEwYuiCMXjn9-YPp65h3vtb_pr
ZMIS_u;Zoneamento - mista (ZM/ZMIS);4;cpg,dbf,shp,shx;sim;05-Geo=1VxXDspnEwYuiCMXjn9-YPp65h3vtb_pr
ZM_a;Zoneamento - mista (ZM/ZMIS);4;cpg,dbf,shp,shx;sim;05-Geo=1VxXDspnEwYuiCMXjn9-YPp65h3vtb_pr
ZM_u;Zoneamento - mista (ZM/ZMIS);4;cpg,dbf,shp,shx;sim;05-Geo=1VxXDspnEwYuiCMXjn9-YPp65h3vtb_pr
ZOE;Zoneamento - ocupacao especial (ZOE);4;cpg,dbf,shp,shx;sim;05-Geo=1VxXDspnEwYuiCMXjn9-YPp65h3vtb_pr
ZPI_1;Zoneamento - predom. industrial (ZPI);4;cpg,dbf,shp,shx;sim;05-Geo=1VxXDspnEwYuiCMXjn9-YPp65h3vtb_pr
ZPI_2;Zoneamento - predom. industrial (ZPI);4;cpg,dbf,shp,shx;sim;05-Geo=1VxXDspnEwYuiCMXjn9-YPp65h3vtb_pr
ZPR;Zoneamento - preservacao (ZPR);4;cpg,dbf,shp,shx;sim;05-Geo=1VxXDspnEwYuiCMXjn9-YPp65h3vtb_pr
ZEP;Zoneamento - protecao ambiental (ZEP/ZEPAM);4;cpg,dbf,shp,shx;sim;05-Geo=1VxXDspnEwYuiCMXjn9-YPp65h3vtb_pr
ZEPAM;Zoneamento - protecao ambiental (ZEP/ZEPAM);4;cpg,dbf,shp,shx;sim;05-Geo=1VxXDspnEwYuiCMXjn9-YPp65h3vtb_pr
