bucket,titulo,drive_id,tamanho
dados-produto,socios.csv,1gftoKzFaD-NyKClBg3SH8Eo0FYncQYvt,3.4 GB
dados-produto,IPTU_2026.csv,1HPvwPOkjRwlC4dfgEYpYkfyDJ5l94tNM,938 MB
dados-produto,empresas.csv,1uRWg7wA4KuppJ1TSdEwRmV3H06fTXlnj,2.3 GB
dados-produto,holdings.csv,1BrBRzC3G4atGZ8JqRZhGp4OnvBZTjOgr,60 MB
geo-tabelas,DIVERSOS_IA.csv,1W4NKKz4HlioobdlHhekjzpJJgFkMJOph,33 MB
geo-tabelas,LOTES_Parte_1_IA.csv,1EyzQ9O6HTbiUSBgotHYBun_haesZHGC_,89 MB
geo-tabelas,LOTES_Parte_2_IA.csv,1Ze3bOM75N2FmgNYya9kntyL4boRQRCYF,91 MB
geo-tabelas,LOTES_Parte_3_IA.csv,1nWjbPVvpWuis9t576Cw_pSTQurmU0swV,99 MB
geo-tabelas,LOTES_Parte_4_IA.csv,1qeMNZTRj8itKc-6V3_T0uHcn_wDEY0iP,85 MB
geo-tabelas,LOTES_Parte_5_IA.csv,1zQeOweWGTpizppN8owIv_p1qh4EH6jio,100 MB
geo-tabelas,PCA_Consolidado_IA.csv,1as1JwV3JQK3gMyBHvOCLo_OJGOg2a3aT,22 MB
geo-tabelas,RUAS_Consolidado_IA.csv,1WVR4hUQvM-N4jcqooLk_MMO77ACM-4bX,64 MB
geo-shapefiles,01-24_-_regulamentao_da_implantao_de_estao_rdio-base_erb_-_rerratificada_-_pgina_1_1715872319.pdf,1JzTQwiQNPdHClXsJ2hejub2Yd2ihJAwN,0.1 MB
geo-shapefiles,01-25 - Arquivamento Parcial das Manchas I e J e ID 50 a 52 da Res.11-23 - MAPA - Página.pdf,1RLquuvk1yj9NKKCZl-pdMC0Ks-TOha9d,2.2 MB
geo-shapefiles,01-25 - Arquivamento Parcial das Manchas I e J e ID 50 a 52 da Res.11-23 - Página.pdf,1jfRMtMM5cLNEMax8eJpN1Uykxt0X1zkh,0.1 MB
geo-shapefiles,02-23 - Anexo I.pdf,12YdB-Y33swJlWnfaxPFN8Pl8IaVeQU2y,0.3 MB
geo-shapefiles,02-23 - Anexo II.pdf,1Od_Hfp6ln7H0gBCQe6lF_u_tM20PC1u5,0.1 MB
geo-shapefiles,03-25 - Arquivamento da Mancha H da Res.11-23 - Página.pdf,1caan6wh4NFNbOdXddaI5-hg-HCA1NUDt,0.1 MB
geo-shapefiles,"04-22 - Alterar a redação Art 2º, da Res_ 34-18 - Mapas - Página(1).pdf",1uU076bHOAbrvcduwkr1A4Tt2OLDm4U6o,3.6 MB
geo-shapefiles,"04-22 - Alteração da redação Art 2º, da Res_ 34-18 - Página(1).pdf",1lj35-9s6igQUNx8B76Hk9POrHj7dQVEu,0.1 MB
geo-shapefiles,04-25 - Arquivamento das Manchas C e G e ID 13 a 17 e 21 a 26 da Res.11-23 - Página.pdf,1tPGJX-MyMAMXc-I_qUbnIQBYU3EV9aAP,0.1 MB
geo-shapefiles,05-25 - Arquivamento dos IDs 02 a 04 e IDs 07 e 08 da Res. 11-23 - Página.pdf,1AsEpxy-4R98NU1QuhJDa1T_rpflBsB5i,0.1 MB
geo-shapefiles,06-23_Complexo Esportivo do Ibirapuera(1).pdf,1zLmbtMs9yws_FFsKxqA8sPVjLexJbpCg,0.1 MB
geo-shapefiles,06-23_Complexo Esportivo do Ibirapuera_Mapa(1).pdf,167SGfCMro1cPgwnE_37-qXn2_IfaKvia,1.5 MB
geo-shapefiles,06-25 - Arquivamento dos IDs 42 a 48 da Res. 11-23 - Página (1).pdf,1FMJTNWzPwjt83aWZ59uidjUq367-S3Ws,0.1 MB
geo-shapefiles,09-24 - Revalidação de Registro do Teatro de Grupo da Cidade - Página.pdf,1KukXvP1zy314YLyIV_HT06YBU8li4HY-,0.1 MB
geo-shapefiles,1-QUADRO_1_FINAL.docx,1WW_dVnNADWdPYNAX-81NKnucpcx_mzu-,0.1 MB
geo-shapefiles,10-QUADRO_4A_FINAL.docx,1FG9_7EC7DHvALkAQ_sYM2VSYEkiXtmy2,0.1 MB
geo-shapefiles,11-24 - Exclusão de imóveis 05 e 06 do anexo I da Res. 11-23 - Página.pdf,1pZf_SJCR-SaZMD9sahzdS8su-YvPDKUW,0.1 MB
geo-shapefiles,11-QUADRO_4B_FINAL.docx,1j5PXBpbEx-SJxDR0cN5XGmOb34ioB0FC,0.0 MB
geo-shapefiles,12-QUADRO_5_FINAL.doc,1u6502vRLHyZDRjl5DZW6JEip8eH2aVt6,0.1 MB
geo-shapefiles,13-25 - Complemento ao Arquivamento Parcial da Mancha D da Res. 11-23 - Página.pdf,15Bbzyv5N8ANQKigmDBgBiPSyHF6ujf60,0.2 MB
geo-shapefiles,14-24 - Arquivamento da Mancha N - Sílvio Sacramento e Arruda Alvim da Res.11-23 - Página.pdf,1QELAvw0izJxVmm3Tlno9tCvgFOTTntIN,0.1 MB
geo-shapefiles,15-24 - Arquivamento dos Itens 33 e 34 da Res. 23-16 - Página.pdf,1or7cP5OtZBQTgURGHdUJPvsmtPy9NiTC,0.1 MB
geo-shapefiles,16-24 - Registro das práticas da Banda de Clarins e do Carrossel da Polícia Militar - Página.pdf,1XX8BLzd2O7PwtQw4THQPkW2yPXXoXjVz,0.1 MB
geo-shapefiles,17-24 - Arquivamento das Manchas E e F da Res.11-23 - Página.pdf,1S6hQ918X13XJ2ojcHM7RmveCJGiCjJCh,0.1 MB
geo-shapefiles,18-24 - Arquivamento da Mancha M e ID 27 a 41 da Res.11-23 - Página.pdf,12lspu2zPVyrCdmIePUX_b4hEEbPoJ9vu,0.1 MB
geo-shapefiles,19-24 - Arquivamento das Manchas A e B e ID 9 a 11 da Res.11-23 - Página.pdf,1phTX_GrgTKcO7i90bqpBLG3IZraRE3Tn,0.2 MB
geo-shapefiles,2-QUADRO_2_FINAL.docx,1Wau0Qz12UhHBLm_fmy1ol6ioKaAyWTqN,0.0 MB
geo-shapefiles,20-24 - Arquivamento Parcial da Mancha D e ID 18 a 20 da Res.11-23 - Página.pdf,1_iYp9NPgXaeOaf9ovb3vMfexTvqMohqw,0.2 MB
geo-shapefiles,2017_36_Sao-Paulo_RAE-Residencias-da-Familia-Ramos-de-Azevedo_1753284677017.pdf,1Y6gUIlu-igGfHg5SSF5godPWX3quiNHi,0.1 MB
geo-shapefiles,2017_61_Sao-Paulo_Praca-da-Se-e-Catedral-Metropolitana_1753284675356.pdf,1PdQwejB_21xcMqQXLsIkZfzOEuOUljOF,1.3 MB
geo-shapefiles,2017_62_Sao-Paulo_Colegio-Dante-Alighieri-–-Edificios-Leonardo-Da-Vinci-e-Colmeia-incluindo-patio_1753284675510.pdf,1I9rdpMfs1WVS481rTTQdhX4H6ljTGHRo,0.3 MB
geo-shapefiles,2018_102_Sao-Paulo_Moinho-Matarazzo_1753238762358.pdf,180wOKhNsh3VRZJmf8NVHcUBupDPdYCEB,0.4 MB
geo-shapefiles,2018_103_Sao-Paulo_Parque-Estadual-Fontes-do-Ipiranga_1753238783798.pdf,1W4w6BTM4KrjaICjFBedBoGms85T044_S,0.4 MB
geo-shapefiles,2018_105_Sao-Paulo_Hospital-Psiquiatrico-Philippe-Pinel_1753238856743.pdf,1gtexvyF0vg57O4ZveHJg-KmYWJh2izlL,0.5 MB
geo-shapefiles,2018_129_Sao-Paulo_Vila-dos-Ingleses_1753239240017.pdf,1ifzSPK-H48cyTFCs2_J9RMUvD9gIqJS7,0.8 MB
geo-shapefiles,2018_131_Diversos_Retificacao_1753239292359.pdf,13w2XTIXF-amaud_RtBfdeAv3fc5xD97x,0.8 MB
geo-shapefiles,2018_24_Sao-Paulo_Casa-a-Rua-Ceara_1753238584741.pdf,1MT0Dg5a-VKTcLesn-EyBqPLgj8Wpls27,0.3 MB
geo-shapefiles,2018_30_Sao-Paulo_Tecelagem-de-Seda-Italo-Brasileira_1753238709931.pdf,16IXaCcbh2Ex5kRg3FV6Bfb-8SoHelTRU,0.4 MB
geo-shapefiles,2019_31_Sao-Paulo_Equipamentos-de-Saude-no-Bairro-Cerqueira-Cesar_1753237602814.pdf,1VmFNTIlKb8s3ZpS4KbjDhTiG2VLRTk4M,0.4 MB
geo-shapefiles,2019_35_Sao-Paulo_Terreiro-Santa-Barbara_1753237911022.pdf,1NphTqP2q0NGxokvWQsW19L85j860wBx2,0.8 MB
geo-shapefiles,2019_47_Sao-Paulo_Casa-Guilherme-de-Almeida_1753238121058.pdf,1L44KrS5xuQtLS_6GbSNhN8NuY9KuZU8q,0.7 MB
geo-shapefiles,2019_49_Sao-Paulo_-Conjunto-de-bens-imoveis-no-bairro-de-Higienopolis_1753238164725.pdf,19sbDcnTPqwzIky8FipXy61MVZK_f5qfp,0.3 MB
geo-shapefiles,2020_dis_mpfreire.pdf,1mqyX_tuiTfzdaT7t_gjG7aDlzKPxIIjz,0.7 MB
geo-shapefiles,2021_18_Sao-Paulo_Igreja-da-Ordem-Terceira-de-Nossa-Senhora-do-Carmo_1753237189376.pdf,1vhs71GY8VBMECSjicgMKJjy4TMIfVXC-,0.3 MB
geo-shapefiles,2021_37_Sao-Paulo_Bairros-dos-Jardins_1753237339808.pdf,1xzCMrcJDFHBdqa-q811T91lJXGIrPSYx,1.9 MB
geo-shapefiles,2022_07_Campinas_Conjunto-da-Estacao-Ferroviaria-Guanabara_1753232568474.pdf,1wnEAf548xVcPr_nQKmAT057TiQzo87NE,0.4 MB
geo-shapefiles,2022_11_Sao-Paulo_RAE_Largo-da-Memoria_1753232569595.pdf,125FZ_kbK_06-s-RQilfk6xWsOsSx-3qA,0.3 MB
geo-shapefiles,2022_49_Sao-Paulo_RAE-Casa-Mario-de-Andrade_1753232569470.pdf,1h6UgLOtmaV7zJZ4dEQvyYXXsZhCKujO6,0.7 MB
geo-shapefiles,2022_51_Arapei_Fazenda-Rialto_1753232569256.pdf,10YmwE3GPCe1za5pm-FMoJwCNCOZ_f0GM,0.3 MB
geo-shapefiles,2022_52_Sao-Paulo_RAE-Escola-de-Primeiras-Letras_1753232569115.pdf,1RfrfI0GNr0tMoYXyHvZmS5Tr3-TUECxt,0.4 MB
geo-shapefiles,20240000801524.pdf,1_NbWz_JixDrx5UDFeBqsvf1jjIU3rCLS,0.5 MB
geo-shapefiles,2024_01_15 - Livreto Cartilha de Calçadas 2024 - Vrs NOVA NORMA - V12-1-24_compressed(1).pdf,1U6NBRhg8tAehd_OunFQndamfyKun1gYE,7.7 MB
geo-shapefiles,2024_10_Sao-Paulo_RAE-Igreja-de-Sao-Goncalo_definida_1753230558796.pdf,1puOg1pGx-huZXYEEyhtdtV4b8GLFVyd8,0.7 MB
geo-shapefiles,2024_36_Sao-Paulo_RAE-Matadouro-da-Vila-Mariana_1753230559005.pdf,1FxFAftg9JeT2Ep2B4jKCt_iA0VB7_ZbS,0.4 MB
geo-shapefiles,2024_37_Sao-Jose-dos-Campos_RAE-Sanatorio-Vicentina-Aranha_1753230558904.pdf,16XogPXPkqzh8GqSilgpti2SH6v3sGTQe,0.2 MB
geo-shapefiles,20250000963993.pdf,1Vwdtm0g1r3yahagPc0rnG3sEEneXjnxF,0.5 MB
geo-shapefiles,2025_03_Sao-Paulo_RAE-Casa-do-Sitio-do-Tatuape_1753229566669.pdf,1uaEp9dO9muYx2JgziRZwFv5D_lV4blbx,0.4 MB
geo-shapefiles,2025_05_Sao-Paulo_RAE-Sede-do-Sitio-Ressaca_1753229566431.pdf,1v3oRxRtHztM-6hQ7WwJfg9TUVZfwY8R0,0.7 MB
geo-shapefiles,2025_06_Sao-Paulo_RAE-Igreja-Nossa-Senhora-da-Boa-Morte_1753229566247.pdf,1gZRZPIlaFj6duS-vcOl4BTNZ6MIXY6ND,0.9 MB
geo-shapefiles,2025_07_Itu_RAE-Pedreira-de-Varvitos_1753229567444.pdf,1QGyZJmX0YPT06z4HO71CqNfTr-bKl5N8,0.4 MB
geo-shapefiles,2025_08_Sao-Sebastiao_RAE-Casa-da-Esperanca_1753229567334.pdf,1QIF6et2lKR4wfjUU2-EM8UqNTwoy6NcT,0.2 MB
geo-shapefiles,2025_19_Sao-Paulo_RAE-Casa-de-Vidro-do-Morumbi_1753229567245.pdf,1UOdqOhJkK1YtFzHNP7QXM-xpE3MV73hF,0.4 MB
geo-shapefiles,2025_20_Sao-Sebastiao_RAE-Centro-Historico_1753229567107.pdf,1mSNLDNo2LHh7mYa_bEQ6SMIf4pbgCABI,0.8 MB
geo-shapefiles,2025_31_Sao-Paulo_RAE-Castelinho-da-Brigadeiro_1753229566887.pdf,16iWflW1Hkb-2qA1de9hOyRuxIYKab4ds,1.4 MB
geo-shapefiles,2025_4_Sao-Paulo_RAE-Estadio-Paulo-Machado-de-Carvalho_1753229566534.pdf,1rGez7luvkFfI15EiFEiAWPNwGBZ0ic9N,0.2 MB
geo-shapefiles,2025_80_Mogi das Cruzes_RAE Igreja Ordem Primeira e Terceira de Nossa Senhora do Carmo_1765548385222.pdf,13W2ltVw67AVchj8vL-rx3p5r4MrT-Eh7,0.4 MB
geo-shapefiles,2025_81_Sao Paulo_RAE_Sitio Itaim_1765548385444.pdf,1tDU_4kttvDzyKBbckeTLy77DedfzfF00,0.8 MB
geo-shapefiles,2025_82_Sao Paulo_RAE_Sitio Capao_1765548385626.pdf,1TzvZAuqdENjrbfONpPbKmejcBI4o4Jds,0.6 MB
geo-shapefiles,2025_83_Sao Paulo_RAE_Residencia Marieta Teixeira de Carvalho_1765548385729.pdf,1iv3Pix9wMqZ_JmKqNQtBuz7JbC_ceN10,0.3 MB
geo-shapefiles,2025_84_Sao Paulo_RAE_Residencia Elias Pacheco Chaves_1765548385965.pdf,1bXKBFus5JaNGfvcpV8nX_wrh6mIkhNJV,0.3 MB
geo-shapefiles,2025_85_Sao Paulo_RAE_Edificio do Antigo Banco de Sao Paulo_1765548386216.pdf,1DLPBJMQI1akWee1PBgK8O05P5NH2Ce0M,0.3 MB
geo-shapefiles,2025_87_Araras_RAE_Antigo Forum de Araras_1766061596076.pdf,13hk3KnCk2TD-RMntcND5insH6xUjpNsJ,0.5 MB
geo-shapefiles,2025_88_Sao Paulo_RAE Edificio Esther e Antigo Instituto de Educacao Caetano de Campos_1765548386380.pdf,1abnOh2zBGCtjvGcO_wYvbfe0oMY5699I,0.3 MB
geo-shapefiles,2025_89_Sao Paulo_RAE_Casas de Aluguel da Rua Bento Freitas_1765548386536.pdf,1slr_iBJKG_jzajEYmFnnd0yBzbva2EIw,0.2 MB
geo-shapefiles,2025_90_Sao Paulo_RAE Teatro Municipal e Edificio Alexandre Mackenzie_1765549460513.pdf,1RQOseOfql-i0vBcGomILCfFuKGhWjjVo,0.3 MB
geo-shapefiles,2025_91_Sao Paulo_RAE Igreja Santo Antonio_1765549460684.pdf,10I2qbCeZuiSL9paIxieTlUN15WTCi9Ob,0.4 MB
geo-shapefiles,2025_92_Sao Paulo_RAE_Escola de Primeiras Letras_1765548386667.pdf,1OXdlppbNi46qHwJ1SVnRjgJ2eUDhpsCS,0.5 MB
geo-shapefiles,20260000280408.pdf,1rZeHvz8kRyk7lNvg331xvLADf6UrNuPc,0.5 MB
geo-shapefiles,20260000519522.pdf,1cPc6M4WL1urOV1zx4C4vLcIfxBh0ggbC,0.5 MB
geo-shapefiles,20260603091339371.pdf,1GSI1S31O1kQA9RH076yPMMTbuM5tNBFm,0.1 MB
geo-shapefiles,21-24 - Reorganização do Selo de Valor Cultural - Página.pdf,1tImieDTt34vMj1pCpsLj9mpjAT1bHMho,0.6 MB
geo-shapefiles,3-QUADRO_2A_FINAL.docx,1qIhCeMImfdCRgLv8-DAm2Q2agrhA7gFU,0.0 MB
geo-shapefiles,4-QUADRO_2B_FINAL.docx,1pab3rLbqDIiEj_pY3g_M0empWKHJMCp9,0.0 MB
geo-shapefiles,49c99_22_T_Bairro_da_Bela_Vista.pdf,1BAftD9AWl-XlNn8iynK6yBCgLlfBkjEU,0.4 MB
geo-shapefiles,5-QUADRO_3_FINAL.docx,1BLXCfEqxsVKQcpwVC2d2wYRKCcgOUz7u,0.0 MB
geo-shapefiles,6-QUADRO_3A_FINAL.docx,1R0xx8b7jKgfUdfjULVTh3S4ZXgxBjHFi,0.0 MB
geo-shapefiles,7-QUADRO_3B_FINAL.doc,1XyZGg9aM2Dgn7yznDf2Hd5a7E0cIJV_I,0.1 MB
geo-shapefiles,8-QUADRO_3C_FINAL.doc,1q14btLjd5ZI7YriuNY3DFW7x4ayd-7OE,0.1 MB
geo-shapefiles,9-QUADRO_4_FINAL.doc,1BcjrwFcR-a45RVoA3cs-RUTOdbcX4HbE,0.8 MB
geo-shapefiles,ACADEM~1.PDF,1Oh9nUUcjMHATtu1_cEYdeoXvR60_qmXA,0.1 MB
geo-shapefiles,Anexo 1 do D 57_536_2016.pdf,1zGE-_IvO0C4Z_LWT14viUR_lyRAVu4tO,0.1 MB
geo-shapefiles,Anexo 8 do D 57.536_2016_1.pdf,1jrbCc3xZXsihZUmPRfZlNbmmb0zrj5uI,0.0 MB
geo-shapefiles,Anexo 9 do D 57.536_2016.pdf,1Tf-tV2TmeIxDhWG4QJ5ERyD0fwA8CrAa,0.0 MB
geo-shapefiles,Anexo III da Lei 15.889_2013.pdf,1thIZNvUvcKJ6ru0tkX4y62Ia-CcFQeH7,0.1 MB
geo-shapefiles,Anexo_2024-06501-00.pdf,19LgdlZN-IXDnfjqV8yIwIGWgHb3T16Ch,1.0 MB
geo-shapefiles,ANEXOS_DO_PL_586_23___SEM_O_MAPA (1).pdf,1j4_wkUc-sVY_FPYYhAGpo7KWnfPdTOHa,2.0 MB
geo-shapefiles,Análise de Omissões da Legislação - Secretaria Municipal de Urbanismo e Licenciamento - Prefeitura.pdf,1Sti8VuTpJN439jrdyzWeLIu1EUrRFnFg,0.5 MB
geo-shapefiles,area_potencial_e_suspeita_de_contaminacao.xlsx.gpkg,1FoIgFRcfI39O0zIBLOLzmPWNgv4gVydp,10.0 MB
geo-shapefiles,ARQUIP _ DOSP - 097088730 - Lei.pdf,15MZf-TB7tfLZokrJ-JHYM7nNHbjKVsa2,0.6 MB
geo-shapefiles,ARQUIP _ DOSP - 107504220 - Lei.pdf,1cfD8qXsbhrF8K0rfvmqzJv-afnyFrpYT,0.3 MB
geo-shapefiles,ARQUIP _ DOSP - 155292571 - Decisão.pdf,13X9l_5SmJSBqAmkOvlEZVDElYV2pbwnQ,0.3 MB
geo-shapefiles,ARQUIP _ DOSP - 156981397 - Decisão.pdf,1hqUzM2g711wKWJifI-B83S8tJFc_8UG-,0.2 MB
geo-shapefiles,Ativação de Zonas de Estruturação (ZEUP e ZEMP) por Particular - Secretaria Municipal de Urbanismo e Licenciamento - Prefeitura.pdf,1zy--Cx4wKvH72stiZSqpLXec05K-0y0b,0.4 MB
geo-shapefiles,atos.cnj.jus.br_atos_detalhar_2014.pdf,1Oh1RZpVrsbaId5ba4AFlTUNF8LLwaUx9,0.1 MB
geo-shapefiles,Atualizacacao_Q14_anoref2025.pdf,1-_o0yldO83-ZtNQ3i51Oes0XgZeWd9xl,9.4 MB
geo-shapefiles,Auditoria TDC São Paulo_ Memorial de Fundamentação Estratégica.pdf,19ZbY8tv-CkZ_h9r91UuTLsQ_5gI6rGCE,0.1 MB
geo-shapefiles,Balanco_Financeiro_01JAN2025.pdf,15ez1ehgYXB8bevIIX4o-JNpdcPE49ggf,0.0 MB
geo-shapefiles,Balanco_Financeiro_02FEV2025.pdf,1OJpZwU3tp6qv-h9BuB30yWB6he3Ipq1v,0.1 MB
geo-shapefiles,Balanco_Financeiro_03MAR2025 (1).pdf,1Cjc8HQI9e_4o9egtyWitu0dzZlcwGj46,0.0 MB
geo-shapefiles,Balanco_Financeiro_04ABR2025555.pdf,1rqdJkmfblG_mfoX2nP6fqG3Pdro7sE6c,0.1 MB
geo-shapefiles,Balanco_Financeiro_05MAI2025.pdf,1dGYKRn6d3wY6ap-GEkcVjFaJVC1LKt2u,0.1 MB
geo-shapefiles,Balanco_Financeiro_06JUN2025.pdf,148qluDvwqn3x7wcLcroc1hNFxA0b33I7,0.1 MB
geo-shapefiles,Balanco_Financeiro_07JUL2025 (1).pdf,1Fab0bmEtfMJ6pDtv-VWTuAW2ts1M3KZ3,0.0 MB
geo-shapefiles,Balanco_Financeiro_08AGO2025.pdf,1xRvcmiK_nk6j8pbOPw9vy0kLC02OME8i,0.0 MB
geo-shapefiles,Balanco_Financeiro_09SET2025.pdf,1tt9VADQiTyHpbxzYzcuNJ2StIpoA_zXe,0.3 MB
geo-shapefiles,Balanco_Financeiro_10OUT2025.pdf,1suTHuq_Irehqq9FhjFc3b-KQmvK-gkL7,0.0 MB
geo-shapefiles,Balanco_Financeiro_11NOV2025.pdf,1wUlePaDESvbEGgrdm_RcoFNVETIHSHTj,0.0 MB
geo-shapefiles,browse.pdf,1fEjdKy1YxsJvGlnfGhOAczwhCUz9BIKI,0.2 MB
geo-shapefiles,Cartilha Estatuto da Cidade 10 anos.pdf,16ELdzUPdLmRQ4b-Ux_QVD60q4XFFQdCT,2.0 MB
geo-shapefiles,cartilha_doacao_area_parhis.pdf,1_HiTqavN81LBguNoWqfG-IvwJFMqJG8G,2.4 MB
geo-shapefiles,CGP_NotaTecnica.pdf,1p5udqWv-zI-I42WqgeoD083iZRVzRTm4,3.3 MB
geo-shapefiles,Chamada B+P Smart Factory - BNDES2025 - Projeto KEEPEE - Keepee Assist (SGF 338383)– Copiaree_Pesquisável.pdf,1iKcaW5bD1OIFG48AxeXC_8WMeL9JNWpk,4.9 MB
geo-shapefiles,Cnae_X_Item_Lista_Servicos.pdf,1itZ0vaGsvHFK4BbozGVJKX9Py7IJJCBM,0.2 MB
geo-shapefiles,Contrato de Gestão Comercial e Parceria Estratégica.docx,1p-icDGiZbmKcEH_jnyJa52L4yo9z4gWR,0.0 MB
geo-shapefiles,D57536.pdf,1O6swdMMqOCE86d3EllLWcGLws0JMZU6a,0.3 MB
geo-shapefiles,D57776.pdf,1NofgsoosmvVVGNiaQm4Xr4gT6AwmqVKC,1.2 MB
geo-shapefiles,D57776_2017_anexos.pdf,1pi0LrR98w1V493YMVGRcYhB16IykcxYZ,4.9 MB
geo-shapefiles,d833c_05_TEO_89_itens (1).pdf,1DjNzdv9DhebFkZ8rB6vSWDeuBJUJTIyk,0.0 MB
geo-shapefiles,d833c_05_TEO_89_itens.pdf,1GRu3oAkqrUgbKnARw94xmLXcPN6S8Mm8,0.0 MB
geo-shapefiles,dados de advogado.pdf,1xie8VKkSo_oP5sZ1MMYjG7q2wn2pl-0d,0.1 MB
geo-shapefiles,datageo-VWM_AREAS_CONTAMINADAS_GEODADOS_CETESB_PTO.kml,1xlbAzT83WsHhA_F7zny40Pc4wDNCklht,0.0 MB
geo-shapefiles,documento_final_ia.pdf,17jxDexBvXStSVCsu3T5wYDcer-JHAcPz,34.0 MB
geo-shapefiles,download.pdf,1-wKwgGwf-arJb9AODxKuVUs_rzGqbr8H,0.1 MB
geo-shapefiles,downloadPeca.pdf,1s_vU0VW1j8Zj4_usuE_WvbHrliFOkt7-,0.3 MB
geo-shapefiles,ESCOLA~1.PDF,1bWb6KA6JAb8M-Ri2kJ2umklSKtzY6Y_v,0.1 MB
geo-shapefiles,fila_tdc_5porcento_fundurb-2026- fevereiro.pdf,1wp7fSIGqreMp5JbviJiCduxl4s9WFzqy,0.2 MB
geo-shapefiles,fila_tdc_5porcento_fundurb_dez_2025-pdf.pdf,1H0bFBm-FV7VyfELOQh6x5K9c2wFuS5bZ,0.3 MB
geo-shapefiles,FileFetch.pdf,1AmRGYZCmDE3_pXSBelD-zrRpWbTn6L8y,4.3 MB
geo-shapefiles,Fisco não pode revisar lançamento com base em fatos já conhecidos.pdf,1Gh_J3eJamRTXWv4cbuwiyeUTa0zOCMMQ,3.3 MB
geo-shapefiles,FUNDURB_Balanco_Financeiro_Consolidado_01JAN_2026.pdf,1uGXJxoaXee6xEg-Cyjqh2YFadd3XIN1o,0.4 MB
geo-shapefiles,GatewayCertificaPDF (1).pdf,1MIWFnNts-x1GKmEDYPudPKXqk87x9FCh,0.0 MB
geo-shapefiles,GatewayCertificaPDF (2).pdf,1YiWDsj_vYfFoqfSR1nznIzKZJM4RFA-9,0.0 MB
geo-shapefiles,GatewayCertificaPDF.pdf,14glqKHH57Hrn9RbS5F0e_oBZwHDq2hS0,0.0 MB
geo-shapefiles,GatewayPDF.pdf,1qmjICeFlmDRs1WXG64Nccz4IiDdsk1_o,0.0 MB
geo-shapefiles,GUIA DE ESTRUTURA DE PASTAS - GOOGLE DRIVE.pdf,17lSV7mb1a5API54-R2aJcIG39e5rlVPX,0.0 MB
geo-shapefiles,iphan_sao_paulo_sp_1591728555.pdf,1kRwaS672KC1MQow2VfVBf_AlaNAd6owS,0.3 MB
geo-shapefiles,Jeronimo Dix-Neuf Rosado dos Santos.pdf,1clixZA0K8CCoLMiF-a-YWsYKDGWS2jWG,1.0 MB
geo-shapefiles,layer_geosampa_apas.gpkg,1RSFwjoafEwV5oz5DA7Z1uzleLGCn-ctR,0.3 MB
geo-shapefiles,Lcp 227.pdf,1jCeAaRZjLtUub3gAoycOOb8Keii-Ymia,1.0 MB
geo-shapefiles,manual de licenciamento de projetos.pdf,1vHojOn-1-92kYQ12wiD8puiP24mwcykn,1.7 MB
geo-shapefiles,MANUAL DE PADRONIZAÇÃO TÉCNICA - RAG PIPELINE.pdf,1EXx9TlRegzD-ko8lVWCBkGZt1PlaiNNG,0.0 MB
geo-shapefiles,Mapa 05 22(1).pdf,1KVspqKo2nYGzgskCjTMvu3_uRXNEePIs,4.3 MB
geo-shapefiles,Mapa03_QUOTA.pdf,1Rm8r0zvXhBi0Lc3sdcHh-DJSaRieN5mV,42.1 MB
geo-shapefiles,Mapa04_GARAGEM.pdf,1l4JDsh7Jx7K8r9Ywc7HwvAncU-Pim7p4,14.6 MB
geo-shapefiles,Mapa1_ZONAS_com_perimetros_vetados.pdf,1rQp0t-YV8zyFi7yGfLAJ2a1F846KdCGh,95.1 MB
geo-shapefiles,MAPA_39924_POS_VETOS (1).pdf,1e1dDm6_LlzQjys3xjqM3rKHm1pmiLyti,32.0 MB
geo-shapefiles,Mapas 1 a 9.pdf,1bKOnLh0xrDfk1zVHDsehKd_exQ6vszWv,41.8 MB
geo-shapefiles,MON.pdf,1D1C2YKS3KoWU4xlCMxsappPSwkMez2jm,0.0 MB
geo-shapefiles,mover_pdfs_STJ.ps1,1kihuu3OjZ6ry3JJVdccfw8jYZhJMWioL,0.0 MB
geo-shapefiles,Novo Relatorio SITE 2021.pdf,10tCiERz2YTwc44ExghpT2yuwDJbk4IMy,1.2 MB
geo-shapefiles,NSCGJ_TOMO_II_NORMAL.pdf,1hui8FLA3hp5eCCCshJWnLnnDHuXkD4pd,2.4 MB
geo-shapefiles,Pedido de Reconhecimento de Complexo de Saúde por Particular - Secretaria Municipal de Urbanismo e Licenciamento - Prefeitura.pdf,1cjBeEUDYRMEWTS6yKmPo4O0AVi0wJnfB,0.5 MB
geo-shapefiles,PLANTAS.pdf,1u2aLvVGM-xzoLhSs8RA_bY2ss8N6bbE1,1.4 MB
geo-shapefiles,Portal de Serviços e-SAJ.pdf,1_D6ONkTvbPshCxdcSezp8PhKxNNX92VU,0.1 MB
geo-shapefiles,Portal de Serviços e-SAJ2.pdf,1QQoWH8O3AAwMS8p7GxGFKMYySK-i-qrd,0.1 MB
geo-shapefiles,Portal de Serviços e-SAJ3.pdf,14z4do86ipEULjsYUMUp3qpmufgJQE2wy,0.1 MB
geo-shapefiles,Portal de Serviços e-SAJ5.pdf,14jkVUB4_uiXF9VJ0OO2A8V4RHJR8czo3,0.1 MB
geo-shapefiles,Portal de Serviços e-SAJ6.pdf,1C8sciB0TaLmgpbyEjR_UEYGoo5576U0-,0.1 MB
geo-shapefiles,Projeto de Intervenção Urbana apresentado por particular - Secretaria Municipal de Urbanismo e Licenciamento - Prefeitura.pdf,1lxvi9Ss2vVfat1UJ6qn4ZBduVq5Nz76O,0.5 MB
geo-shapefiles,puliccompletaport_alt.pdf,1dKEYckBqmnsZlulx8RfyV4Laym_PUB1M,24.2 MB
geo-shapefiles,Quadro 1 – Conceitos e definições.pdf,1s-E2MuTualbhmP1ZvFqmsDySO6RNDZ0J,0.3 MB
geo-shapefiles,Quadro 3B - Composição da pontuação da Quota Ambiental.pdf,1VbpjUD882vUEJAFevaW6-YiXQKSTPaNg,0.7 MB
geo-shapefiles,Quadro 6 – Obras de drenagem urbana previstas.pdf,1S-3rIMC1JdeCqUMEciVs77G5mkV0ANcS,0.5 MB
geo-shapefiles,QUADROS.pdf,1Rhs1yxu0IFcCCl28giq84TXBU3_W_rFL,1.0 MB
geo-shapefiles,Re0716RegulamentacaoProcedimentosRegistroBensImateriaisPDF_1457716829.pdf,1NuYXYCCZQP57ZQelQKRRiKZE7Ia5zIdU,0.1 MB
geo-shapefiles,re1219aptconjuntovilasoperariasmigliaripdfve_1568922885.pdf,1Y28tvDDfTSZGorc3aZgXgNRuKTP96bQk,0.6 MB
geo-shapefiles,REPOSI~1.PDF,1dSLQ4ImiBjl9nAiVsEjUkBR0ROGUcPTE,0.2 MB
geo-shapefiles,Requerimento DEUSO(1).pdf,1AG-qnw8mPssdrzthvG5_E57P-eJMwWiZ,0.6 MB
geo-shapefiles,SIRGAS_SHP_benstombados.cpg,1-1l5WX_B4kJaTZZqs71Mc0Vrfq5_1TB6,0.0 MB
geo-shapefiles,SIRGAS_SHP_benstombados.dbf,14Y9Ma8JgLEPcmmEv2qsCjymsiSLBeAYw,41.6 MB
geo-shapefiles,SIRGAS_SHP_benstombados.shp,10CpweOGwQ0Ppzs0ijikIIOvfQNf8HhIz,2.5 MB
geo-shapefiles,SIRGAS_SHP_benstombados.shx,1J8hrYY_9-lmVP9oEHvZTklQ3WPKaZYfZ,0.1 MB
geo-shapefiles,SIRGAS_SHP_logradouronbl.cpg,1E-U2w2uuBUOUWrP_gQahCKJAKbo7MIY1,0.0 MB
geo-shapefiles,SIRGAS_SHP_logradouronbl.dbf,1Rzu5YrRgQO_eTKNBQ64vuk9lZcU3CPfL,76.8 MB
geo-shapefiles,SIRGAS_SHP_logradouronbl.shp,1wWIKVfwaH9cLQSwmIHNaP2PO0c2u76U7,30.8 MB
geo-shapefiles,SIRGAS_SHP_logradouronbl.shx,1ixG80yIdVSsLKTGbTE75YA5saQdGglCK,1.8 MB
geo-shapefiles,SIRGAS_SHP_LOTES_03_ANHANGUERA.shp,1Dho3YVtcF-9GfLCq1NV6xzOjs0TY3Yhc,2.2 MB
geo-shapefiles,SIRGAS_SHP_LOTES_04_ARICANDUVA.shp,1eqmZkgwtGTOQsxexVXqQdowL72Ww1wSe,3.5 MB
geo-shapefiles,SIRGAS_SHP_LOTES_05_ARTUR_ALVIM.shp,1cTaGrDX3iiTjSkW1aeMt5k7hl2DdBIuO,2.4 MB
geo-shapefiles,SIRGAS_SHP_LOTES_08_BELEM.shp,1znUgmc7AjUEF9x-T1Ck25nybicUy4AlF,2.6 MB
geo-shapefiles,SIRGAS_SHP_LOTES_09_BOM_RETIRO.shp,1wu2PspBOqqblopMKWjkbHAjOWwdRfAV8,1.6 MB
geo-shapefiles,SIRGAS_SHP_LOTES_10_BRAS.shp,1vUTWNmiC10Oy2mw120BpV_3IrnyKnmIY,1.5 MB
geo-shapefiles,SIRGAS_SHP_LOTES_11_BRASILANDIA.shp,1_fhh6pr8zNAp-59JFYpdfxEeITHk-DF2,8.5 MB
geo-shapefiles,SIRGAS_SHP_LOTES_12_BUTANTA.shp,1uxk6gDwJZMcuN6dYQa6qwFwyYQJB9pOt,3.8 MB
geo-shapefiles,SIRGAS_SHP_LOTES_13_CACHOEIRINHA.shp,1q_MopVRChIiuTBPiQ8LX6q-W_8o1m110,5.2 MB
geo-shapefiles,SIRGAS_SHP_LOTES_14_CAMBUCI.shp,1tm9E49OPkm8g2QRCEzMCGKeUG6S8RT7O,1.8 MB
geo-shapefiles,SIRGAS_SHP_LOTES_15_CAMPO_BELO.shp,1eIxui4FWFktdmxRIgmr39sN61ubME3fM,3.6 MB
geo-shapefiles,SIRGAS_SHP_LOTES_16_CAMPO_GRANDE.shp,1NBOU1pR67tvrj5ag5nucQAfjblznnMfS,3.3 MB
geo-shapefiles,SIRGAS_SHP_LOTES_17_CAMPO_LIMPO.shp,1dv6immLv5_7clJnDT97OWKdl6mvCXj4B,6.0 MB
geo-shapefiles,SIRGAS_SHP_LOTES_18_CANGAIBA.shp,1GwJ5wn--UkEn8yoSjBqhLWOylykXO-h4,4.0 MB
geo-shapefiles,SIRGAS_SHP_LOTES_19_CAPAO_REDONDO.shp,1m7SxgsU650EjWkkEYyXhgg1745n-N1ct,5.6 MB
geo-shapefiles,SIRGAS_SHP_LOTES_20_CARRAO.shp,1U-47Sz8vgTFp0dgpYy31ZgBvv_OU8wAD,4.5 MB
geo-shapefiles,SIRGAS_SHP_LOTES_21_CASA_VERDE.shp,13fjuZFPnw6OzEvMiPWr_Uj4q0YCK0acH,5.5 MB
geo-shapefiles,SIRGAS_SHP_LOTES_22_CIDADE_ADEMAR.shp,1LUBwTmjwKOa9T0_p9DC0jlsiLWLD67oD,6.2 MB
geo-shapefiles,SIRGAS_SHP_LOTES_23_CIDADE_DUTRA.shp,1_wCkmKMTPyTrmjxU9VUAmtR1A_5Xkypi,6.0 MB
geo-shapefiles,SIRGAS_SHP_LOTES_24_CIDADE_LIDER.shp,1D1VqYxDQu2VOcbAkjmueNWe7h6oSr5KE,4.3 MB
geo-shapefiles,SIRGAS_SHP_LOTES_25_CIDADE_TIRADENTES.shp,1Ur3CjoN_qITpyj8oW4xBza4GottRJNTQ,3.0 MB
geo-shapefiles,SIRGAS_SHP_LOTES_27_CURSINO.shp,1XZajobB1j3FN9_Rtr96SDESM0-vsQGxF,4.9 MB
geo-shapefiles,SIRGAS_SHP_LOTES_28_ERMELINO_MATARAZZO.shp,1_hV3grpRydqzV087zC0NuSO97EUtdQSr,3.0 MB
geo-shapefiles,SIRGAS_SHP_LOTES_29_FREGUESIA_DO_O.shp,1BJ1oWbRQtc4GPHyMDlVHwWXmaFSGTxG6,8.6 MB
geo-shapefiles,SIRGAS_SHP_LOTES_30_GRAJAU.shp,1EpKfftisR6QZ6RoewSvR7h6fjFGF08NN,6.5 MB
geo-shapefiles,SIRGAS_SHP_LOTES_31_GUAIANASES.shp,1o56Mk5R4SGBu1h1XZGx2WCeRv94mcIiX,2.7 MB
geo-shapefiles,SIRGAS_SHP_LOTES_32_MOEMA.shp,18x1aJpUe_k3rZr7CmpovRs2svHfFJcT3,2.6 MB
geo-shapefiles,SIRGAS_SHP_LOTES_33_IGUATEMI.shp,1ufY5vQz3hBUyF-QxcjpIFyqE0D9cD_yw,3.1 MB
geo-shapefiles,SIRGAS_SHP_LOTES_34_IPIRANGA.shp,11T6e0Gud3HmUu1zzhm3Pf01kSaiMuqtZ,4.7 MB
geo-shapefiles,SIRGAS_SHP_LOTES_35_ITAIM_BIBI.shp,1pOtPE16D8OoDZO4395lESk4nLkUiEiFv,4.1 MB
geo-shapefiles,SIRGAS_SHP_LOTES_36_ITAIM_PAULISTA.shp,1eKkqkKGVlz-atP9-MDujjHqgz6xclmn8,7.6 MB
geo-shapefiles,SIRGAS_SHP_LOTES_37_ITAQUERA.shp,1Is6lzAxye6vrfVYGA9jdslFuYAVzuBLm,5.3 MB
geo-shapefiles,SIRGAS_SHP_LOTES_38_JABAQUARA.shp,1a2Owysvx0nxGEJ2SZjWanwzSRgoD9lX9,6.8 MB
geo-shapefiles,SIRGAS_SHP_LOTES_39_JACANA.shp,1Db4RF_DdMsexyLqdf8qmcdqEG-yRBQ_H,4.1 MB
geo-shapefiles,SIRGAS_SHP_LOTES_40_JAGUARA.shp,1kX3WdgydTuYJI-g3-0FTu9o_P5V-1RS1,2.2 MB
geo-shapefiles,SIRGAS_SHP_LOTES_41_JAGUARE.shp,13ONyLnBl0iGzOKcuNGzWmyAoS8unfx2P,1.7 MB
geo-shapefiles,SIRGAS_SHP_LOTES_42_JARAGUA.shp,1YP97-hhPM7ddDeDhPiWUatdld8NCA0WD,5.6 MB
geo-shapefiles,SIRGAS_SHP_LOTES_43_JARDIM_ANGELA.cpg,11X9pA3X7B37e4Kz6mjpfjGi7FxsIlD8e,0.0 MB
geo-shapefiles,SIRGAS_SHP_LOTES_43_JARDIM_ANGELA.dbf,1knvhlt9cpzSwABEkAZ6gziyupxWFtTtN,0.4 MB
geo-shapefiles,SIRGAS_SHP_LOTES_43_JARDIM_ANGELA.shp,1v7DNdfxpdxlJ-kGdtp96ZSq9Cv05FmLD,6.0 MB
geo-shapefiles,SIRGAS_SHP_LOTES_43_JARDIM_ANGELA.shx,1rLFpEZc5KIrSV5j-jDiNRgN23Fl20nU8,0.2 MB
geo-shapefiles,SIRGAS_SHP_LOTES_44_JARDIM_HELENA.cpg,11rN6AzOLinEiBNtbnAkrG4_yUGWBdDQe,0.0 MB
geo-shapefiles,SIRGAS_SHP_LOTES_44_JARDIM_HELENA.shp,1vi2KWxW0RQ2rfcO4cl5a6tDwlflQsCre,3.3 MB
geo-shapefiles,SIRGAS_SHP_LOTES_45_JARDIM_PAULISTA.cpg,12JSu0C2my6N0GOBVu75CL6pSLEN6nx5z,0.0 MB
geo-shapefiles,SIRGAS_SHP_LOTES_45_JARDIM_PAULISTA.shp,18_XYaV249lWFHmZl9nxzSqQAbOuR7nYP,2.2 MB
geo-shapefiles,SIRGAS_SHP_LOTES_46_JARDIM_SAO_LUIS.shp,1pOwa2ZwlZ3RHCW61njCKgf68vzBtGJ7A,6.0 MB
geo-shapefiles,SIRGAS_SHP_LOTES_47_JOSE_BONIFACIO.shp,1wUkT1W2owfCISsdnbS3rmryuD7b_jSwJ,1.8 MB
geo-shapefiles,SIRGAS_SHP_LOTES_48_LAPA.shp,1fX_D-WtWWvNSIwWrGAJlwDHcAHZ-eKi2,4.7 MB
geo-shapefiles,SIRGAS_SHP_LOTES_49_LIBERDADE.shp,1bMRtLalYHHnUz1T7tY0gU2q5cG2BMlVR,1.8 MB
geo-shapefiles,SIRGAS_SHP_LOTES_50_LIMAO.shp,1LsQZBETL0ShdcYvvMejGQOcfRTj7AtDM,4.5 MB
geo-shapefiles,SIRGAS_SHP_LOTES_51_MANDAQUI.shp,11IJG_Lq5qCe4D8cjATxt46yKxz05QS6T,4.5 MB
geo-shapefiles,SIRGAS_SHP_LOTES_53_MOOCA.shp,1WkZX8jiY3YMRWLpxJjDg2gwGEpys60pU,3.6 MB
geo-shapefiles,SIRGAS_SHP_LOTES_54_MORUMBI.shp,1RaRhoUAVe2EkFRp35XFsDj9N8ZkQNktg,2.4 MB
geo-shapefiles,SIRGAS_SHP_LOTES_55_PARELHEIROS.shp,1Bv55bLkW3gTGAvqAU1BK0y9V1UtdrTnV,3.3 MB
geo-shapefiles,SIRGAS_SHP_LOTES_56_PARI.shp,1ie4TOdiq75hVclJB2Ui-GYwThZ_mwHib,1.2 MB
geo-shapefiles,SIRGAS_SHP_LOTES_57_PARQUE_DO_CARMO.cpg,1AM84aI9StYAUwr_dN6N8KE7s4TthyJh4,0.0 MB
geo-shapefiles,SIRGAS_SHP_LOTES_57_PARQUE_DO_CARMO.shp,1f7EhS-7wEfNH-dw8EI4SRJBL6yp35MXt,2.1 MB
geo-shapefiles,SIRGAS_SHP_LOTES_58_PEDREIRA.shp,1LmWChB25frsB8Q8nRi_lMzBcM2SC9R93,3.2 MB
geo-shapefiles,SIRGAS_SHP_LOTES_59_PENHA.cpg,1fJy9aEeNfI9ZK0OkRCmzCWWbGMABnCl1,0.0 MB
geo-shapefiles,SIRGAS_SHP_LOTES_59_PENHA.shp,1O7oNEVBy4IlRmlugybFszOWeV6-VNnlF,5.3 MB
geo-shapefiles,SIRGAS_SHP_LOTES_60_PERDIZES.cpg,1pZ5TWPULUVU6JfRBpaeKeOpqznCX2jtN,0.0 MB
geo-shapefiles,SIRGAS_SHP_LOTES_60_PERDIZES.shp,1AV69P69L2qIYoTm3UdJ53imUjbavA3ZW,3.8 MB
geo-shapefiles,SIRGAS_SHP_LOTES_61_PERUS.cpg,1cZa2f_HZWH0Dj2dFIPuE_YZPW0H1Ay96,0.0 MB
geo-shapefiles,SIRGAS_SHP_LOTES_61_PERUS.shp,1hlEMOur9rGAUCK_Qwjv3jvVUXU8XlyHn,2.9 MB
geo-shapefiles,SIRGAS_SHP_LOTES_62_PINHEIROS.cpg,1uGXS16lLvzlgJWpdyLcfG4HfZxR5Eig-,0.0 MB
geo-shapefiles,SIRGAS_SHP_LOTES_62_PINHEIROS.shp,1Z-_JRStOf9n9wYNWTWRtJlnnsqktg5tg,3.5 MB
geo-shapefiles,SIRGAS_SHP_LOTES_63_PIRITUBA.cpg,1qvP6opEpfvWLZQbG-VdGk5gAZJJf7F6v,0.0 MB
geo-shapefiles,SIRGAS_SHP_LOTES_63_PIRITUBA.shp,1PHPP3kF1rnEdktxxdk7L0tQ-CUUcdj59,9.2 MB
geo-shapefiles,SIRGAS_SHP_LOTES_64_PONTE_RASA.cpg,1tbVJvIZdPBinruXVRnH5S7R2OAcWPSiE,0.0 MB
geo-shapefiles,SIRGAS_SHP_LOTES_64_PONTE_RASA.shp,1wOh21k6MOj0ci8o1R7XcEYE9f2y8NFrx,3.4 MB
geo-shapefiles,SIRGAS_SHP_LOTES_65_RAPOSO_TAVARES.cpg,142Txax4yH5Y_Vx7p7K6T0u9G1ctlqGKt,0.0 MB
geo-shapefiles,SIRGAS_SHP_LOTES_65_RAPOSO_TAVARES.shp,12FA_ZikxJL0_qRiPPBvZmywVKQjJtZX1,3.1 MB
geo-shapefiles,SIRGAS_SHP_LOTES_66_REPUBLICA.cpg,1lY-iv2Ds6ycpG5DCAR3QK5evnIG6C-hv,0.0 MB
geo-shapefiles,SIRGAS_SHP_LOTES_67_RIO_PEQUENO.cpg,1KPANSI-3vrOPbmLDVpavFUJAF4p-NwtV,0.0 MB
geo-shapefiles,SIRGAS_SHP_LOTES_67_RIO_PEQUENO.shp,1xu9ODzhZvqdvQuQUUJdYelZDI6ONzRBv,4.9 MB
geo-shapefiles,SIRGAS_SHP_LOTES_68_SACOMA.cpg,18bkQFmS6oCGjcVR99iAsrFISW437pARe,0.0 MB
geo-shapefiles,SIRGAS_SHP_LOTES_68_SACOMA.shp,1PKyod6BF1FMXd6XjMpsGv_SJfNRzRrd2,7.4 MB
geo-shapefiles,SIRGAS_SHP_LOTES_69_SANTA_CECILIA.cpg,1cfOnZ3qmpDmjuQhquQLitUT85NDzQ4F-,0.0 MB
geo-shapefiles,SIRGAS_SHP_LOTES_69_SANTA_CECILIA.shp,1p5AWmJj8R_Ihcz0LaOOgmei9wE2YPzZU,1.4 MB
geo-shapefiles,SIRGAS_SHP_LOTES_70_SANTANA.cpg,1DqVy_YrIJ-MaK_NH8X8r5Ts8m1d3AHPN,0.0 MB
geo-shapefiles,SIRGAS_SHP_LOTES_70_SANTANA.shp,12QZYmijO9IM0JoV2t_JEU94krCad_2r7,6.1 MB
geo-shapefiles,SIRGAS_SHP_LOTES_71_SANTO_AMARO.cpg,1xvidK_pYLxL0zcsdc__qVq-YCccIe7HL,0.0 MB
geo-shapefiles,SIRGAS_SHP_LOTES_71_SANTO_AMARO.shp,1yJRyY4L_Fy6cUulOb91Lvun9agi6tK86,5.1 MB
geo-shapefiles,SIRGAS_SHP_LOTES_72_SAO_LUCAS.cpg,1faC3uBUqtf1NGdx0wvm7jhCsa98WdKqq,0.0 MB
geo-shapefiles,SIRGAS_SHP_LOTES_72_SAO_LUCAS.shp,1n_8uJ_2YO-52grXBqLJqrm3AFlDpPMsA,5.0 MB
geo-shapefiles,SIRGAS_SHP_LOTES_73_SAO_MATEUS.cpg,1hNEsLDeCM1JMUfmlefQhbzhVE4od2q4X,0.0 MB
geo-shapefiles,SIRGAS_SHP_LOTES_73_SAO_MATEUS.shp,145V1bSAnX0g70-n3EPmVtSGoG-eOqABR,4.8 MB
geo-shapefiles,SIRGAS_SHP_LOTES_74_SAO_MIGUEL.cpg,1QCD4RbojOSV1KY9DARFdh1u9_ZspBm6Z,0.0 MB
geo-shapefiles,SIRGAS_SHP_LOTES_74_SAO_MIGUEL.shp,1svGIZ--MdInwbmK41Z5PVdAmRbd_VTut,3.1 MB
geo-shapefiles,SIRGAS_SHP_LOTES_75_SAO_RAFAEL.cpg,1j7SXNgKGF6SV_K4g1gC7bQe8yu-az92s,0.0 MB
geo-shapefiles,SIRGAS_SHP_LOTES_75_SAO_RAFAEL.shp,1FMhH5HxinG25xrWf1oUVN09xIrlSQwDh,2.7 MB
geo-shapefiles,SIRGAS_SHP_LOTES_76_SAPOPEMBA.cpg,1xIPee6JRr_FcCMIHKyzdp-s9n4Vwdn4T,0.0 MB
geo-shapefiles,SIRGAS_SHP_LOTES_76_SAPOPEMBA.shp,16Y2m5he9ny16kpPcIPOWaCruhTUjH0RT,7.2 MB
geo-shapefiles,SIRGAS_SHP_LOTES_77_SAUDE.cpg,1WH8pm-8Rll-gENuAvCcAqb_FV5loPAio,0.0 MB
geo-shapefiles,SIRGAS_SHP_LOTES_77_SAUDE.shp,1bbqp9UId-K3ObeUEXaV6K-ach3mjvOxV,5.7 MB
geo-shapefiles,SIRGAS_SHP_LOTES_78_SE.cpg,1bukkA1yC1uvgpuE06XIy80ooSrLL7rDh,0.0 MB
geo-shapefiles,SIRGAS_SHP_LOTES_79_SOCORRO.cpg,1t_V0JXd2obS3LQn0JtF91lEZM4-9xW7d,0.0 MB
geo-shapefiles,SIRGAS_SHP_LOTES_79_SOCORRO.shp,18-L1FvZ9xK51X1Wib0LVc2PfQtos4BeU,1.9 MB
geo-shapefiles,SIRGAS_SHP_LOTES_80_TATUAPE.cpg,1zTbM-1npNoCt5xx-UQ4gscJRr2z4EtwN,0.0 MB
geo-shapefiles,SIRGAS_SHP_LOTES_80_TATUAPE.shp,1vZ8qH8LisMyMRH_J1ex5CRzaAeWQfl_l,4.4 MB
geo-shapefiles,SIRGAS_SHP_LOTES_81_TREMEMBE.cpg,1TT01AglMypnG_uIIYyT3wmoYpgy4Wj6K,0.0 MB
geo-shapefiles,SIRGAS_SHP_LOTES_81_TREMEMBE.shp,1Xo15K46ffuEct7JxqUb5LpmFJWEn8Nws,7.7 MB
geo-shapefiles,SIRGAS_SHP_LOTES_82_TUCURUVI.cpg,1tNyKu7_jvBiGuJVnjbPcuTb_OQ4RNqkw,0.0 MB
geo-shapefiles,SIRGAS_SHP_LOTES_82_TUCURUVI.shp,1TS6PCWtWDK_WRklEAoC-eXaA1gbRAxqO,6.4 MB
geo-shapefiles,SIRGAS_SHP_LOTES_83_VILA_ANDRADE.cpg,1FqzSYgJSvxMaF2U7GmmvrjZVdtA8eAFo,0.0 MB
geo-shapefiles,SIRGAS_SHP_LOTES_83_VILA_ANDRADE.shp,17IqAc-S6l3Nszqswk0A4iyvrsACYc-ec,1.7 MB
geo-shapefiles,SIRGAS_SHP_LOTES_84_VILA_CURUCA.cpg,1VNTq2wFxsdMr_1UTV3wlS9mBAvudqsR0,0.0 MB
geo-shapefiles,SIRGAS_SHP_LOTES_84_VILA_CURUCA.shp,1EprsZ5IYqlhZrDNO3O8zSpESLQRH9jki,4.8 MB
geo-shapefiles,SIRGAS_SHP_LOTES_85_VILA_FORMOSA.cpg,101IZhOOzGu8yWoaA273eFAL4FEsF9xgp,0.0 MB
geo-shapefiles,SIRGAS_SHP_LOTES_85_VILA_FORMOSA.shp,1a6oSTqVdEfT1G9TiQ8XH0HeoT8XwO4HP,4.7 MB
geo-shapefiles,SIRGAS_SHP_LOTES_86_VILA_GUILHERME.cpg,1z6_rUUaLWE2y26u3L7AfL06hGS4S2vz0,0.0 MB
geo-shapefiles,SIRGAS_SHP_LOTES_86_VILA_GUILHERME.shp,1mX_rZgWR0BqSUMvD-L0R4x9i72FE1e_L,3.8 MB
geo-shapefiles,SIRGAS_SHP_LOTES_87_VILA_JACUI.cpg,1AHFkXkEcOm7ZXherKPNzZNirVrtRBPdF,0.0 MB
geo-shapefiles,SIRGAS_SHP_LOTES_87_VILA_JACUI.shp,1fLlcs5iKd94XxK-eb-IhVGYEWxzR-EkZ,3.0 MB
geo-shapefiles,SIRGAS_SHP_LOTES_88_VILA_LEOPOLDINA.cpg,1D2gCtB7tgktMkArnCdndXCvo3ey2xtD-,0.0 MB
geo-shapefiles,SIRGAS_SHP_LOTES_88_VILA_LEOPOLDINA.shp,1uD5YJhqLtsMEzGIHEXOHJlgywcfm4rma,1.6 MB
geo-shapefiles,SIRGAS_SHP_LOTES_89_VILA_MARIA.cpg,1cnUxpN8PQtfUr7_f1QWIn0Bh0xe88V-y,0.0 MB
geo-shapefiles,SIRGAS_SHP_LOTES_89_VILA_MARIA.shp,1JRizcJ6cK0wueTvVY2sJp5OFKswdXXsQ,5.2 MB
geo-shapefiles,SIRGAS_SHP_LOTES_90_VILA_MARIANA.cpg,1CsTqoHKAxTXvunxlNxNBAd0OfaF0Zb4K,0.0 MB
geo-shapefiles,SIRGAS_SHP_LOTES_90_VILA_MARIANA.shp,1xCdKMS_NVb4zKUD1Gi60UMJ8xYU_l0v3,4.3 MB
geo-shapefiles,SIRGAS_SHP_LOTES_91_VILA_MATILDE.cpg,1BeLw8VxIGtdKgbM5vK2CrJZJPaQMwO_S,0.0 MB
geo-shapefiles,SIRGAS_SHP_LOTES_91_VILA_MATILDE.shp,1d6T4xqk9pJssMbSSTbruRoYWamAGHZd8,5.5 MB
geo-shapefiles,SIRGAS_SHP_LOTES_92_VILA_MEDEIROS.cpg,1bvTWNnM0i10uPcmzLmaVBYSIEjvar4n4,0.0 MB
geo-shapefiles,SIRGAS_SHP_LOTES_92_VILA_MEDEIROS.shp,19LeU-v7KhEzUqUIRfU_ag6lqZr12PfaY,6.2 MB
geo-shapefiles,SIRGAS_SHP_LOTES_93_VILA_PRUDENTE.cpg,1k7dWQnUiDP4SA-2b0cqaZH1xn_2lMZyz,0.0 MB
geo-shapefiles,SIRGAS_SHP_LOTES_93_VILA_PRUDENTE.shp,1_ub3QYvVL4evEAjcLshWaCulfqDx-KSC,4.4 MB
geo-shapefiles,SIRGAS_SHP_LOTES_94_VILA_SONIA.cpg,1XoLIjyMLOe6RjBnyp0_Hn6z0ukrc1he4,0.0 MB
geo-shapefiles,SIRGAS_SHP_LOTES_94_VILA_SONIA.shp,1XkB_2eW4u4KBAt4tKYwsWXcakco5AwbA,4.5 MB
geo-shapefiles,SIRGAS_SHP_LOTES_95_SAO_DOMINGOS.cpg,1UmiZxDGYHBXoVUMwu0fh5FvorFHZU0ZZ,0.0 MB
geo-shapefiles,SIRGAS_SHP_LOTES_95_SAO_DOMINGOS.shp,1J8WsRyenYmvZjIzty_7_BfP5bSt6_8Ki,5.5 MB
geo-shapefiles,SIRGAS_SHP_LOTES_96_LAJEADO.cpg,11ENoXVqE2vwLPnRV5WthJK9Acz6mXqMg,0.0 MB
geo-shapefiles,SIRGAS_SHP_LOTES_96_LAJEADO.shp,1xhpn8dIAH_CpJwiiOru39dw8nKX20XS3,3.8 MB
geo-shapefiles,SIRGAS_SHP_PLANO_DIRETOR_DRENAGEM.cpg,1NNgCwbalBxqbiajwAxASzPDjA2n_KNeB,0.0 MB
geo-shapefiles,SIRGAS_SHP_PLANO_DIRETOR_DRENAGEM.dbf,1Dpen8VAWRxx475IYP2GIRC9vRi94Fyxe,0.8 MB
geo-shapefiles,SIRGAS_SHP_PLANO_DIRETOR_DRENAGEM.prj,1hK7XUSexcYWyCTFXYUp1do84UtQmUyIX,0.0 MB
geo-shapefiles,SIRGAS_SHP_PLANO_DIRETOR_DRENAGEM.shp,1Zptlf7Wk-kaVMo_oygWJJw0TIngGh51P,0.2 MB
geo-shapefiles,SIRGAS_SHP_PLANO_DIRETOR_DRENAGEM.shx,1gjS1Z7ujF7rdq6Fksv_Eg1zBI7Dtd8lm,0.0 MB
geo-shapefiles,SIRGAS_SHP_quadraMDSF.cpg,17EK318mHaIqnV6zngNqsKWfHLsG7mOus,0.0 MB
geo-shapefiles,SIRGAS_SHP_quadraMDSF.dbf,1i9u5aP1opomn6yLh64Kk2NQEVjDIUckJ,22.9 MB
geo-shapefiles,SIRGAS_SHP_quadraMDSF.shp,1jQK8Xl5iXm_FlLmbd2sLtT9lTyfeMzcf,82.7 MB
geo-shapefiles,SIRGAS_SHP_quadraMDSF.shx,1fwPoaQUmB6wiYnV3KfWiRR_0e2idUbk1,0.5 MB
geo-shapefiles,SIRGAS_SHP_restricaomirantesantana_polygon.cpg,1bRFOwuRvftDmNxk9nLwkggCo0XXDSroN,0.0 MB
geo-shapefiles,SIRGAS_SHP_restricaomirantesantana_polygon.dbf,1aU-7mwSaDNVpGQyjy8-rbV608evLfpln,0.0 MB
geo-shapefiles,SIRGAS_SHP_restricaomirantesantana_polygon.shp,14XlL8QuHzLOMXCC4HhTOA-sWB78aSrmi,0.0 MB
geo-shapefiles,SIRGAS_SHP_restricaomirantesantana_polygon.shx,1GLfmJGkpRirjmW3piUTuZNMO6s_IzUtN,0.0 MB
geo-shapefiles,SIRGAS_SHP_setorfiscal.cpg,1KpeyXXyOwk1itnRe2VLZqtjKPqU43i0M,0.0 MB
geo-shapefiles,SIRGAS_SHP_setorfiscal.dbf,1yBrq0PLEexKnnvjmE4bgxBlIp7fcsKTE,0.0 MB
geo-shapefiles,SIRGAS_SHP_setorfiscal.shp,1vf06UAdDLi7aNzBnOGb_74c-PyzuOmYH,5.5 MB
geo-shapefiles,SIRGAS_SHP_setorfiscal.shx,1nYDvls-p1wf4VSTtarK82r3MoJ5G9yF7,0.0 MB
geo-shapefiles,Tabela VI - Tipos e padrões de construção - Lei 16768-2017.tgz,1PgtgfPMxPc_S7k4vIh4o-jsj0VaYkyNu,0.7 MB
geo-shapefiles,tabela_2025_Retificado_em_12-02-25.pdf,1lkzW2nPJsGS-55EfVlBQPLUArc7xdgFh,0.7 MB
geo-shapefiles,Transferência do Direito de Construir - Secretaria Municipal de Urbanismo e Licenciamento - Prefeitura.pdf,1Wyh9ZL0BZDhPqT5-RL0IH9Ok0eMGjcSy,0.5 MB
geo-shapefiles,Transferência do Direito de Construir - Secretaria Municipal de Urbanismo e Licenciamento - Prefeitura2.pdf,1qj-x3grT5O19SLvrQgCidkym2wM5onki,0.5 MB
